date,rvol_5d,rvol_10d,rvol_20d,vix,vvix,skew,iv_rv_spread,vix_term_slope,vix_term_inverted,vix9d_vix_ratio,credit_spread,dxy_mom_5d,dxy_mom_20d,spy_ret_1d,spy_ret_5d,spy_ret_10d,spy_ret_20d,dist_from_ma,volume_ratio,max_drawdown_5d,consec_down_days,max_move_20d,days_to_fomc,earnings_season,days_to_opex
2022-01-03,-0.0007456960363565261,-0.0005312119901872961,0.002314489196518297,-0.06273115054112856,0.0856877866476372,-0.012279771114665735,0.0012616493869080981,-0.212113665102284,0.0,-0.1456058103094563,-0.023467541793929677,0.03919640951487956,-0.0001723913627779013,-0.0013237765200366204,0.0026742393083171996,-0.0005621477905914806,-0.04419465617040941,-0.021637106431474987,-0.003864783831722125,0.00036745725299405123,0.0,-0.005595373831678494,0.0022624781166451008,0.0,0.047079927473474725
2022-01-04,-0.000715425736520239,-0.0005312119901872961,-0.0003130943500887947,-0.055349642443960706,0.09021165600857188,-0.012840258197157797,0.0012616493869080981,-0.23690325717509073,0.0,-0.14404503908171948,0.009966218865840558,0.03919640951487956,0.0010800027226618234,-0.003449883134207219,0.00036967815970598484,-0.0005389845903536251,-0.054631491386482066,-0.02099273653831692,-0.0039688413346253455,-0.00018820981250914818,0.0,-0.0056498496732736775,0.003560491788957985,0.0,0.0033195705156422394
2022-01-05,-0.004171637855438914,-0.016495430929928227,0.0049636731639601675,0.3281783518736807,0.09772900478728143,-0.012166873805634274,0.0007031461723704029,-0.26739528062906,0.0,-0.1556887848450973,0.027486147721819624,0.017682110946949405,-0.00036954449722050107,-0.0003643870176528414,0.013031197617947068,0.0035726193958559166,0.060180979709136655,-0.00607325437926995,-0.022708308374233887,-0.0005273911389533369,0.0,-0.0037017297067591646,-0.019013745801399227,0.0,0.005503366334435324
2022-01-06,-0.0038430209184786104,-0.016524058312524542,0.0045903899172520185,0.32366432332904127,0.12472948491348161,-0.012816335386217586,0.0007031461723704029,-0.24452919604419268,0.0,-0.1361286378204781,0.02368794059730485,0.016972523138463935,0.00034619383178590254,-0.0030611898753917324,0.013031197617947068,0.006067727490212217,0.057265199687532554,0.04452695136497194,-0.026275308379467233,-0.0001977447159720303,0.0,-0.0030226866057688137,-0.045052021144138775,0.0,0.003706227448480096
2022-01-07,-0.0038783855352377754,-0.00011480779987871197,0.0021058514337378847,-0.045126511661350135,0.11946817254722338,-0.01632837848497174,0.0012616493869080981,-0.2219323438738028,0.0,-0.13227971365101712,0.018150118960234014,0.04093176363470525,0.0024517137504433233,-0.0008879042428147468,0.0016018288226923418,0.004237074908309421,0.05159061431859826,0.04630419605059309,-0.020708644426710065,-0.0001977447159720303,0.0,-0.003349182945621318,-0.03643527536401089,0.0,0.0044343831146317165
2022-01-10,0.006132828082235327,0.0036731570772751366,-0.0004301240009412427,-0.07101241892235405,0.16964729042434248,-0.016130293952828407,0.0012616493869080981,-0.09162894374736666,0.0,0.02897502136284642,0.013974923499142975,0.063676248748323,-0.0002804830210345949,-0.004584947576730864,0.0016966850349351753,-0.04465139713894084,0.14844677360686762,0.04476061929843917,-0.03482653555917749,-0.0001977447159720303,0.0,-0.003460181826308092,-0.034141519151891946,0.0,0.0035463432788015153
2022-01-11,-0.014237338983072651,0.00026760826829415644,-0.0018682403170720819,-0.06826955083563525,0.11031357201523471,-0.015111402094166351,0.0012616493869080981,-0.21842639982903772,0.0,-0.10594642602002671,0.020489238074286313,-0.0012830132414328541,0.0018235912513950379,0.0016508060332557735,0.0016018288226923418,0.0036947786041919115,0.07220869350996661,-0.01144493296758475,0.007118853878892214,0.0003860730168977736,0.0,-0.004038926504081304,-0.04189468113730833,0.0,0.0042416380243411825
2022-01-12,0.0003841892075739952,-0.0005709306866870086,0.0009696549389851039,-0.08118852391513465,0.08144841408477173,-0.017106725568670725,0.00061990631686347,-0.20951628758357738,0.0,-0.14478782082966166,0.013662243870314023,-0.017041075460277517,0.0036661557530508074,-0.00012055343838162792,-0.00039350206998895956,0.01034516655323691,-0.05270003160773963,-0.02488073150574053,-0.004926153006548106,0.0003860730168977736,0.0,-0.005628287086046385,-0.01824729905306321,0.0,0.0037329467004248926
2022-01-13,0.006149440238503803,-0.013118509503543561,-0.001173695515456798,0.37283030536212053,0.16063248928227825,-0.00924085451847082,0.00042782083869565625,-0.1295917241871501,0.0,-0.008296905191249088,0.018095345964885087,-0.02627895177222833,0.0006907118758735445,-0.0012344863211053538,0.014205926744262382,-0.045312429676282504,0.15057490060489873,0.04201906768733881,-0.026467955560097976,-0.0001977447159720303,0.0,-0.003515855921378004,-0.0468233714614532,0.0,0.0029875439060022243
2022-01-14,-0.002807314165184261,-0.0012513973543025977,6.378385723083758e-05,-0.1085615951560045,0.11479967392452955,-0.016130293952828407,0.0012616493869080981,-0.2300331741529845,0.0,-0.07394183815857018,0.017052258135415575,0.0008388739763457143,-0.00038292162806824687,-0.004584947576730864,-0.004551245664052579,-0.017708143111938177,0.05504922549063334,0.04630419605059309,-0.03485410596853075,-0.0001977447159720303,0.0,-0.004981507029752963,-0.056059517045455406,0.0,0.0051365418412957385
2022-01-18,-0.00776766189967144,-0.008383482589311046,0.014231133107293278,0.24859728106943724,0.15658002104978075,0.0010940553957376154,0.0018010706516200688,-0.2089066889046137,0.0,0.02971339454273103,0.024568720704303038,0.029662951175048614,6.0991722054894324e-06,0.0023873580736227433,0.014418185270828264,0.048249369106128495,0.04326300082105591,0.009288039982457722,-0.001487245155775433,-0.0001977447159720303,0.0,-0.0038181317968009752,-0.01500742103175748,0.0,0.010572356776310738
2022-01-19,0.004145755780800518,-0.008383482589311046,-0.0009227443185316897,0.3584918382353959,0.20623108122185266,-0.028675795474850142,0.0018010706516200688,0.40686679753807753,0.0,0.05065621183728301,0.03591409739884315,0.03066479321174484,0.0011287856873909935,0.0027853832319018716,0.004357751302582185,0.05545050836268474,0.04308002759275114,0.0071430124440458815,-0.0009448866502435421,-0.0001977447159720303,0.0,-0.0029975769664051448,-0.011559013907989609,0.0,0.015873569906670958
2022-01-20,0.008961180964834715,-0.008383482589311046,0.0002166991013749037,0.4156824037372145,0.18667163809388326,0.005633863932660448,0.0008054289582181014,0.40468835926691865,0.0,0.04196677186227515,0.03581661459649305,-0.02791251998322681,4.1384883106829494e-05,0.00017221691432345302,0.004357751302582185,0.05545050836268474,0.0583351207320439,0.015203230463553069,-0.002283563286688097,-0.0001977447159720303,0.0,-0.0028811786268713078,-0.009854001792803452,0.0,0.017860929651572124
2022-01-21,0.00852112355485165,-0.008383482589311046,-0.004152830796655327,0.43534477030404367,0.18447683108455395,-0.029746700541958954,0.0008054289582181014,0.39214278280084486,0.0,0.04051897096221991,0.03387145116635337,-0.014475802229171953,4.1384883106829494e-05,0.00017221691432345302,0.004357751302582185,0.05545050836268474,0.05846868464613602,0.013911060405036719,-0.002283563286688097,-0.0001977447159720303,0.0,-0.002747614712779194,-0.011559013907989609,0.0,0.017860929651572124
2022-01-24,0.005733593125825701,0.0169795226832277,-0.022465431226271145,0.4750364843067969,0.18004921247304706,-0.028113764352949978,0.0008054289582181014,0.3749543631332577,0.0,0.022682413499379536,0.01611321290351457,-0.007407962341374659,3.431308129904739e-05,-0.00044462883350994105,0.004357751302582185,0.060823853603039546,0.058363277622149747,0.02400171308134267,-0.0033948594890343205,-0.0001977447159720303,0.0,-0.0020024949057614928,-0.01181603965334637,0.0,-0.03504537293098531
2022-01-25,0.006422419378487109,0.013686217196700863,-0.023201979922227414,0.4717681951542467,0.1922040700522014,-0.028096278245966996,0.0018010706516200688,0.3854715496749336,0.0,0.03579066647046934,0.007579542551523644,0.026465743953057994,0.000134344214635232,0.0027853832319018716,0.003410291145579645,0.060823853603039546,0.04925740166062739,0.02400171308134267,-0.005851257205496146,-0.0001977447159720303,0.0,-0.0020024949057614928,-0.010966586586168748,0.0,-0.043388713379511466
2022-01-26,0.005624004812676091,-0.011661925821266477,-0.023201979922227414,0.5132705343933636,0.18715045268634362,-0.025105904941409785,0.0008054289582181014,0.37196028877677517,0.0,0.03515505696491038,0.0020247987067909773,-0.019919509548008217,1.3458507146106969e-05,-0.002317462449201814,0.003410291145579645,0.060823853603039546,0.04912383774653528,0.02400171308134267,-0.0033948594890343205,-0.0001977447159720303,0.0,-0.002136058819853606,-0.00926157447098259,0.0,-0.03457851151415078
2022-01-27,0.0031944076955290807,-0.012365149793809111,-0.027106013566272683,0.5211502388868223,0.17532863036718252,-0.024879678329727928,0.0008054289582181014,0.378604943897787,0.0,0.030488956062941486,0.004884398754944629,-0.057418959817036055,0.004905389500243193,-0.00045771075734844297,0.002245288573603301,0.060823853603039546,0.05309468302462556,0.026623812373693347,-0.0043922407149667025,-0.0001977447159720303,0.0,-0.00403808196518438,-0.0013033487640881519,0.0,-0.028095129314474727
2022-01-28,-0.0028974853099836013,0.017782915663706867,0.03940147828422672,0.4244851900772164,0.16957757465534287,-0.01454110351841232,0.0008054289582181014,0.3914330973024329,0.0,0.03781463438956432,0.03478736861048658,-0.04801184744485784,0.005469801944182075,0.020125094646419834,0.0016519176468486,0.06658420810662433,0.06234195162556019,0.019395456770534572,-0.0013113768172566232,0.0003860730168977736,0.0,-0.009749701769800697,0.0007963806797754596,0.0,0.011923141572063032
2022-01-31,0.002595829483067459,0.014881188941519472,0.036712629592418625,0.4862918535625976,0.17774909442822123,-0.013375853675132643,0.0008054289582181014,0.3548339264697706,0.0,0.029412690089848256,0.029694909317565965,-0.005421619881689388,0.005469801944182075,0.020125094646419834,-0.0022564241947051816,-0.06409652515789034,0.05570611840157763,0.01025951537150011,-0.001754044251720498,0.0003860730168977736,0.0,-0.014858098301216698,0.0006275420753052503,0.0,0.02139960576288152
2022-02-01,-0.007213965189053219,0.019348847159973783,0.020440673967116196,0.2385558947541725,0.1736432093017176,-0.007905619390054037,0.0018010706516200688,-0.07975462672131585,0.0,-0.048092161681751594,0.02822644740367727,0.04723340893293168,-0.001172716331606454,-0.00036748812635189413,-0.010344931552748201,-0.012682493859899339,0.10001087249728288,0.02069751316983161,0.02274886305744886,0.0003860730168977736,0.0,-0.0138461819241681,-0.013062168485453409,0.0,0.014324303638155868
2022-02-03,0.0018066719313764165,0.019348847159973783,0.03529960638356801,0.4952477139412198,0.1944571854083088,-0.015959960608735994,0.0008054289582181014,0.372699288157223,0.0,0.0388146419856965,0.047185649582302244,-0.013418080784880262,0.0012743297004647067,0.001978915834215574,-0.0022564241947051816,0.008234257891004033,0.05703324849688149,0.011527471211938435,-0.010012298495929408,-0.0001977447159720303,0.0,-0.012630746529370353,0.0003604414356969731,0.0,0.009636632362899163
2022-02-08,-0.007664305390702247,0.01935517738708832,0.016503750307948838,0.32781696354085926,0.17522812458277556,0.0006437853476276539,0.0007031461723704029,-0.06824918916358107,0.0,0.021456338259774367,0.027683056558419846,-0.021140448522112512,0.0001350073944868924,0.002386550074697666,0.006011518498837719,0.018770461915662496,0.15555051522198424,0.11025221193674253,0.01755421189336425,-0.00021840869417056035,0.0,-0.008576698467629517,0.07785928745618115,0.0,0.007675647933228564
2022-02-09,-0.006111356635615624,0.01935517738708832,0.016503750307948838,0.28338211661667667,0.14952108036242673,0.0018312453122331996,0.0007031461723704029,-0.09685226287898667,0.0,0.020543862910622962,0.035001152082969784,-0.02172164736175301,0.0001350073944868924,0.01431456982834988,0.016827880008506713,0.007783140590092551,0.1530899526762956,0.11036406006715441,0.017049225278676753,0.000426416974332999,0.0,-0.008576698467629517,0.09992914635253065,0.0,-0.0008683795598599943
2022-02-10,-0.0065308196294930065,0.020830893357970285,0.028807166459641077,0.38889007348670496,0.19653769972900245,0.0041945424546647875,0.0018010706516200688,0.37464473441755863,0.0,0.04053516226133077,0.05004975302317158,0.03133593820475202,0.0012576939096723965,0.0011071275899770866,0.0010707375389771253,0.010784949172836365,0.06180441502995469,0.014469938551048781,0.00020807649069174537,-0.0005273911389533369,0.0,-0.01275511950195036,0.020717493109172057,0.0,0.012000939943043921
2022-02-11,0.001857587406649741,0.01684112791933584,0.029507049507252067,0.4789849759011711,0.18226050309044722,0.0036652160516783042,0.0008054289582181014,0.355578300069502,0.0,0.03094421363483854,0.0190547463944614,-0.012581127552379901,0.0067163400196761395,-0.0015060387276013285,0.0030129050338290313,0.007978776217891632,0.06626384306137109,0.031039166279317153,-0.002283563286688097,-0.0001977447159720303,0.0,-0.013284215864582494,0.026746762501206826,0.0,0.009830823211772114
2022-02-14,0.002776250891323199,0.01237346970088153,0.029507049507252067,0.49723069959713323,0.18107998817696128,0.0030447270975356025,0.0008054289582181014,0.3305980214320126,0.0,0.02085784313798994,0.023530479781384277,-0.02110993423801007,0.006777525670275421,0.00030977753522693543,0.0030129050338290313,-0.06362580022895184,0.0686983250512999,0.024222231707756087,-0.0025292685415173187,-0.0001977447159720303,0.0,-0.013417779778674607,0.028259730026164227,0.0,0.0076582839795153795
2022-02-15,-0.002777716570230916,0.01684112791933584,0.029507049507252067,0.36902939114583266,0.1894889599148017,0.0034310783095334364,0.0018010706516200688,0.3219996798500922,0.0,-0.032745121359364,0.05464439669444738,0.022815491526033276,0.0012576939096723965,0.009730137282855413,0.0030129050338290313,0.00260562208977663,0.078317415644229,0.015047691064755871,-0.007507935198732506,-0.00011358596839983575,0.0,-0.011181237065316155,0.02492810297384894,0.0,0.009562365102854105
2022-02-16,-0.007980112597760181,0.009593269172636453,0.021781629666490467,0.42801836085715717,0.1683006710657446,-0.017223402522370517,0.0018010706516200688,0.2341507150595805,0.0,-0.17390996146506604,0.04760392620670866,0.02396459503852976,0.0019155374186588241,-0.0023945595506742853,0.004333144339909097,-0.030046623287994005,0.06803386178317744,0.03147562828245656,-1.8783493753161474e-05,-0.00011358596839983575,0.0,-0.009755719529134826,0.012819797813517686,0.0,0.004637413304957098
2022-02-17,-0.0028289210203904457,0.01237346970088153,0.03529960638356801,0.4520950221339081,0.18477949390960952,-0.017879930608435138,0.0018010706516200688,0.36027193190243323,0.0,0.034360588589709286,0.018253377114703328,0.03136123048251185,0.001288790799267214,0.010508278392818319,0.004177907605805377,-0.06266238655455844,0.060633623514902334,0.02705987605117033,-0.002242019165933428,-0.00011358596839983575,0.0,-0.011181237065316155,-0.00577078276207095,0.0,0.008276805693827926
2022-02-18,-0.007852929515417153,0.01237346970088153,0.020323660445095888,0.3936869555742966,0.19885032568138683,0.004054435055066852,0.0018010706516200688,0.282742962838976,0.0,-0.112302694237741,0.03538713562195466,0.029180016419092236,0.0012576939096723965,0.0027853832319018716,0.004333144339909097,-0.0566270908415199,0.07421461068410845,0.02281490350310717,0.003925732560269585,-0.0001977447159720303,0.0,-0.010898154844766113,-0.010413117207246107,0.0,0.0081344282896975
2022-02-22,-0.0047022316753067344,0.018604749317895537,0.04098175290145241,0.3744974283479004,0.1954383173876808,0.004433608823609909,0.0018010706516200688,0.4056466583458898,0.0,0.03980013331470308,0.04681750706523798,0.029001725009286862,-5.002981642095014e-05,0.0027853832319018716,0.0029567763679181213,0.058354464445358856,0.06120428366270738,0.01592818531343701,0.003710559257123207,-0.0001977447159720303,0.0,-0.005821142365354206,-0.00577078276207095,0.0,-0.015434735931167488
2022-02-23,0.005199219170511742,0.015311443831368704,0.03585191656383331,0.42989488328073244,0.20041348593201638,0.004114163895711132,0.0018010706516200688,0.42311875588932885,0.0,0.04053478753927037,0.017542943055064254,0.027648067531413918,0.00020936356961474728,0.0027853832319018716,0.002009316210915583,0.06489876878592413,0.04925740166062739,0.022522306200377897,-0.005851257205496146,-0.0001977447159720303,0.0,-0.005821142365354206,-0.005749194429123895,0.0,-0.016657436372067826
2022-02-24,-0.0021316779746149025,0.017472196142184367,0.04268211513337919,0.44469568114636193,0.1726098200112895,0.0003831408057162635,0.0008054289582181014,0.4059262996083762,0.0,0.041974886351202494,0.04681750706523798,-0.05986167689122601,-5.002981642095014e-05,0.005513013545955347,0.0029567763679181213,0.058354464445358856,0.057966660623813206,0.015769236238535586,-0.0033948594890343205,-0.0001977447159720303,0.0,-0.005954706279446319,-0.00810557746426877,0.0,-0.005980754722773709
2022-02-25,0.006636613081399072,0.016349470011491063,0.01828883651516686,0.3740316827799696,0.20022734817723994,-0.016486796721868376,0.0008054289582181014,0.2954374831336344,0.0,-0.04428316228624127,-0.0379646771793916,-0.0037706916431207225,-0.003244806727400841,0.01904996655387119,0.01749437389804042,-0.05586347296116328,-0.009690221742625368,0.01573095386511766,0.007701231390283538,0.0003860730168977736,0.0,-0.013005081755576312,-0.009980903627047824,0.0,0.011301250335797276
2022-02-28,0.007214807246795294,0.02080226597537397,0.036712629592418625,0.4756406336359783,0.19708732239810098,-0.016109604539062294,0.0008054289582181014,0.37267483099999343,0.0,0.04446050994561773,0.047805651796688164,-0.010640231165807515,-5.002981642095014e-05,-0.002317462449201814,6.106864326429469e-05,0.005598545383393489,0.056898892321492096,0.008168277954067535,-0.0012861820607557152,-0.0001977447159720303,0.0,-0.01275511950195036,-0.006698053844740446,0.0,0.022685165171907707
2022-03-01,0.00805143355935298,0.012733318059397135,0.040436583467185316,0.5887343930985712,0.1787181552689341,-0.014827274488270863,0.0008054289582181014,0.3893568487743633,0.0,0.03145350182902672,0.0029869839463453236,-0.052020794923569945,0.0002484829740018431,0.00017221691432345302,0.001018138974707413,-0.06366397323778789,0.05045358303074768,0.02343570730636015,-0.002283563286688097,-0.0001977447159720303,0.0,-0.012888683416042475,-0.010759684542525893,0.0,0.012076244783746958
2022-03-02,0.006241488770859221,0.012733318059397135,0.040436583467185316,0.5414487415784531,0.18167238793720977,-0.01656653611126892,0.0008054289582181014,0.38775105951499467,0.0,0.035554892541064025,0.030462015326892373,-0.04239904048958911,0.005729195330217773,0.019485006851011257,-0.0033793958551019718,-0.04090087841093953,0.050899538319306395,0.005451869139609018,0.008386557921197735,0.0003860730168977736,0.0,-0.014991662215308812,-0.01158754927675646,0.0,0.012076244783746958
2022-03-03,0.002707886150134096,0.013041302270392824,0.033598767423774024,0.6007214304743046,0.18628415200301746,-0.013383638525895952,0.0008054289582181014,0.3516492226083461,0.0,0.0326290329037933,-0.0014961424739447654,-0.010201929200441075,0.001213410320368936,0.0019880331771517205,-0.0033793958551019718,-0.06327580655349317,0.05275208581360609,0.004827375050464917,-0.004706901208735749,-0.0001977447159720303,0.0,-0.014858098301216698,-0.01246469665771205,0.0,0.00597028968809034
2022-03-07,0.00829014160023644,-0.009235947154169293,0.03628761611558212,0.6116714789813767,0.17726651711788569,-0.013572613522013301,0.0008054289582181014,0.39929103703638263,0.0,0.040542944775963916,0.0028505578219887905,-0.035289446497195474,-0.008349040056197748,0.00017221691432345302,0.003230447448802837,0.022562550950513127,0.05055535390166161,0.021409462361022404,-0.002283563286688097,-0.0001977447159720303,0.0,-0.013417779778674607,-0.010110398758811083,0.0,0.006542042712706946
2022-03-08,0.0078858541848004,-0.014259829138677186,0.03628761611558212,0.6116714789813767,0.16982597801355329,-0.013572613522013301,0.0008054289582181014,0.3850125390721821,0.0,0.03155003846308496,0.0005456114364137464,-0.035289446497195474,-0.008349040056197748,0.00017221691432345302,0.003230447448802837,-0.06362580022895184,0.05055535390166161,0.021409462361022404,-0.002283563286688097,-0.0001977447159720303,0.0,-0.013417779778674607,-0.010110398758811083,0.0,0.006378253481308361
2022-03-09,0.0073717775561284405,-0.01378787056130356,0.033598767423774024,0.5812122399786688,0.16624899866780093,-0.015329131656243583,0.0008054289582181014,0.37107854201702434,0.0,0.04232593348789424,0.0028505578219887896,-0.008516891562841633,-0.008349040056197748,0.019485006851011257,0.003230447448802837,0.009497273013334707,0.05765302676729093,0.024712900185219468,0.009428597542798924,-0.0005273911389533369,0.0,-0.013284215864582494,-0.012643275608227807,0.0,0.00853524740730475
2022-03-10,0.007329336380188622,-0.05508306607571684,0.026771105364499483,0.5094174117268703,0.16152954369494057,-0.011486635612983886,0.0008054289582181014,0.35319724376772926,0.0,0.04048028067661635,0.018719068509491354,-0.009672122655580848,-0.008555270306426443,0.0019880331771517205,0.004177907605805377,0.006306477384674496,0.060633623514902334,0.02509481675643186,0.00013827891967906062,-0.00011358596839983575,0.0,-0.013284215864582494,-0.012581251808154408,0.0,0.005366891173301861
2022-03-11,0.007525218432777903,0.015296581576797301,0.02780621054745807,0.4658057670177563,0.21290593052308449,0.0008750445918888557,0.0008054289582181014,0.39344119705250213,0.0,0.04560305182201595,0.02407968771375964,-0.00968060346657519,-0.008295876920390745,0.0019880331771517205,0.002009316210915583,0.058856638415971954,0.04688672918892344,0.016708871722831413,0.00013827891967906062,-0.00011358596839983575,0.0,-0.008217309933869129,-0.011537425575042554,0.0,0.006134078919488929
2022-03-14,-0.002489884252195415,0.017060719913719987,0.033598767423774024,0.4605045523432256,0.21219840858322914,-0.0201707797517042,0.0018010706516200688,0.3987301140970586,0.0,0.04597456942854715,0.014982231297982818,0.027331908886762138,-0.00827211201667129,0.010508278392818319,-0.00029557065271744324,0.06004552976279595,0.04688672918892344,0.011868485842060624,-0.007087199294348238,-0.0001977447159720303,0.0,-0.009817093509644145,-0.010966586586168748,0.0,0.006826867893846534
2022-03-15,0.00034170683223664684,-0.05453352615535968,0.009701394701173977,0.39678627902017677,0.16787294073988152,0.00011337417295392243,0.0018010706516200688,0.32117818298471695,0.0,0.03658879891041586,-0.16271164138386207,0.018652906121165182,-0.006930206494819949,0.008024813001544711,-0.011216550221348596,0.00598671206768821,0.05824138984912999,0.013160655900576974,-0.012353115327147321,-0.0001977447159720303,0.0,-0.015059053955152262,-0.013765548636180666,0.0,0.008719019593934505
2022-03-16,0.0003173738362966339,-0.05453352615535968,0.011202335891170718,0.37900404688947203,0.15925373433385598,-0.015187175404461024,0.0018010706516200688,0.33626916963234355,0.0,0.037931570343258815,-0.15974588218736802,0.021609530735316407,0.0006041598701639011,0.009809821788737636,-0.011216550221348596,0.005165993463291031,0.056076450980363686,0.005292920064707599,0.0039868104946997746,0.0003860730168977736,0.0,-0.015059053955152262,-0.013765548636180666,0.0,0.011198532225047261
2022-03-17,-0.004231705981886049,-0.035513559584867585,0.014969047574480854,0.43183653184043197,0.1603502370895902,-0.017494261637987743,0.0018010706516200688,0.3090921715740839,0.0,0.0365543103986847,-0.150827702128147,0.003654917640237612,0.0005884174812367241,0.006028983404669475,-0.010206881325635764,0.009788296161808078,0.06955365543785186,0.012777304839374726,-0.012312718285052163,0.001029668414146992,0.0,-0.014858098301216698,0.020218900782906626,0.0,0.009175035845186232
2022-03-18,-0.00946900020024401,-0.035513559584867585,0.004503422389898598,0.28455828962547164,0.09137656870039514,-0.008118325765531183,0.0018010706516200688,-0.1522049077931412,0.0,-0.05753741962494169,-0.09458308957897163,0.0035278578085944875,-0.006511359531398607,0.004200361841106626,0.02544362901904837,0.006722431179945403,-0.056338030232380015,-0.01583056600410893,-0.005402081429968644,0.001029668414146992,0.0,-0.016988636686959303,0.023106354429587035,0.0,0.005966034598799128
2022-03-21,-0.0008451487189330501,0.012241009573545533,0.0025001239654384305,0.21064795050180166,0.0872191305787371,-0.008698741502393225,0.0018010706516200688,-0.180989649418756,0.0,-0.028662745290417038,-0.10006359940935691,0.005787451129331263,0.0002539603206152669,-0.002137748323515718,0.00043371722104697805,0.0015930932143220855,-0.04904057326107614,-0.002983424119262005,-0.006189162867359394,-0.00021840869417056035,0.0,-0.04575234184392148,0.0009259116259747284,0.0,-0.11456150499074237
2022-03-22,-0.0008451487189330501,0.012249105275823999,0.0025001239654384305,0.2587366771017468,0.09292493886481351,-0.008698741502393225,0.0018010706516200688,-0.13108581310225556,0.0,0.03797370797456472,-0.10006359940935691,-0.015680127848176455,0.0002539603206152669,0.004200361841106626,0.00043371722104697805,0.0028939414925604466,-0.08998461310055832,-0.006245648238719209,-0.004189126971975686,0.00021331788095160285,0.0,-0.04575234184392148,-0.001810104670138436,0.0,-0.11366461207159383
2022-03-23,-0.007838858001482707,0.015652607709226503,0.008857833135931956,0.27877607226811635,0.11768331889135976,-0.008681492823303398,0.0018010706516200688,-0.18586887412156375,0.0,0.03741364272513547,-0.018638267105944295,0.0311768971924555,0.0006563163072104926,0.010812110455198868,-0.03013124366371904,0.0015930932143220855,-0.05022190059107431,-0.002983424119262005,-0.000296748574872735,-0.00021840869417056035,0.0,-0.04575234184392148,0.0007570730215045191,0.0,-0.1128719431330075
2022-03-24,-0.008083042726966699,0.014184987440623,0.008857833135931956,0.31078971233521685,0.12770920948147005,-0.008948367679426687,-0.003712873707251586,-0.14802098608736675,0.0,-0.01969887903831068,-0.020093007929618458,0.02402669176999114,0.008190682672194345,0.005106396089891566,-0.028906807950025728,0.0005414600309403408,-0.08713329513619526,-0.02164726302583354,0.0008621670030118318,0.00021331788095160285,0.0,-0.04055578911160264,0.0016868570402733404,0.0,-0.09322145982037026
2022-03-25,-0.008752901550427756,0.007834110264726678,0.006962531960065136,0.24442352790206684,0.13336702287470037,-0.008372082031882524,-0.003712873707251586,-0.1183874542659793,0.0,-0.13822635959447202,-0.10062132378491262,0.02470639421889162,0.0016660877678719365,0.00016516999046831864,-0.02922076500645084,-0.00017128334045601125,-0.08652746945050055,-0.023598835919871664,0.0014384480110443628,0.00021331788095160285,0.0,-0.011492663321520505,-0.0008854927305393956,0.0,0.006795669798396939
2022-03-28,-0.006827245468494122,0.005880116208406657,0.004814379890035562,0.25178462364952636,0.09260600916265727,-0.012415430775933857,-0.006102304281643136,-0.22401120389679213,0.0,-0.15115546747146683,-0.08752465958292416,0.014073433242558863,-0.003297976403136865,-0.00024396397611677428,-0.029664157468326416,-0.01635068669643409,-0.09153022493261544,-0.0061724261973103425,-0.00016959158794690836,0.00021331788095160285,0.0,-0.010335211422258845,0.015584062155645421,0.0,-0.002865677291201036
2022-03-29,-0.0074492118355606665,0.007422626074673931,0.005650051139217841,-0.0621885374162222,0.11704066589011544,-0.015179245995560512,-0.010949314322095281,-0.20688241586788267,0.0,-0.006333082783937574,-0.030146571142181323,0.029406677016068774,0.006002904693509204,0.004621046756035433,-0.0027717608084713214,-0.027796429782934083,-0.10063376467055146,-0.0003057268967392733,-0.002638164536310249,0.00036745725299405123,0.0,-0.012606410364548988,0.02151854692404631,0.0,-0.0005763229185210187
2022-03-30,-0.0010413138491012475,0.002255510375883044,0.003938125120370802,-0.10266395647591679,0.08687569970399782,-0.016330453902044215,-0.010949314322095281,-0.20210824474543423,0.0,-0.10575046947674513,-0.029002691650846117,-0.012933757269952939,-0.0018307551279397095,0.0006498671024045766,-0.0027717608084713214,-0.031998474510080914,-0.09401634760391046,-0.0009019770164284885,-0.0022205689405990084,-0.00018820981250914818,0.0,-0.008192399439092514,0.017660668531455856,0.0,-0.004690125117657514
2022-03-31,-0.004950974472398287,0.00929171434408763,0.008506606562444171,0.3391645526667768,0.09754071399571572,-0.008504347846549503,-0.006102304281643136,-0.2986725136705099,0.0,-0.15313289774365393,0.02575901876779067,0.006288027829083744,-0.00024063627493909815,-0.0009520355287344018,0.012641715504818496,0.0004259910662958621,-0.09929770958775529,-0.022886119186719102,-0.0035448156732134917,-0.00018820981250914818,0.0,-0.006177600952943979,0.017308120002212334,0.0,-0.0043596455701657875
2022-04-01,-0.00563087800340734,0.00890929827591476,0.007576138840692508,0.3408049704917423,0.1040105042980916,-0.012420668677417703,-0.006102304281643136,-0.24150873422560853,0.0,-0.16207777428328707,0.030056516063824867,0.012618996003538963,-0.00024063627493909815,0.000970233947839004,0.012641715504818496,5.442875559356926e-05,-0.08397270781264225,-0.02279141563918222,-0.0022600272810708684,-0.00018820981250914818,0.0,-0.006209920672452692,0.05907216197709496,0.0,0.0030177303666496483
2022-04-04,-0.006819252046375556,0.004675699800185507,0.005029650118534206,-0.06455683296514823,0.10907174905229755,-0.015382568429187693,0.0012616493869080981,-0.22536499408125577,0.0,-0.08616709440335636,-0.023270432862761394,0.039363722042529234,-0.00016285495986028873,0.0013500108045626181,0.004370485146540863,-0.032422164222295755,-0.09833277261435693,-0.0061816216820419,-0.001529060385726885,-0.00010926037804838186,0.0,-0.008235419616070862,0.08000469421498747,0.0,0.04770801614613662
2022-04-05,-0.00841363714725948,0.01200025418687816,0.018400649649247817,0.33917972251270234,0.1382972341607589,-0.007932664936434616,0.00042782083869565625,-0.1508870747993781,0.0,-0.15067693633616255,0.031233224954735208,0.011535707549723087,-0.0002709047597565111,-0.00036681032130009056,0.012391799024482626,0.009452583624462187,-0.10647652621792225,-0.0307005693307322,-0.00017435416982996782,-0.00010150641573527092,0.0,-0.007023306176070622,0.017133531881902232,0.0,-0.0030502497517144356
2022-04-06,-0.007468447006648823,0.009408389928852314,0.020614445436995307,0.33251765634574215,0.09791598708720871,-0.006678003970177055,0.00042782083869565625,-0.19645631415765613,0.0,-0.1569367038583449,0.029469673356776225,-0.05712666339140425,0.004579452178349528,3.2271164254635436e-05,0.014113013555552112,0.014002177289674435,-0.08435432294882121,-0.024854731908393667,-0.0022862827660138354,-0.0005273911389533369,0.0,-0.008052267449642544,0.005022808759410711,0.0,0.00026942264739538346
2022-04-07,-0.006734187699564192,-0.015936580983628174,0.007916616222453708,0.33409022395023985,0.10391476319015246,-0.00823993760333513,0.00042782083869565625,-0.1920064778105733,0.0,-0.1561971182053232,-0.01845653153211442,-0.0683609316240365,0.0028442639232228633,-0.0002630132096415079,0.01749744761823581,0.009463111603825703,-0.087019891947285,-0.01960667724423186,-0.0006677316992997861,-0.00010150641573527092,0.0,-0.008412225087666704,-0.009817329104508244,0.0,-0.005541276442298597
2022-04-08,-0.0008433334930993553,-0.017032992131680583,0.00723231564780069,0.32333737167652893,0.08100144270298137,-0.008168880984374929,0.00042782083869565625,-0.25046366751618315,0.0,-0.18335837244702965,0.023037460358859698,-0.02894464309659271,-9.953508950898473e-05,-0.0017247430453653611,0.014113013555552112,0.00805595191268294,-0.07589103325850127,-0.016399713270720238,-0.0009822365617875443,-0.0001977447159720303,0.0,-0.0038548320970480747,-0.009231691600339778,0.0,0.0018050464524859706
2022-04-11,0.0003242804299167186,0.01605130306356045,0.005284500960696533,0.3637419899317906,0.18041601472829888,-0.007192986871898937,0.0008054289582181014,-0.15980881471315647,0.0,-0.023790215814999627,0.014941162982517521,-0.019002984122187018,0.008829094242795103,0.0006681128952577554,0.0066989672010400415,0.022402688810099734,-0.05219551970455842,0.029781538567965827,0.002838884411231607,-0.0001977447159720303,0.0,-0.012220885213051055,-0.031017134180189594,0.0,0.005936160581980311
2022-04-12,0.00040650291343538125,-0.008383482589311046,0.005284500960696533,0.2880922581032518,0.18353018024240347,-0.009251231993900516,0.0008054289582181014,-0.16236286475592157,0.0,-0.03362522058694469,0.02715139262896296,-0.007998354388387698,0.006206199022532897,0.0006681128952577554,0.003733107971291453,0.05314193718843262,-0.05226945928243234,0.03576208515549007,0.002838884411231607,-0.0001977447159720303,0.0,-0.0029735654473854265,-0.029510204212222342,0.0,0.005936160581980311
2022-04-13,-0.008508624398008022,0.010657188432028116,0.014251682297644619,0.32501846915658,0.15519692775161886,-0.008989749632724043,0.0007031461723704029,-0.16471574543077147,0.0,-0.13734003644500029,0.02785756721724842,0.037868358853225856,0.0005115985088721193,0.004269078923196649,0.015192886469624592,0.013937627735340985,-0.08911499742360153,0.03705124406301873,-0.004287893158171797,-0.0001977447159720303,0.0,-0.005094566823888166,-0.03434867447928053,0.0,-0.008268116473910927
2022-04-14,-0.012387778485803289,-0.015898710031788638,0.014251682297644619,0.35594587020853746,0.1661379996509536,-0.00832215600961941,0.00042782083869565625,-0.08119624908312573,0.0,-0.11020767261265428,0.022809275981610425,0.021932222228237926,0.00038269028659071544,-0.0013728394827742906,0.013126053830189902,-0.037099639047165935,0.07969954347718458,0.040957553021858085,-0.02734321573497554,-0.0001977447159720303,0.0,-0.0047346091858640055,-0.03900180372907975,0.0,0.0016160178914313655
2022-04-18,-0.007914914965445033,-0.008094627519035665,0.0053736024483704275,0.3901914834170511,0.19180617020267304,-0.006638380112983143,0.00042782083869565625,-0.13346172551353677,0.0,0.025491586754406586,-0.01667952212709574,0.011496962602518116,-0.004463524410003476,-0.003129853692394284,0.015389398757588513,0.017619670062228344,0.1466625002588302,0.03605291415871531,0.005301274142208565,-0.0001977447159720303,0.0,-0.011360103073404139,-0.04425669820485514,0.0,-0.0017743997795477912
2022-04-20,-0.006849307361617874,0.014807165185548156,0.005571318307063642,0.3601368541545462,0.1109768312607951,-0.008314798794056617,0.0007031461723704029,-0.23710517992442504,0.0,0.006605772605614038,-0.006203931214305,0.014676904053369386,0.010525311611747985,-0.003538987658979377,-0.02900208359877371,0.00789447825195981,0.1367129575830668,-0.0011874798744609665,0.007069564443591493,-0.0001977447159720303,0.0,-0.03363170748504484,-0.02610563693988964,0.0,0.008335277102131979
2022-04-21,-0.008060456165130667,0.012229633514423783,0.016291706615512998,0.4352354563907898,0.15129765536148015,-0.008102227104242535,0.00042782083869565625,-0.17599453086326694,0.0,0.004700011219458379,0.024010478103412013,0.01770787811087476,0.003162993643763068,-0.0013728394827742906,0.013084837608977298,-0.039332482542997226,0.10016417634797188,0.005279630716628436,-0.026588623840180497,-0.0001977447159720303,0.0,-0.01105677528373072,-0.025711056571291295,0.0,-0.004048495606115716
2022-04-22,0.007367002154094574,0.018589887063324134,0.03256366224081543,0.4439076223864308,0.18247621226798186,-0.016109604539062294,0.0008054289582181014,0.4024617051765062,0.0,0.04401886517659434,0.04722230366911548,-0.013561409943510625,-0.008555270306426443,0.00017221691432345302,0.0029567763679181213,0.05789322474157854,0.05846868464613602,0.005122557476706592,-0.002283563286688097,-0.0001977447159720303,0.0,-0.008217309933869129,-0.011559013907989609,0.0,0.006628464585930008
2022-04-25,0.007213985613034063,0.018604749317895537,0.04629925687370775,0.46672993711999483,0.18587784239479652,-0.015607747371089577,0.0008054289582181014,0.3920826004457812,0.0,0.04315038911872357,0.0488742860374751,-0.016926548148847406,-0.005364424414758674,-0.00044462883350994105,0.0029567763679181213,0.058354464445358856,0.05822971370805763,0.005688563251689111,-0.0033948594890343205,-0.0001977447159720303,0.0,-0.00805768507871266,-0.010681866527034019,0.0,-0.00420655289626019
2022-04-27,0.008880154758836217,0.015003459620373015,0.04903472428859312,0.543868756197056,0.18353177600960013,-0.013572613522013301,0.0008054289582181014,0.4014698498867494,0.0,0.040654118508674425,0.010616924682478825,-0.02951007447526758,-0.005166216679322257,-0.00044462883350994105,-0.010712989933710015,0.06489876878592413,0.054947368853091955,0.022398302680702215,-0.0033948594890343205,-0.0001977447159720303,0.0,-0.00805768507871266,-0.010660278194086964,0.0,-0.005556040396449548
2022-04-28,0.008914347844960835,-0.03971328522579926,0.04799961910563453,0.5195925366487202,0.15180403917544427,-0.009111293653440086,0.0008054289582181014,0.37081636934518764,0.0,0.03815124820764201,0.01429031007312546,-0.022821884801591145,-0.005425610065357955,0.019485006851011257,0.004177907605805377,0.023023790654293434,0.06058026927765576,0.005256242252292406,-0.0033948594890343205,-0.0001977447159720303,0.0,-0.013124591009426024,-0.011704104427198818,0.0,-0.004984870060207233
2022-04-29,0.00829014160023644,-0.008028549521663179,0.03996153056312471,0.5458681950123315,0.1825068539346117,-0.013572613522013301,0.0008054289582181014,0.41172012811014225,0.0,0.04058412957007993,0.008511597383751129,-0.035289446497195474,-0.0051581941645299795,0.00017221691432345302,0.002009316210915583,0.0652526216898041,0.049839186290675574,0.021975468136004924,-0.0024196815625231053,-0.0001977447159720303,0.0,-0.008350873847961241,-0.010110398758811083,0.0,0.014467190128668725
2022-05-02,0.00829014160023644,-0.008043411776234582,0.03996153056312471,0.5345075746066773,0.18419310623643775,-0.015607461018893405,0.0008054289582181014,0.41243066218853425,0.0,0.04058412957007993,0.029037265713783813,-0.03427577968725743,-0.0050812661250035215,-0.00044462883350994105,0.002009316210915583,0.05789322474157854,0.046365169544386416,0.012719725911333976,-0.0012861820607557152,-0.0001977447159720303,0.0,-0.008551829501896806,-0.010367424504167841,0.0,0.023894954290603645
2022-05-03,0.005529669559689363,-0.05157016859480586,0.013144973323401666,0.4428494288998596,0.16787978370927809,0.002774715740562229,0.0008054289582181014,0.3548235601862845,0.0,0.03575917814059775,-0.0750724999639369,-0.04079342030272026,-0.005884769573938031,-0.00044462883350994105,0.013362615941783628,0.059657363078501224,0.05775944666837114,0.013243652052922649,0.008275634401863635,-0.0001977447159720303,0.0,-0.009950657423736261,-0.012060536520994508,0.0,0.00967847358007136
2022-05-04,-0.00473921825984285,-0.047897512109912006,0.005823124634756958,0.3057154099059471,0.09723615920632983,0.00032252817381818547,0.0018010706516200688,-0.19961541894571644,0.0,0.006682381481318625,-0.10629955188681765,0.01498490275248656,-0.0040781488511034275,0.015886853158282626,-0.004337964260720434,0.01855679363268627,0.06103385209850394,0.00618496074236286,0.003370345432506194,0.0003860730168977736,0.0,-0.020101502566599982,-0.015508943644762378,0.0,0.011603814553177926
2022-05-05,-0.0025067785475028546,-0.0008234823029707655,0.02780621054745807,0.42204032644305334,0.19286781469187333,0.003712901743207836,0.0018010706516200688,0.43023648977480067,0.0,0.04093734592777074,0.02407968771375964,0.026619237076291276,-0.008295876920390745,0.002155455560229972,0.0008443136389392399,0.05934845012768952,0.044195213622830805,0.019512938850414878,-0.0003661009399446591,-0.0001977447159720303,0.0,-0.008217309933869129,0.0038095333115806284,0.0,0.009461566606073156
2022-05-06,-0.0026071072748144273,-0.025494574786335256,0.017591439560366094,0.3974935762213067,0.16959719245561633,0.003421927882852919,0.0018010706516200688,0.40712988812224843,0.0,0.03642976897642355,0.014112784833936267,0.027202412234742197,-0.008278481271780491,0.002155455560229972,-0.0010942931755627211,0.02427325800973652,0.05269032899735338,0.019512938850414878,-0.0003661009399446591,-0.0001977447159720303,0.0,-0.014858098301216698,0.018360511060566843,0.0,0.010572742158308973
2022-05-09,-0.0025067785475028546,-0.005987948520517497,0.02780621054745807,0.4517065963775503,0.16607266683542937,0.0029192380135299374,0.0018010706516200688,0.3996071550792426,0.0,0.03705519652885624,0.005428797810101434,0.026619237076291276,-0.008349040056197748,0.002155455560229972,0.0008443136389392399,0.06589275446825484,0.06457802762565372,0.03434690006886192,-0.0003661009399446591,-0.0001977447159720303,0.0,-0.008217309933869129,0.01684212008668632,0.0,0.010970445272241431
2022-05-10,-0.0025067785475028546,-0.005987948520517497,0.02780621054745807,0.4577429254890628,0.17715298201338187,0.0029192380135299374,0.0018010706516200688,0.40248466825003026,0.0,0.026127441164644792,0.005428797810101434,0.024838530054673746,-0.008349040056197748,3.053703192723411e-05,0.0008443136389392399,0.06589275446825484,0.05734699870768299,0.03324189245871966,0.0038758869753656743,-0.0001977447159720303,0.0,-0.008217309933869129,0.01728427081953621,0.0,0.009461566606073156
2022-05-11,0.0065095134951906565,-0.0017425995482593729,0.030495059239266167,0.5584825803015023,0.15879401212318,0.0027679933875655567,0.0008054289582181014,0.3957817738831515,0.0,0.024585363259285585,0.00786927039940009,-0.04939061528131726,-0.008349040056197748,-0.00045771075734844297,-0.011877992505686358,0.061231183918268914,0.06444446371156161,0.03434690006886192,-0.002283563286688097,-0.0001977447159720303,0.0,-0.008350873847961241,0.017010958691156527,0.0,0.00854690148976453
2022-05-12,-0.003151777906255129,-0.007822389827653459,0.030495059239266167,0.554608565509088,0.1677700508153676,0.00507853382528801,0.0008054289582181014,0.38313389814850185,0.0,0.03925019346216953,0.008748318603399816,-0.051999759815302846,-0.008437033561824918,-0.0039957180911266025,0.0008443136389392399,0.05977595853215792,0.06517872289091681,0.03211515381393953,-0.0012861820607557152,-0.0001977447159720303,0.0,-0.009292732356143285,0.019349482445849237,0.0,0.008050921378875225
2022-05-13,0.0034515475809910015,-0.05955072429417115,0.026771105364499483,0.4812623871940919,0.15470023476314962,0.004766827901351997,-0.006989972744535663,0.31439852336246976,0.0,0.016050921597972955,0.015001189613867599,-0.006693145231703903,-0.008704449462652895,0.020770637750819176,0.0030129050338290313,-0.06367018546475958,0.07128248244505331,0.031256461714354034,-0.005834106107800414,0.0003860730168977736,0.0,-0.014359638286856652,0.02841602647775143,0.0,0.004081331764275683
2022-05-16,-0.00657985537485675,-0.050565704253625124,0.026771105364499483,0.45514013094627626,0.16811948338126434,0.005681536672447728,-0.01563072029798845,0.33358686069344434,0.0,0.025545945439208947,0.017306135999442643,0.028095116732497687,-0.008704449462652895,0.008830022750893535,0.0029752680274227816,0.0234877916160705,0.06916953179521529,0.03463431494860747,-0.002242019165933428,-0.00011358596839983575,0.0,-0.015799956809398743,0.02995877056222064,0.0,0.004937909970031875
2022-05-17,-0.003436975195634747,-0.04950979595873894,0.026771105364499483,0.4789960172885065,0.12014618116185843,0.004918072527316378,-0.01563072029798845,0.30552626442573283,0.0,0.026034230811793842,0.018413435496417815,-0.002956750908173693,0.0008048377781067876,0.011555950063325306,-0.0022564241947051816,-0.07942214850060006,0.0733927497682251,0.036333243240222454,-0.00827197862239437,0.0002217630811615843,0.0,-0.015799956809398743,0.02419192637332086,0.0,0.005270100849522591
2022-05-18,-0.0025067785475028546,-0.00422381018359481,0.02780621054745807,0.4798148683988548,0.16406740674503928,0.0047711773947696585,-0.01563072029798845,0.38323112644923363,0.0,0.041752505248609434,0.008413173312828858,0.023786888748463145,-0.008445056076617196,0.0027853832319018716,-0.00029557065271744324,0.06765689280517752,0.064339329151352,0.03450584914376334,0.009195715522674692,-0.0001977447159720303,0.0,-0.008191705667951571,0.008614802564887643,0.0,0.007771319804273174
2022-05-19,-0.002606130167894566,-0.053334306931728546,0.026771105364499483,0.4120039024442544,0.14750465425808526,0.005385351786685855,-0.006989972744535663,0.39720649890889187,0.0,0.04196026952415922,0.04498859714760218,-0.002639000832525605,0.0009209145801649052,0.002608843505887474,0.004851680636935003,0.05828139142587327,0.06937398711711958,0.013013764471751546,-0.011611145452848956,-0.0001977447159720303,0.0,-0.007444375280071399,-0.008692314647876918,0.0,0.0032476631682318916
2022-05-20,-0.002606130167894566,-0.053334306931728546,0.026771105364499483,0.3957968711456586,0.15747081898564042,0.004591688057007957,-0.006989972744535663,0.4130335083310174,0.0,0.04154878228311601,0.021835373244947026,-0.009137110850315247,0.000859728929565624,-0.0019777052255360236,0.0029567763679181213,0.06443752908214383,0.058742619346711364,0.026784636510806148,0.004380566129002869,-0.0001977447159720303,0.0,-0.006269386287102838,-0.008312310421438105,0.0,0.004218297133176374
2022-05-23,-0.0008469889733005176,-0.05506820382114543,0.04098175290145241,0.46298612148063395,0.16603980798648788,0.005385351786685855,-0.006989972744535663,0.36413591123340444,0.0,0.04098873462375054,0.04215969939262464,-0.0032588885664612184,-8.313217058928403e-05,0.009850625782014602,0.0060728118748222554,0.012731792106699167,0.05806929998902942,0.018220702842763555,-0.0014189488959990744,-0.00011358596839983575,0.0,-0.010115113642269843,-0.009520179382107486,0.0,-0.009213059531628428
2022-05-24,-0.0008230826867023967,-0.05506820382114543,0.04098175290145241,0.4993885981623672,0.16213166606096885,0.004591688057007957,-0.006989972744535663,0.36539953289059846,0.0,0.04098873462375054,0.01974750850937422,-0.017644299327738356,-5.2035280994466314e-05,0.002608843505887474,0.004177907605805377,0.006516700891688548,0.06019139060449163,0.03185737391087425,-5.048076201312931e-05,-0.00011358596839983575,0.0,-0.008940124649301284,-0.008692314647876918,0.0,-0.009213059531628428
2022-05-25,-0.006198000653212915,-0.054500103948817505,0.020699137678481336,0.3946183700816924,0.1608824657031416,0.005605587273800819,-0.006989972744535663,0.31454619815038026,0.0,-0.029551580980293903,-0.16877116390407906,-0.012341041815650893,-0.0037692359997369114,-0.0005687467702044061,-0.011216550221348596,0.010898278059021759,0.05814567316892396,0.020514866698677754,-0.00275284376996638,0.000426416974332999,0.0,-0.010514007085935487,-0.010447450464776981,0.0,-0.011215112542258788
2022-05-26,-0.006533450383555324,-0.054500103948817505,0.010172409535540584,0.39892118797551357,0.15664040359945047,0.0061260364246266,-0.01563072029798845,0.2634401846236711,0.0,-0.10632389378475336,-0.13348219912012058,-0.002528034704738507,-0.002676411331071481,0.009850625782014602,-0.0011088986266545333,0.009195769883738552,0.06664310041952039,0.02510931000301949,-0.0001977113943826261,0.000426416974332999,0.0,-0.011753237998594356,-0.016166454952812298,0.0,-0.005630251293851757
2022-05-27,-0.012615568986993694,-0.039260516599472904,0.007950887471999717,0.38081772307204576,0.11116790801947898,0.005369140626608923,-0.006989972744535663,0.2786821353496659,0.0,-0.19390134210252816,-0.12581217541833084,-0.015528860707507515,-0.0023518355273708497,0.009850625782014602,0.02651134854908244,0.003927403676519273,-0.0007482928322526275,0.0183264323037048,-0.001952276627847211,0.000426416974332999,0.0,-0.010573440866115775,-0.018479971713769354,0.0,0.004617189117738931
2022-05-31,-0.0075581635970997174,-0.05450489877276336,0.022850848683486195,0.4386734587495704,0.15776537245287525,0.006082717772447507,-0.01563072029798845,0.3409312315683927,0.0,0.04906291520087305,-0.12402632403868187,0.009014801044622156,0.01640096017291468,0.002608843505887474,0.010770215188124935,0.013565524773520894,0.04962154567707687,0.009214012983619572,-0.01135149742097549,-0.0005273911389533369,0.0,-0.013052793266340037,-0.012198728709168211,0.0,0.006813964346581441
2022-06-01,0.0011780173761872222,-0.05453352615535968,0.014404169176441734,0.43144767888576924,0.1627151101204528,0.005642363459671532,-0.006989972744535663,0.31722258779757173,0.0,0.04009535527253742,-0.13570221699922888,-0.0038440234088237173,-0.003824127151195748,0.0019880331771517205,0.010770215188124935,0.011908148600750387,0.06858245634767618,0.006461152479575037,-0.004706901208735749,-0.0001977447159720303,0.0,-0.011612314874732637,-0.013921579034028436,0.0,0.0063650421685830984
2022-06-02,-0.0045588684053554365,0.01741929522228932,0.0133390125141815,0.38759807317190015,0.16381498162121663,0.005642363459671532,-0.01563072029798845,0.3202807545773476,0.0,-0.02636002044138365,-0.13416422701005448,0.00033074026001087773,-0.0035605693912421853,0.009850625782014602,0.02837127494571262,0.009023887514019086,0.05851450041380261,0.01238101209454738,-0.008726973879376177,0.000426416974332999,0.0,-0.011612314874732637,-0.012022193752908047,0.0,0.007117444232673231
2022-06-03,-0.004559834184810231,0.020830893357970285,0.004743891398197246,0.3680171554679076,0.12754020056736368,0.0020064637866761474,-0.01563072029798845,-0.1979366167653445,0.0,-0.014771318012590887,-0.019530366614931616,0.024572365280411963,-0.0030732779232869314,0.01011025323453919,-0.0035239210108001123,0.007400469539472243,0.1301056617487851,0.029002333450271586,0.004487086744732469,-0.00021840869417056035,0.0,-0.010751015482361511,-0.04738284969919838,0.0,0.005936543183044475
2022-06-06,-0.0075837729529152345,0.016869755301932157,0.028807166459641077,0.48430496634666426,0.20075252235407715,0.006185592117687916,-0.006989972744535663,0.37002845249258065,0.0,0.05462390857175447,0.04909052583950221,-0.0021223385528257007,0.0010807294724727138,-0.0008643222150127276,0.005977955662579421,0.012884639044733576,0.035445404841948094,0.013604514754596422,-0.001142288089682967,-0.00021840869417056035,0.0,-0.01182648185789493,-0.012799934785424709,0.0,0.005126461743686856
2022-06-07,-0.009424926772816257,0.012346186777190285,0.018006140281488323,0.3647179732868372,-0.04726919057639308,0.002757864762382176,0.0018010706516200688,-0.22248820624147034,0.0,0.021343784038560486,0.028913164477126062,0.02278503849001312,0.0009658402808121809,-0.0027618387624782133,-0.0009846940564443645,0.01084947697181801,-0.052296199025110755,0.026596765825442736,-0.019729028523018197,-0.0008274607842253253,0.0,-0.017917155923648304,-0.013926665427353485,0.0,0.006321216978349786
2022-06-08,-0.004834821751437868,0.020830893357970285,0.018006140281488323,0.34232917100099947,0.1453259834891627,0.0021239832969102185,0.0018010706516200688,-0.19313260100189794,0.0,0.03883385657982577,0.014635759473495515,0.029467096742671544,-0.00010187469913341776,0.01100417437375262,0.000408926122435317,0.006585771618198337,-0.05123760669722794,0.015381537827086601,-0.004179860043930048,-0.00021840869417056035,0.0,-0.0162437630698312,-0.013959433851227497,0.0,0.004183294795512604
2022-06-09,-0.0033961774448970712,-0.040255743863827936,0.032195898199060165,0.4709517265073111,0.16285629955910727,0.0019021470616116599,0.0008054289582181014,0.4220651638526959,0.0,0.049747945443364756,0.01506358914022182,-0.048396209913076034,0.0011118263620675322,0.0007814062008522662,0.004560272888261454,0.011796513061337338,-0.049698823442636965,0.03250013595563421,0.005955006653678087,-0.0005273911389533369,0.0,-0.010258750757777808,-0.008753367351041066,0.0,0.005076329763622965
2022-06-10,0.006484149016606715,-0.03853561210243596,0.032195898199060165,0.4407890857880662,0.15145979585209032,0.0017039567095084483,0.0008054289582181014,0.40518825169127426,0.0,0.04839611723872267,0.019127506294988297,-0.043437373315383776,0.0011118263620675322,0.00017221691432345302,0.0029567763679181213,0.05674410748393725,0.05099023268025347,0.0280270884617285,-0.002283563286688097,-0.0001977447159720303,0.0,-0.0051918448270644405,-0.011289295836172783,0.0,0.0038753417989139853
2022-06-13,0.006675092869743239,-0.007822389827653459,0.03323100338201876,0.538863103060734,0.18307762621861498,0.0020435857917530955,0.0008054289582181014,0.4182107371302578,0.0,0.04011867327659069,0.009690640694945745,-0.03984247104623254,0.0015206827566608362,0.00017221691432345302,-0.010712989933710015,0.05977595853215792,0.05055535390166161,0.02883990153166377,-0.002283563286688097,-0.0001977447159720303,0.0,-0.005749244989850316,-0.008885131817976063,0.0,0.005423505692953203
2022-06-14,-0.0032872768266111814,-0.008043411776234582,0.03323100338201876,0.5510664597749938,0.17991089443456276,0.004090647559094291,0.0008054289582181014,0.4126340621350338,0.0,0.04090882952627872,0.006298360001120465,-0.039587386048834265,0.006999498309431293,0.00017221691432345302,-0.010712989933710015,0.06443752908214383,0.05055535390166161,0.026813656586326024,-0.002283563286688097,-0.0001977447159720303,0.0,-0.006185538805957747,-0.009539559769937275,0.0,0.005423505692953203
2022-06-15,0.006003442395193899,-0.03853561210243596,0.032195898199060165,0.4160562429423518,0.14889902946364192,0.0021904809242998145,0.0008054289582181014,0.385727965051479,0.0,0.04135723400246122,0.019609042616232288,-0.042658158164017766,0.006680816076241787,0.005513013545955347,-0.03194847630895933,0.06443752908214383,0.061257287828696834,0.02556175754735834,-0.0012861820607557152,-0.0001977447159720303,0.0,-0.007852223789116656,-0.010858841712802613,0.0,0.0038753417989139853
2022-06-16,-0.002474743879466601,-0.006903272582364852,0.03054215469021066,0.4448407558287303,0.1895147125525707,0.004935558634299362,0.0018010706516200688,0.4269373199534018,0.0,0.03613249380325698,0.006371119901647363,0.026815579278193474,0.0014682131944680184,0.002155455560229972,-0.011877992505686358,0.06443752908214383,0.04940784351434214,0.033036391149135015,-0.0003661009399446591,-0.0001977447159720303,0.0,-0.004689898946845776,0.0037764813948149103,0.0,0.007847049475430105
2022-06-17,-0.0025058014405829935,-0.006903272582364852,0.02780621054745807,0.4260143866448752,0.18873772839972575,0.004935558634299362,0.0018010706516200688,0.41920760525186596,0.0,0.041059192911414355,0.008933353364930528,0.025034872256575944,0.0010642311641424849,3.053703192723411e-05,0.0008443136389392399,0.06443752908214383,0.05064324349801331,0.03101014620379728,0.0038758869753656743,-0.0001977447159720303,0.0,-0.006792877746112115,0.004218632127664804,0.0,0.00576646102721559
2022-06-21,-0.0008931087359772733,-0.032867583393763874,0.04098175290145241,0.3800247773204281,0.18271645232014258,0.005711736256994275,0.0018010706516200688,0.3609584854265072,0.0,0.033636525922329005,0.03935032020318083,0.0006113821031148953,0.005381808438554904,0.010490713577423184,0.0035564481352942565,0.06767518382684672,0.0656118677631221,0.01742126386126725,-0.006264129024413886,-0.0001977447159720303,0.0,0.03686085654517147,0.01848025975745322,0.0,-0.038827494359354044
2022-06-22,-0.0009370282195666661,-0.032867583393763874,0.0405066999973918,0.4268517135347359,0.15769317578355857,0.004616959014754251,0.0008054289582181014,0.3532863933973505,0.0,0.03447371268846031,0.0263794214437552,-0.017406958302661247,0.004225632339963347,-0.002607632897207927,0.0016519176468486,0.07736806170533518,0.0692798674642405,0.03132907424226221,0.008457226326070738,-0.0001977447159720303,0.0,0.037384348004180744,0.018058801150133946,0.0,-0.04613064138666729
2022-06-23,-0.0009170150225753941,-0.032867583393763874,0.0405066999973918,0.39366606615520794,0.16845823765748227,0.004918072527316378,0.0018010706516200688,0.340576137161626,0.0,0.033636525922329005,0.02348735561330665,0.012832226943480886,0.004170741188504511,0.0011365775111062944,0.0035564481352942565,0.07707266027276118,0.07104137513178121,0.03149563757630301,-0.006153205505079785,0.0003860730168977736,0.0,0.03686085654517147,0.022965399885066667,0.0,-0.036409513189807445
2022-06-24,-0.005812093069975868,-0.05135564853617618,0.0405066999973918,0.4159516880818456,0.1269993427721893,0.005937375322062277,-0.01563072029798845,0.28685940645845576,0.0,-0.04108491478240119,0.041225911001327435,0.0174688841047094,0.004231926839103791,0.011515146070048339,0.01675299638554933,-0.06420735350333748,0.07158062970119068,0.01118578303958476,-0.0014983457708517087,0.0003860730168977736,0.0,-0.013422104904750392,0.03007323105765091,0.0,-0.025458221024611
2022-06-27,-0.00234634620862469,0.016456772202930094,0.0405066999973918,0.453745950197642,0.029201552558214935,0.005332018720109639,-0.01563072029798845,0.2890334797242119,0.0,-0.0483423887886677,0.03447630169219273,-0.005431856036105389,0.004231926839103791,0.0009305878639626888,0.0369415625034588,0.013544494892721913,0.024069690290306995,0.026502962574626903,-0.0013536365541054745,-0.0002794758497530358,0.0,-0.01426807979378803,0.0266412462268136,0.0,-0.02132765539104586
2022-06-28,-0.0012732168895357389,-0.05108850581313654,0.03147302935114967,0.4365772830409281,0.1540833160426192,0.004918072527316378,0.0018010706516200688,0.35450134774319664,0.0,-0.018672111731635382,0.021850184198250813,0.0250321147295498,-0.005338546052255171,0.0011071275899770866,-0.0022564241947051816,0.01163122879399862,0.07934398662338546,0.03365319174016054,0.004491590724261094,-0.0005273911389533369,0.0,-0.013422104904750392,0.023143141152283202,0.0,-0.015169663799139546
2022-06-29,0.0051887482747858685,-0.05108850581313654,0.03147302935114967,0.49172252631770563,0.16469232791916535,0.004734534156549189,0.0008054289582181014,0.2985803218842537,0.0,0.0027482957198319167,0.021850184198250813,-0.017849129261212945,-0.005338546052255171,-0.0027371558307045935,-0.0032660930904180123,0.009362702378496124,0.07416843495675142,0.05147263822317892,0.0005952358340138088,-0.00021840869417056035,0.0,-0.013422104904750392,0.014697541750715953,0.0,-0.00231328589183269
2022-06-30,-0.002037289394451255,-0.051107065765107304,0.025117401896382143,0.4251278166477494,0.16539245980736444,0.004513627801027028,0.0018010706516200688,0.2918611493289592,0.0,-0.11567069763050127,0.01563068324919492,0.023831320833969348,0.004170741188504511,0.0027853832319018716,0.00022594613051734198,0.010264210968843281,0.06784435153209346,0.03089726414541255,-0.007909558285827482,-0.0001977447159720303,0.0,-0.01331042639362052,-0.012922227377619052,0.0,-0.006241710066697373
2022-07-01,-0.004385847945851989,0.007176089480017487,0.010273617217512455,0.5095390520495083,-0.048969054356410836,0.004266587141703004,-0.004141921419368429,0.2812301298354838,0.0,-0.15858413562053117,0.03431399896337701,-0.01579782596901884,-0.0023307248594493617,0.014660310414655707,0.004497720111635924,0.012640229978568689,0.1241168113873176,0.04462401062157743,-0.0074750103361182286,-0.004272763936890169,0.0,-0.010533157837137397,-0.01360462166928097,0.0,-0.006821831979528347
2022-07-05,-0.0037919964661574804,0.008230723812796712,0.032433985456239184,0.5750683861648404,0.03248392814657016,0.0005981554665342403,0.0008054289582181014,0.3444760652309078,0.0,0.03379272799745385,0.03906116038037489,-0.037244629358700064,-0.005338546052255171,-0.0008643222150127276,0.003986773252026352,0.02813932389980883,0.09196098126022721,0.022449308559365923,0.0009748112730824373,0.008342062924404616,0.0,-0.01325437120416036,-0.008251288787534948,0.0,0.01370502710967089
2022-07-06,0.002750838703388709,0.012115136880320928,0.02943300275090612,0.5728444901324369,0.020844287974325148,0.0007741687223188509,-0.006989972744535663,0.3384160865513595,0.0,0.0336515528458184,0.03697181651787675,-0.036158484629039596,-0.005338546052255171,-0.0008643222150127276,-0.00013006571051472985,0.017639031656870644,0.0934970539949371,0.0137814099797817,-0.01804860373900518,0.0016155186739637306,0.0,-0.01482825364079456,-0.009178559870204444,0.0,0.013940895965519036
2022-07-07,0.0011529300827384018,0.008703538744639961,0.008689377640038014,0.43342249758415796,-0.014668621280734841,0.0011777387424574714,-0.006989972744535663,0.265044727278835,0.0,-0.03463024930477514,-0.16887802414940317,-0.036158484629039596,-0.006858884870644343,0.00509332016445256,-0.01140768457512762,0.013938176361972782,0.07257589196509658,0.018945241755746384,-0.01804860373900518,0.0016155186739637306,0.0,-0.01482825364079456,-0.014894710442383214,0.0,0.008825056969584315
2022-07-08,-0.0010097426676641639,0.007429852098912529,0.003538969200182832,0.3559739722391836,-0.09622638368316327,-0.0013041303462557902,-0.004141921419368429,-0.1832405304049863,0.0,-0.07310311204212212,-0.09615965260406957,-0.02302604974431817,-0.0014519643583057237,-0.0064307573672773835,-0.004378510750988589,0.012174450991302568,0.11712722919431566,0.02977964119761383,-0.010679524136383517,-0.0008274607842253253,0.0,-0.013567579387138932,-0.04193476132299818,0.0,0.007755439102523357
2022-07-11,0.0009447073430863711,0.004485376762888519,0.0060223393513702365,0.4584116714993887,-0.02918396865902484,0.0010604244973792952,0.0008054289582181014,0.2341572524411807,0.0,-0.09534644228944568,-0.14347846985954987,-0.04296546506701678,-0.006858884870644343,0.0019880331771517205,-0.00553877687415698,-0.00272690549854253,0.06742570603549294,0.007673150203131637,0.0009306575329344611,-0.0002794758497530358,0.0,-0.010896580312489173,-0.014066845708152646,0.0,0.004636371255001067
2022-07-12,-0.005076975485941522,0.007857621075548247,0.01615695507629221,0.46617372949074076,0.1477120842859357,0.0050218745055288306,0.0008054289582181014,0.31344259637402266,0.0,0.033180172662132384,-0.13460618969304755,-0.06387677848569574,-0.006858884870644343,0.0019880331771517205,0.009389393368879135,-0.08047111001286188,0.05583556162530711,0.007626812365995171,0.00013827891967906062,-0.00011358596839983575,0.0,-0.010333687644001577,-0.010267057936007984,0.0,0.0047511529892804265
2022-07-13,-0.007264642532883662,-0.007796994812348695,0.009701394701173977,0.4164997047017655,0.193004801020863,0.0050218745055288306,0.0008054289582181014,0.3360287605447238,0.0,-0.013426182467795226,-0.06316519705684615,-0.029202466888714744,-0.006585437106330521,0.0006003518099216193,0.01852181251698905,0.009408097629350347,-0.010131665149161492,0.005129578541652795,0.006729044920852065,-0.0001977447159720303,0.0,-0.0115672294840649,-0.009305193966526352,0.0,0.010109452089350511
2022-07-14,0.002760456202396441,-0.008929547988059859,0.026458971350974515,0.4416841810883921,0.18397352477717918,0.0041062619590858,0.0008054289582181014,0.38103432039425283,0.0,-0.02390014980401466,0.016092347995749427,-0.07300983265146117,-0.008597114515605063,-0.0018893275536036459,0.00770597581478685,0.005119932970555595,-0.015152761845708244,0.004745527134689967,-0.0018353903158349059,-0.0001977447159720303,0.0,-0.0115672294840649,-0.009305193966526352,0.0,0.00747349223864146
2022-07-15,-0.009151368487231946,0.011394799577304033,0.013767806165196256,0.342771862829935,0.09883044427550344,0.0016984811425120303,0.0008054289582181014,-0.17806229505104887,0.0,-0.152909586388673,0.02952665811019747,-0.010960861157147228,-0.008635323736697884,0.018101311359165283,0.00859387147005692,0.0023679097721331617,-0.0602257291416677,0.025404999221171738,0.005396476048008548,0.001029668414146992,0.0,-0.010803403154609583,-0.0447926507906516,0.0,0.001532716634824608
2022-07-18,-0.006889505560739703,0.016869430605394694,0.026771105364499483,0.4266328887602409,0.2005295955368187,0.0060895626528380984,0.0018010706516200688,0.4406520180850852,0.0,0.05579801177327231,0.04736143808415065,0.005689484318195699,-0.00846820629332366,0.0032180327924162862,-0.0010440780508669868,0.012623613345748883,-0.04775943380259695,0.003905355317174103,-0.012545927756072899,-0.0001977447159720303,0.0,-0.013046053689010623,-0.0077311294508762675,0.0,0.006902049185032925
2022-07-19,-0.005475404957872282,0.01741929522228932,0.0048857764069303936,0.3180943607424082,0.11567730251724798,0.0018753354259051773,0.0008054289582181014,-0.16411633382812812,0.0,0.04266788116021609,-0.10294990402746308,-0.01613538743439385,0.0032146503373150686,0.00893080545052886,-0.004846412435035657,0.007055980832885092,-0.05420099635261947,0.00734096653122083,0.013000834595781285,0.001029668414146992,0.0,-0.024140927295257294,-0.01248614421624913,0.0,0.010643612898090462
2022-07-20,-0.007198154777586243,0.008934588641509318,0.005447574781913406,0.2880607412610692,0.0033823881989597563,0.0022401402761981345,0.0018010706516200688,-0.18097096629498177,0.0,0.03678524728114344,-0.09732708538164447,0.006911856433438464,0.0011718735097633465,-0.0004721508216480859,0.09308159511107594,0.02831971771842701,-0.04780801133917833,0.03188687660047228,0.03012116349608617,0.008342062924404616,0.0,-0.046306658705498806,-0.006282232852200988,0.0,0.013420891010021275
2022-07-21,-0.007008634613670429,0.008986430297401695,0.0047692682509142235,0.2903802306846333,-0.12330912333452237,0.001843503915993029,0.00030023952856100003,-0.1679338510024211,0.0,0.034669930071652595,-0.08570756331039323,-0.011924260635366763,0.006800802616935029,-0.0014364274980438452,0.06672460199361298,0.006999274909312715,-0.06894640122063364,-0.01826000196593491,-0.012112331989393911,0.0013116248946497156,0.0,-0.04578316724648954,-0.0062954232028275894,0.0,0.004105476110076382
2022-07-22,-0.006648660252397349,0.012346186777190285,0.0075346442311897644,0.25229199770952593,-0.15102985112789646,0.001984565427131926,0.00047725843515356394,-0.16404149742694918,0.0,-0.029460341168742268,0.023550085690908964,-0.012172657536190226,0.011793442631795088,0.0005973678892275121,-0.030789655018179315,0.025288710589498248,-0.07846427625045345,0.02553621800844543,0.024532399593361502,-0.004272763936890169,0.0,-0.04578316724648954,-0.005766293028436953,0.0,0.013222927982862537
2022-07-25,-0.007899588942827102,0.008959108924022099,0.005468262839031995,0.28466803392993134,-0.16936662646622755,0.0030292090460608194,0.0008092576186422959,-0.20732605586888794,0.0,0.033774645481229645,-0.09107142589772352,0.0003594995376553267,0.007018641317974198,-0.0042623483067771965,-0.0317310718944582,0.007949398517174562,-0.015301194299474347,0.005792586112234674,-0.013878070011776229,-0.0008274607842253253,0.0,-0.04715594000467721,-0.007373355892623955,0.0,-0.0172256894708866
2022-07-26,-0.0008997129105021521,0.012370707059703065,0.019700596029768678,0.47587566677616105,-0.133505297383408,0.005103978716718721,0.0008092576186422959,0.3789091628735353,0.0,0.03778175874104125,0.00554595337121204,0.021864123723677464,-0.000983894876831875,0.009824921946375235,-0.0002988766395080966,0.014556025834055068,-0.019586323914824188,0.01432103418788142,-0.0045349998946356065,-0.0008274607842253253,0.0,-0.017008374574139912,-0.009571059046808026,0.0,-0.01653244743504166
2022-07-27,-0.0036551697526142515,0.012403983738780738,0.018204530473192114,0.3039412883989833,-0.5071949832973418,0.0037291756576782143,0.0008092576186422959,0.21082577982140507,0.0,-0.029947017849006715,0.012758126020285152,0.00027238721710480887,0.0061239676937752015,0.010067833445230396,-0.030996657113194215,0.0076273475905839685,-0.058120480705327875,-0.014249187110446695,0.006212658472843159,0.0013116248946497156,0.0,-0.020865748752945064,-0.004012233177715442,0.0,-0.020013295222766223
2022-07-28,-0.004439255454521039,0.012107474687719777,0.010973874193641216,0.3167970264916468,-0.5082670667665958,0.002965789399171792,0.0008092576186422959,0.1544200995565569,0.0,-0.11860310550201356,0.008977796588182546,0.006220842976987253,0.006690493294281947,0.005801264996168409,-0.030678234768831792,0.0018235753235681979,-0.05867128792570748,-0.009108666758166259,0.0064121208452803365,0.0013116248946497156,0.0,-0.019828288112902763,0.0018275452293330223,0.0,-0.011697030612816918
2022-07-29,-0.007149031407658851,0.01084521884016075,0.003626004949039937,0.2669293239078459,-0.18687289314180455,0.0018406562079422509,0.0008092576186422959,-0.07007239129084804,0.0,-0.1142432537934483,0.010766234205765167,0.001803743260567151,0.006236459148707121,0.011669858225964074,0.06476180825201974,-0.01272349773390134,-0.06730726693220872,-0.0062058021728230075,0.005537323419232776,0.00036745725299405123,0.0,-0.018009149997664935,0.004283569715676766,0.0,0.002538868070208749
2022-08-01,-0.005841035583486086,0.0121015193820217,0.030220189668491694,0.28438261121205133,-0.020398955941404753,0.005212399102640681,0.0018010706516200688,0.40213547555227025,0.0,-0.03811591945304131,0.04748705039173682,0.00704448051954065,-0.0011884037767010067,0.001018998792303785,-0.030462639471309078,0.0006548903676083607,-0.04731827627955784,-0.010096159583381446,0.012858305867589227,-0.0006718078728693659,0.0,-0.01512139690738596,-9.678336656892639e-05,0.0,0.025312418593213756
2022-08-02,-0.007420497120796977,0.01597696772079253,0.009937574445520608,0.413498448260377,0.14448468468518372,0.004669170444624296,0.0018010706516200688,0.3939251389308328,0.0,0.05442720666975992,-0.1473823970518541,0.005073404247056669,-0.004785536674276123,0.0030259688738625353,0.03827874150793688,0.005443895009234302,-0.048145672935351734,0.00453420257142613,-0.011082370856133844,-0.00018820981250914818,0.0,-0.015440260489675867,0.00021551383451287072,0.0,0.01057135689071708
2022-08-03,-0.006837441453016092,0.0121015193820217,0.003844779369328292,0.28031830937422786,-0.16149900067895745,0.0021397489926111104,0.0008092576186422959,-0.1687300075342377,0.0,-0.06993091647974473,-0.004772394207071514,0.014901225441123588,-0.0056321099753427065,0.01116517907232688,-0.03097742275209401,-0.00788963579039303,-0.07638218377066364,-0.025778759154931326,0.008491907867025876,0.0013116248946497156,0.0,-0.02066131822174314,0.004509942313742055,0.0,0.005448880622695787
2022-08-04,-0.006608452666058637,0.0121015193820217,0.0034772231818227723,0.29333524884018297,-0.2608997327749702,0.0018406562079422509,0.00042930928899404983,-0.052540515905047325,0.0,-0.0663365785320811,-0.001375328516389354,-0.006837114254975888,-0.002430283209924887,-0.002638149839551233,-0.030501078429081376,-0.008931054846094598,-0.07739460829296362,-0.0140235183056846,-0.007859827825256337,-0.0002648818992023621,0.0,-0.013943795364336153,0.0038070349185983744,0.0,0.0035451137722555238
2022-08-08,-0.0008033531678178037,0.007214205275458765,-0.007106590089590871,0.28453050046157113,-0.04470215424389909,0.0017429152714349028,0.00042782083869565625,-0.12409775337875928,0.0,-0.05163031215880568,-0.1020949477760001,0.011798841375769049,-0.006494392367750979,-0.002146129686743262,0.010944144944790667,-0.014086102907055868,-0.08174837505778865,-0.015528550267360055,-0.001343938877406943,-0.0006718078728693659,0.0,-0.01966827910038092,0.001232410442667606,0.0,0.0016008852959703602
2022-08-09,-3.379948860686621e-05,0.008168684012042422,0.006303014801787655,0.28735258661503216,-0.04239845844642745,0.0024179355675511584,0.0007031461723704029,-0.13943179091027325,0.0,-0.0391587710492831,0.028739615586102357,0.044097664915803234,-0.0018530935040360801,0.010812110455198868,0.009534600044771472,-0.011614076464667776,-0.09789512212962137,0.0017406954667270114,-0.007548979932620023,-0.0002648818992023621,0.0,-0.017913075802987,-0.001366104947014955,0.0,0.0038052469966826695
2022-08-10,-0.006000195934722276,0.008934300651885078,0.005603809659773492,0.31897998096041774,0.07524905604430486,0.0009014034071591913,0.00042782083869565625,-0.25256799778612676,0.0,-0.15564577707349583,-0.0013731094275327273,-0.011513059313702447,0.0033619522992542543,0.007918830020711726,-0.0293089841906887,-0.015627525411750706,-0.06739638048196478,-0.002587489195148606,0.00022580790030128265,0.00036745725299405123,0.0,-0.0066888327634946065,-0.0003715154490842317,0.0,0.0024332432281326645
2022-08-11,-0.008842454213642183,-0.0025501666884427143,0.013743097944765244,0.273176923505144,0.12180030440569793,-0.00040173897155192534,0.0007031461723704029,-0.14777048840567258,0.0,-0.14857947103751193,-0.07350744501634042,0.02905586322241331,0.015129661970127798,-0.002053649800931338,-0.029664157468326416,-0.014755548304593295,-0.06564700383292028,-0.005893303043647801,-0.0020069537405207473,0.00036745725299405123,0.0,-0.006921405253548029,-0.00022799360182727097,0.0,-0.005056779845918958
2022-08-12,-0.007712134158843642,0.004320085320303885,0.006347381174289046,-0.10066451179837041,0.07183610214546725,0.00033532563246465273,0.0012616493869080981,-0.2631004302768196,0.0,-0.11780984043404988,-0.012164288600146006,-0.008071694773005327,0.002796861613314452,0.009712858947606836,-0.0024165875308336075,-0.03142578953293324,-0.07949381710103492,-0.001443756239391053,0.005770686983487657,0.00036745725299405123,0.0,-0.008907079313886594,0.002225239062910529,0.0,0.0029920426009319556
2022-08-15,-0.008278847464371804,-0.00818502085876535,0.004743891398197246,0.29329620308685844,0.15299111874198565,0.0008798408199318983,0.0007031461723704029,-0.12948497372976614,0.0,-0.047958017103257956,-0.01894962159777352,0.036986353065824734,-0.004169110763297246,-0.00024396397611677428,-0.0293089841906887,-0.012256897399776924,-0.08970730267754194,-0.005741532180912852,-0.002505799649547527,0.00036745725299405123,0.0,-0.006995920232673477,0.018133066665006865,0.0,-0.0016841946030953154
2022-08-16,0.0011144437308532765,-0.016628977097556383,-0.005941352151428838,0.27436166607113766,-0.0018700935042285868,0.0004335623490002232,0.0007031461723704029,-0.12529999169772862,0.0,-0.030339280603079565,-0.023564862788995024,0.03615574429314773,-0.007280666917934254,0.000233833807470874,0.06553195943283283,-0.012684647446780573,-0.08655542578410408,-0.023348365837288866,0.008217001003013336,0.0013116248946497156,0.0,-0.013467510232010293,0.018345218385335968,0.0,0.0031190322709671826
2022-08-17,-0.0015065372609062422,-0.016860026994425743,0.016191616294423863,0.2952225051418085,-0.03836553975296556,0.002055553916779444,0.00042782083869565625,-0.12121547646703046,0.0,-0.05689500037502256,0.014430035829690864,-0.05611207983166656,-0.00312971754644175,-0.0003891154771232695,-0.02954725457448744,-0.013714577717657673,-0.09611309455901307,-0.019242976216390845,0.005093762885831871,-0.0006718078728693659,0.0,-0.017712533662149765,0.018185230779137963,0.0,0.0006415065256593398
2022-08-18,-0.002649002506492656,-0.0010594642306512505,0.007492011029867878,-0.11563928898853655,-0.002157202395244853,-0.0022107757468118787,0.0006199063168634703,-0.15389308795303078,0.0,-0.05758735526890583,-0.0032997809663690724,-0.03593061986040893,-0.001279406035006723,0.0023531465136510023,-0.002654857914632339,-0.04111469026906939,-0.11781005115348772,-0.011559336308187645,-0.0026875200466176365,-0.0006718078728693659,0.0,-0.009920215987048295,0.02670126571041241,0.0,0.0018160812966016152
2022-08-19,-0.0021059690999516586,0.010047488503385474,0.01345567215167128,0.3387002080108375,0.10964982679981299,-0.0018182475461288585,0.00042782083869565625,-0.17129060622417225,0.0,-0.13371973933776488,0.010248423355535895,-0.06433816655663552,0.0023732505243971957,-0.001090388690403332,0.013323421388198727,-0.014947123660505763,-0.10588076352936147,-0.001844664593220907,-0.0011748352253369617,-0.00018820981250914818,0.0,-0.011585251663868118,0.05740011985703607,0.0,-0.008064823134748253
2022-08-22,-0.003412226832548689,0.015744294620659776,0.04220706222931858,0.48154399215322236,0.18842292191818066,0.000536034066611278,0.0008054289582181014,0.3507803251767431,0.0,-0.031505524676938304,0.0062716175079905526,-0.05496266594926043,-0.0035201634270499056,0.000269708795866865,0.004211960073476039,0.024066111355837416,-0.048691004151740776,0.023770101700970776,0.0007201077883870928,-0.00010150641573527092,0.0,-0.018292205662539772,0.016833585550619208,0.0,-0.00199736838229227
2022-08-23,0.0024407754496682953,0.015744294620659776,0.040303326368386,0.47473904556192104,0.18838307349844552,0.0007120473223958891,0.0008054289582181014,0.3584898519557536,0.0,-0.008761711915522264,0.006791797560092223,-0.05388846942121814,0.0059891238137097765,-0.002639663949161178,0.004211960073476039,0.028112085755521533,-0.048618120732830214,0.022417372886937053,-0.0037750295254253222,-0.00010150641573527092,0.0,-0.019328347842566842,0.00943931334133176,0.0,0.0008737569168696884
2022-08-24,-0.00585596844199937,0.0068418853557111,0.026817764128308913,0.4083724324642911,-0.017134808675446405,0.001272436330541888,0.0008054289582181014,0.30316093381558884,0.0,-0.13166989066774798,0.040593819792165045,-0.03398501609697821,0.003795904634389044,-0.0011183081212221449,0.018339431402911326,0.020790671452734725,-0.046795169616412106,0.018154125718460413,-0.0023364320124010744,-0.0002387210903011459,0.0,-0.005225099143549024,0.004138964637460118,0.0,-0.00225731449337296
2022-08-25,-0.007528352685933273,0.020365826372069434,0.007836015103870298,0.2779319683360031,-0.2707401811341265,0.08237982569452479,0.00047725843515356394,-0.056600845741534754,0.0,-0.05087036140626691,0.020693210920209922,-0.012487799240051995,0.012345059537384089,0.010715245897103794,0.013941734587734693,0.05404273488633084,-0.034456052226010586,0.06101208996408679,-0.00313606647540834,-0.0002387210903011459,0.0,-0.030692110596260487,-0.005223495878551461,0.0,-0.004990810915686579
2022-08-26,0.0018147557468912291,0.018604749317895537,0.0212616307498859,0.44438677995260817,0.17235846458317372,0.0014458110162463248,0.0008054289582181014,0.3182137141635055,0.0,-0.10467289355255739,0.01049697668545073,-0.003826706157238396,-0.0034321699214227347,0.00017221691432345302,0.0031120131020218418,0.07524340042073925,0.07928464184030115,0.000734125588093791,-0.002710350219210707,-0.0001977447159720303,0.0,-0.012073229452663523,-0.004647040557279872,0.0,0.011323349077163218
2022-08-29,-0.0030097868265459723,0.018589887063324134,0.03044501981204207,0.33192032982310027,0.19439689892692816,0.0054053196478423375,0.0018010706516200688,0.4446432824614471,0.0,0.01027585190811433,0.04423617980583847,0.03048336085419912,-0.0033857092452708147,0.0027853832319018716,0.0029567763679181213,0.06784720332515265,0.05753112233557567,-0.00039512223539294426,0.0009056712818875391,-0.0001977447159720303,0.0,-0.01329817018139561,-0.00468009247404559,0.0,0.02423320432274621
2022-08-30,-0.003461217687666891,0.018589887063324134,0.0212616307498859,0.43616557040260057,0.17639888412557414,0.003408099743769484,0.0018010706516200688,0.44188199706382475,0.0,-0.03532075448070767,0.010439208325052522,0.02732373495634547,-0.005338546052255171,0.0027853832319018716,0.0031120131020218418,0.07442830781307898,0.06605160701089366,0.008027698453903782,-0.005636083902349768,-0.0001977447159720303,0.0,-0.00915771378204042,-0.011899989477454253,0.0,0.01399280751509133
2022-08-31,-0.00490470661416024,0.011993559996420575,0.0212616307498859,0.4413501177388852,0.1533199077196677,0.0031136067410997897,0.0018010706516200688,0.42668241010393027,0.0,-0.12294675252903166,0.01768840827569869,0.027376069370302753,-0.00663290647267984,0.0027853832319018716,0.0031120131020218418,0.06898912103471215,0.0916675112164079,0.00998701124916427,-0.005636083902349768,-0.0001977447159720303,0.0,-0.006532447700001643,-0.01422558764615643,0.0,0.011531142118492056
2022-09-01,-0.004527624374053976,0.009185359258080578,0.0202765649941514,0.48172342179848726,-0.0007275134351772874,0.003256581932088439,0.0008054289582181014,0.3072702948799531,0.0,-0.12394847311882069,0.03591127941143286,-0.04705213702329368,-0.00982375236434761,-0.00044462883350994105,0.0029208787482428175,0.050792735845697295,0.09455483947157015,0.006889490662410494,-0.0014434172560814675,-0.0007194350802970964,0.0,-0.006552873827474583,-0.013967439359713717,0.0,0.0030143630105568123
2022-09-02,0.0018506835897637436,0.011993559996420575,0.005884590822642639,0.42507877679622097,0.17554138139538666,0.00536194265078677,0.0008054289582181014,0.3252836334725649,0.0,-0.19086676318987836,0.0388712774780777,-0.024703100583381512,-0.009762566713748328,0.00017221691432345302,0.0031120131020218418,0.06244481669414686,0.08641573226495158,0.010556399720787214,-0.004221173644702249,-0.0001977447159720303,0.0,-0.006532447700001643,-0.015732517614123684,0.0,0.003453428469809502
2022-09-06,0.0032868354463726395,0.017457333887612964,0.026458971350974515,0.45394135668028784,0.17813803629301722,0.005741116419329826,0.0008054289582181014,0.42556503617180924,0.0,0.031129692458363813,0.042599697608260455,-0.0743972444658859,-0.00846820629332366,0.00017221691432345302,0.0029567763679181213,0.061178948767030165,0.053670622756540796,0.004002643621184983,-0.002283563286688097,-0.0001977447159720303,0.0,-0.009707781080348409,-0.010267057936007984,0.0,0.006651844181495997
2022-09-07,-0.008206296208430618,0.017946891605746584,0.009701394701173977,0.4606510406335592,0.1683945083510975,0.004763519104346961,0.0008054289582181014,0.33075168799097854,0.0,0.04180834488969184,-0.14587538388523333,-0.009693370724346995,-0.006858884870644343,0.019485006851011257,0.010886546098615823,0.027998689477113606,0.05583949559476028,0.004074933690993437,-0.001754044251720498,0.0003860730168977736,0.0,-0.01608158436993803,-0.012799934785424709,0.0,0.009287804032205048
2022-09-08,-0.0051050946703714035,0.007743897868501557,0.012789799853484931,0.3609424226546444,-0.09244085905112702,0.00404750730256128,0.00047725843515356394,0.3276911845208359,0.0,-0.040001442083747354,-0.14938807513423713,-0.027183091491566287,-0.0012848469149315,-0.001127985279953023,-0.038075496047437825,-0.07379074567596906,0.07264848505010182,0.0005199682305226432,0.0037728500057733214,0.0014046113472467121,0.0,-0.016029705865406075,-0.010342876918244969,0.0,0.007403466824429926
2022-09-09,-0.007213937661480307,0.007743897868501557,0.004951886548321197,0.22959869278089112,-0.08511030946837032,0.002542684831269453,0.0008092576186422959,-0.1455658230434778,0.0,-0.016136614942714907,-0.09974181284020524,0.005868402364342139,0.006745911465476193,0.057563192281640196,-0.031196910086809658,-0.041987087005724594,0.1610338261064785,0.02322975487171884,0.010624002146259592,0.0014046113472467121,0.0,-0.04328680242722344,-0.008631674750224694,0.0,0.017513852567705088
2022-09-12,0.003346874544280352,0.0050535949274224164,0.010279615402432156,0.42897974916395704,-0.05732938170923289,0.004820284703921364,0.00047725843515356394,0.3407844737947612,0.0,0.03822734884672928,-0.1304066910162998,-0.002832134493628771,0.0006616953929124134,0.015419761019824276,0.04675440622511366,0.010884583028920206,0.07548164823824116,0.01802412614733935,0.021677647394754754,0.0013116248946497156,0.0,-0.015448012399688654,-0.00801179050655808,0.0,0.018831279259441988
2022-09-13,-0.003437952302554608,-0.055589586238133024,0.011560216846893293,0.4160650324227427,0.138286406209175,0.0031323195984152103,0.0018010706516200688,0.37884743622932693,0.0,0.018574430419894834,0.006038189697282584,0.017536184479850617,-0.008103423753050537,0.0006018734243287241,6.106864326429469e-05,-0.08140958771518174,0.05490341832799039,0.004031663696704861,0.0032781890210697687,-0.0001977447159720303,0.0,-0.01277343516581693,-0.012183515002076562,0.0,0.006713847348052824
2022-09-14,-0.0027255897797703937,-0.05508306607571684,0.026771105364499483,0.4024203496273624,0.16866467568816076,0.005422127972556567,0.0018010706516200688,0.40274949101625845,0.0,0.04471686202003661,0.04542859943737147,0.02466552746382051,-0.00846820629332366,-0.0006095507634813519,0.0060728118748222554,0.008922442417681163,0.05454836842129852,0.004002643621184983,0.0038758869753656743,-0.0001977447159720303,0.0,-0.013316400230333331,-0.013822172685589508,0.0,0.005340067310803965
2022-09-15,-0.0027255897797703937,-0.05508306607571684,0.026771105364499483,0.4699478604789089,0.1502106880289763,0.00378727351231254,0.0018010706516200688,0.3873552456673543,0.0,0.04471686202003661,0.008625783933999199,0.02644623448543804,-0.00852939194392294,0.0027853832319018716,0.004177907605805377,0.008628787735732724,0.05918938678575505,0.0034332551495620373,-0.0003661009399446591,-0.0001977447159720303,0.0,-0.012141411237364771,-0.012994307951358941,0.0,0.005340067310803965
2022-09-16,0.002193381076358284,-0.05955072429417115,0.026771105364499483,0.4774559517335033,0.12549078415733622,0.004892801569570084,0.0008054289582181014,0.36162512833265115,0.0,0.03263740115984238,0.015521369665969273,-0.015369078450115444,0.0009798952968367418,0.00017221691432345302,0.004177907605805377,-0.08166506938829414,0.05918938678575505,0.025736815066088294,-0.002283563286688097,-0.0001977447159720303,0.0,-0.012141411237364771,-0.012994307951358941,0.0,0.001843453379583039
2022-09-19,0.007149759048395277,-0.023270306310110005,0.04220706222931858,0.5434787767799998,0.15146643221543116,0.004122553101139526,0.0008054289582181014,0.34148639899037175,0.0,0.039102620180515746,0.01079794635446049,-0.0426673669083983,0.004223210750697329,-0.00044462883350994105,0.004177907605805377,0.006826823194078408,0.06389395272021761,0.004158209999445973,0.006166956973585033,-0.0001977447159720303,0.0,0.03171838376908789,-0.010858841712802613,0.0,-0.04756500955125621
2022-09-20,0.004814828563691619,-0.03806900113940259,0.03481681138087472,0.42212828234878297,0.168874491212226,0.007393186353966835,0.0018010706516200688,0.39228589597065977,0.0,0.025195516208939374,0.042179222032291845,0.025950918104150168,0.005609335519477676,0.0027853832319018716,0.004177907605805377,0.004792993127887938,0.05667320685087011,0.012732816307667434,0.003710559257123207,-0.0001977447159720303,0.0,0.031985368846845844,-0.011735989093758203,0.0,-0.061126533786931454
2022-09-21,-0.0004528558871685078,-0.019833026901393973,0.04220706222931858,0.4510584841995465,0.14995472293981446,0.0064919779608126095,0.0008054289582181014,0.41613640428013593,0.0,0.02550152844777616,0.04612039946386013,-0.0490007708219182,-0.005224890839463073,0.00017221691432345302,0.0029567763679181213,0.06905961902784721,0.058206234097011054,0.012573867232766012,-0.0043922407149667025,-0.0001977447159720303,0.0,0.03678528969980126,-0.010030976978572047,0.0,-0.03667666017827352
2022-09-22,0.0030608889893967654,-0.000841687713498199,0.040303326368386,0.45842875913605863,0.1797590381959538,0.005757236950395602,0.0008054289582181014,0.4033813999411368,0.0,0.019224817782289065,0.033717347416418735,-0.05155855082139932,-0.005277360401655891,-0.00045771075734844297,0.0017917737959417784,0.07138710377598613,0.0540530698568778,0.017441171559055994,-0.0043922407149667025,-0.0001977447159720303,0.0,0.03771107182871369,0.019074940547621346,0.0,-0.037391272751437214
2022-09-23,-0.0025514779481288527,0.01556997667905896,0.04220706222931858,0.4597597468540796,0.16446165220457684,0.0020234474842077714,0.0008054289582181014,0.4036052633526192,0.0,0.03318784042868738,0.02296717556120498,-0.05340705055095097,-0.005513603570985125,-0.00045771075734844297,0.0017917737959417784,0.07765014043452392,0.06226599788334349,0.03141790219332813,-0.0043922407149667025,-0.0001977447159720303,0.0,-0.006633252890955646,-0.0003475795555098191,0.0,-0.015962548264501376
2022-09-26,0.0030506021898702674,0.015003459620373015,0.0413384315513446,0.5477631824976952,0.18451120473894142,0.0022169468469753657,0.0008054289582181014,0.3792388968029665,0.0,0.035346671320054306,0.0062017319744613305,-0.04295428293730565,-0.00524618767015715,-0.00045771075734844297,-0.011877992505686358,0.06489876878592413,0.06043548865854563,0.03199898652347709,-0.0043922407149667025,-0.0001977447159720303,0.0,-0.006633252890955646,0.01725589207334549,0.0,-0.009469778437581506
2022-09-27,0.003185124003306459,-0.011032435556100936,0.0413384315513446,0.4950050276109366,0.20427804266752053,0.0030106105766532646,0.0008054289582181014,0.390965912606137,0.0,0.035346671320054306,0.0201769262373866,-0.04195690171137332,-0.0053139102418392715,-0.002947390120873717,0.002245288573603301,0.05698629686324273,0.050686287731672705,0.017847198370475003,-0.0033948594890343205,-0.0001977447159720303,0.0,-0.00475296458760776,0.01725589207334549,0.0,-0.007009650177524534
2022-09-28,-0.002527571661530732,0.017472196142184367,0.04220706222931858,0.4229820108012071,0.18539963981727045,0.0058547114479829245,0.0008054289582181014,0.3831013881595895,0.0,0.03398011003277272,0.038633689962135766,-0.05434749853364429,-0.005452417920385845,0.020125094646419834,0.0017917737959417784,0.058354464445358856,0.061336661571184004,0.017266114040326044,-0.0033948594890343205,-0.0001977447159720303,0.0,-0.006633252890955646,0.018255097272598345,0.0,-0.00676189902119537
2022-09-29,0.004994865572907968,0.015311443831368704,0.041541805180350395,0.49963875224411675,0.1941359907458037,0.00507853382528801,0.0008054289582181014,0.3773656513969828,0.0,0.035537317347904974,0.007080780178461056,-0.020682614228872544,-0.00524618767015715,-0.0015060387276013285,0.0008443136389392399,0.06489876878592413,0.055996126378288866,0.0315761519787798,-0.0043922407149667025,-0.0001977447159720303,0.0,-0.006633252890955646,0.01962746774480392,0.0,-0.006938816947393915
2022-10-03,-0.002626143364885838,0.02035402540024682,0.03044501981204207,0.3628586151683074,0.1798633669367846,0.005410622744432148,0.0008054289582181014,0.3685622119328589,0.0,0.02950096265031487,0.04953264534641035,-0.0015254262360463074,0.004111760471832674,0.012019825223685533,0.0016519176468486,0.059657363078501224,0.06987863258274124,0.017786250332074045,0.01394238259162222,-0.0001977447159720303,0.0,-0.007668214208942295,0.03262912860830373,0.0,0.02299330521805319
2022-10-04,-0.0031568582296760124,-0.051121928019678714,0.012496279638850912,0.4328306907744294,0.14666225034181446,0.0051371349910602155,0.0008054289582181014,0.33570315917546467,0.0,0.03150321464513816,-0.05826631177255672,-0.0036387550530365994,-0.003366880013141686,0.012019825223685533,-0.003577134264525443,0.008451717488742669,0.0659760319480025,0.019428084307908794,0.004491489648336969,0.0003860730168977736,0.0,-0.01080719585518407,0.024212618498851476,0.0,0.009537343774053459
2022-10-05,-0.0041028762527206076,-0.05453352615535968,0.01045612463159357,0.4365108968916644,0.15652627409980266,0.004867394086415763,0.0008054289582181014,0.3223520639237203,0.0,0.017287009361161895,-0.16826432296625773,-0.018861333994351224,0.0013734535800850368,-0.002441580385896272,-0.011216550221348596,0.011519981916455667,0.06164732096967859,0.0170341148589749,-0.010801980919616469,-0.0001977447159720303,0.0,-0.013191802214989697,0.006014095504974351,0.0,0.007619416701139896
2022-10-06,-0.003542915891178196,-0.013266958023542713,0.023386619692124577,0.5374308582125812,0.19869100354750013,0.005160722748214581,0.0018010706516200688,0.36463629026107636,0.0,0.04072547405141295,-0.08648305961644766,0.029524139062951434,-0.0042536922417144175,0.010508278392818319,-0.009295181760071615,0.011908148600750387,0.04834487852574132,0.012083814380339241,-0.007087199294348238,-0.0001977447159720303,0.0,-0.013433666113459685,-0.007367506953952607,0.0,0.007068058020005467
2022-10-07,-0.0035190096045800753,-0.013266958023542713,0.019619908008814444,0.5300384724084084,0.18396060332774317,0.005160722748214581,0.0018010706516200688,0.39067551870194606,0.0,0.030389370740700115,-0.09540123967566866,0.02781928339038734,-0.004428749760444372,0.0027853832319018716,-0.009295181760071615,0.005598545383393489,0.05376264783508042,0.012937811549195799,-0.0003661009399446591,-0.0001977447159720303,0.0,-0.013433666113459685,-0.007367506953952607,0.0,0.011056449317286499
2022-10-10,0.005707224188562653,-0.013203769055903843,0.022308756700622538,0.6159648131514034,0.1864336521741107,0.005009478122250201,0.0008054289582181014,0.3581021832750196,0.0,0.03742609166024363,-0.07497422808349131,-0.043863721434738566,-0.004316575299226027,0.0019880331771517205,0.0020896595900669205,0.006600132066622935,0.05518044511652824,0.017784859257453794,0.00013827891967906062,-0.00011358596839983575,0.0,-0.011993347590917596,-0.007567161612811549,0.0,0.007671658451533977
2022-10-11,-0.001148709170572491,-0.009792170920222876,0.030495059239266167,0.5815200605587155,0.1769362855288973,0.002985339618906971,0.0008054289582181014,0.3953872582933096,0.0,0.0444575663674215,0.031410923541867565,-0.04652088988844267,-0.008375847911225637,0.00017221691432345302,0.003230447448802837,0.005636718392229527,0.05396797146927403,0.011991753013954963,0.007278253175931256,-0.0001977447159720303,0.0,-0.014359638286856652,-0.007947165839250364,0.0,0.00766381289033454
2022-10-12,-0.0010531558452947839,-0.008043411776234582,0.030495059239266167,0.572756342490663,0.18314680668224695,0.0021916758892290725,0.0008054289582181014,0.3943605144421255,0.0,0.0406956811649115,0.0014197406166987158,-0.040518273783522595,-0.008437033561824918,0.0019880331771517205,0.002009316210915583,0.05384655014278035,0.052681143710482936,0.02686058943336189,-0.004706901208735749,-0.0001977447159720303,0.0,-0.009292732356143285,-0.007567161612811549,0.0,0.005580795629431332
2022-10-13,-0.0026252610524588205,-0.01378787056130356,0.02780621054745807,0.5155184304260009,0.16123401129590254,0.004910287676553068,0.0018010706516200688,0.40323244146539516,0.0,0.04570231626067084,0.001419740616698715,0.02327195436664548,-0.008437033561824918,0.009809821788737636,0.003230447448802837,0.013323686938914404,0.05416211107978856,0.0293066705397307,0.005436097386210235,0.001029668414146992,0.0,-0.01422607437276454,-0.007268100605513679,0.0,0.010746301929499493
2022-10-14,-0.0036499820990569753,-0.013816497943899875,0.01862282148530189,0.46890947230642954,0.19232352348723167,0.00532477763768791,0.0018010706516200688,0.37373467211303185,0.0,-0.09604324107505993,0.020076598869434203,0.02469200296096598,-0.009670208331650304,0.0027853832319018716,0.0033856841829065574,0.007600445095806439,0.05265677355939049,0.018386560038655783,-0.005636083902349768,-0.0001977447159720303,0.0,-0.011755488006450753,-0.012156386443461883,0.0,0.007465466637568264
2022-10-17,-0.003542915891178196,-0.013266958023542713,0.019619908008814444,0.5780337721712115,0.18735204343183817,0.005160722748214581,0.0018010706516200688,0.3618808580760613,0.0,0.03974857922052289,-0.09540123967566866,0.0004924685752995864,-0.0042536922417144175,0.009850625782014602,-0.009295181760071615,0.011087429996353211,0.05219075765751033,0.012337173120685921,-0.01069105740028237,0.0003860730168977736,0.0,-0.015799956809398743,-0.009702301656150427,0.0,0.010341450748018783
2022-10-18,-0.0037835512358695626,-0.013266958023542713,0.023386619692124577,0.46704459738804155,0.1844144722723195,0.005057018318780437,0.0018010706516200688,0.32208090312145116,0.0,-0.04624671875564165,-0.08793780044012182,0.00860261062465306,0.003280674123269432,0.00585277076962113,-0.009295181760071615,0.004457207511896356,0.05892910835867643,0.01693161642502767,0.014053306110956319,0.0003860730168977736,0.0,-0.01608158436993803,-0.017994741291094445,0.0,0.01274669611908648
2022-10-19,-0.004489606380970723,-0.017734616241997025,0.01722405614528678,0.5251817340342022,0.170766630014126,0.004939704073702261,0.0018010706516200688,0.3216952072013664,0.0,-0.05758237684530143,-0.06862007770239179,0.009699177472269324,0.003280674123269432,0.002608843505887474,-0.005256283063046595,-0.0743163663254035,0.05539631298742773,0.016678257684680984,-0.005069097637449596,-0.0001977447159720303,0.0,-0.01579850214938799,-0.01716687655686388,0.0,0.007803897086675991
2022-10-20,-0.004686317291188832,-0.05900118437381399,0.0063344733648952115,0.398762062619303,0.12939115549370664,0.004043373611394707,0.0018010706516200688,0.35343150986624444,0.0,-0.01763931920374812,-0.12766698135871216,0.027216630967877898,-0.0006188789260851605,0.010508278392818319,0.014925444795640841,-0.0719888815772646,0.06499951116748968,0.018637570479941475,-0.0005451514789488848,-0.0001977447159720303,0.0,-0.013429636523490829,-0.018710458523537712,0.0,0.00625573319263677
2022-10-21,-0.005118414073714103,-0.014091325494378007,0.0133390125141815,0.382867870348442,0.0626908326840495,0.004462405591784834,0.0008054289582181014,0.38215448645976857,0.0,-0.025919837697982943,-0.13730805373423155,-0.01733299889435597,-0.003505678239783349,0.009879460645234765,0.10456709003442737,0.030363425759329838,-0.006499408323606998,0.0389196957811482,0.021240124963240927,0.008342062924404616,0.0,-0.013749310956200448,-0.009755352109586944,0.0,0.014757801382622464
2022-10-24,-0.008049561934421698,-0.014066805211865227,0.020812029586894643,0.41361925107972336,0.019455922771493613,0.005107843952273119,0.0018010706516200688,0.35937959749977816,0.0,0.027367226595619555,-0.15462110765322482,0.022062601813544653,0.01640096017291468,0.0005932810586218807,-0.012355438344848556,0.024747005933594288,-0.05025405588923591,0.02661314006572653,0.003245546825455642,0.008342062924404616,0.0,-0.014807031610740606,-0.009889153624979562,0.0,-0.018213033396950393
2022-10-25,-0.0049776848039546325,-0.01065520707618426,0.011396768307235237,0.4254905526752814,-0.45522094166454474,0.004169131090138298,0.0008092576186422959,0.21397690700862904,0.0,0.016685400518888345,-0.01276373947926649,-0.00134944892083005,0.004076173189988593,0.009603958284870168,-0.0053081637708655574,0.022409146945578388,-0.051346682670326584,0.02677111871878445,0.001874115638490839,0.008342062924404616,0.0,-0.014807031610740606,-0.007771652811044592,0.0,-0.017762963725082983
2022-10-26,-0.003100629008380771,-0.010618595301216647,0.018731043294392666,0.39722387241137186,-0.4994800637703787,-0.0012816937249214184,0.00047725843515356394,0.204545745936194,0.0,0.03346632235557338,0.030077563710827822,0.020532604060947042,0.00124910322382924,0.0010165531199272026,-0.004637127749655751,0.007497845559540516,-0.04773100774950105,0.01047690268237705,0.002911136254024137,-0.0005273911389533369,0.0,-0.01379535345671188,-0.007507156797561058,0.0,-0.019825982858072404
2022-10-27,-0.004812234960161267,0.012370707059703065,0.018377727978061028,0.4073975538760176,-0.5033633859057567,-0.0012816937249214184,0.00047725843515356394,0.21476571579898182,0.0,0.01912654912315667,0.028949533798679664,0.017402785467836832,-3.6115776391059145e-05,0.003023523201485951,-0.003228766926988921,0.016580935593494512,-0.04709601536213129,0.02039664833812222,-0.001298419532481129,-0.004272763936890169,0.0,-0.01379535345671188,-0.007298612098314848,0.0,-0.017215034125626527
2022-10-28,-0.005734288576377112,0.012407318834670679,0.00903594539114516,0.38196349216920406,-0.48776631166496076,-0.006191547572135884,0.00047725843515356394,0.21470989111456493,0.0,0.038131756054413,-0.014029221220398597,-0.006240762833614365,-0.002537784414312901,0.010067833445230396,-0.0053081637708655574,0.005129078249988883,-0.053590692015281605,0.003473139386825722,0.011193953438659936,0.001029668414146992,0.0,-0.01512139690738596,-0.005270552035316178,0.0,0.005032010848244844
2022-10-31,-0.0038572327808032505,0.012402524010724818,0.017724973337954225,0.3731062305333692,-0.5407820629692454,-0.008161950952220803,0.0008092576186422959,0.21548275198653194,0.0,0.039591040053318136,0.030956283432697875,0.010454076707087818,-0.0017853075646399649,0.0010165531199272026,-0.004637127749655751,0.005649125305035141,-0.04659499460423551,0.0033433212251657175,0.012505223948548708,-0.0005273911389533369,0.0,-0.016047179036298393,-0.0037598185719770316,0.0,0.023760913996187124
2022-11-01,-0.00582467397743239,0.012402524010724818,0.01755177583308531,0.41881403376217585,-0.5321922602940174,-0.008158620217204177,0.00047725843515356394,0.2153440070552337,0.0,0.03492800203839621,0.030236284517950657,-0.010413796154011322,0.004340967006646337,0.0024027128727502002,-0.0010093701933126856,0.005649125305035141,-0.052182815935036306,0.011421117652374595,-0.004135822298489932,-0.0005273911389533369,0.0,-0.017301563343388497,-0.007625356736174408,0.0,0.006453071705655398
2022-11-02,0.0013159221781142102,0.008153998824282799,0.018725650861588467,0.46764630647217736,-0.4518776069971144,-0.011518003334784515,0.00047725843515356394,0.19905205889767127,0.0,0.03584158546406374,0.019476498740307387,-0.03214569338300568,0.004959962169345901,-0.0005111395321196288,0.0033740132262489605,0.026342260691183818,0.08386437948624693,0.021699204860654523,0.018581159635095608,-0.004272763936890169,0.0,-0.016371080979632798,-0.00786604693162187,0.0,0.01453985073086974
2022-11-03,0.001481501552666794,-0.0076910912615777965,0.01837910322418761,0.45374270468430267,-0.4956370223668372,-0.011979256591829586,0.00047725843515356394,0.1891125470511496,0.0,0.02645987865210668,0.01931704797992333,-0.023994443053857804,-0.0006277987279131313,0.0006747490590367391,0.0028832138654454947,0.006639824496521705,0.07063355173138941,0.006895991314450061,-0.0036160988299821072,-0.0005273911389533369,0.0,-0.01334232005145403,0.006046064636024102,0.0,0.0053384734894908106
2022-11-04,-0.005462858648523881,0.008144876903625727,0.018078308748164358,0.3650806611504813,-0.528629540921066,-0.006205386166055835,0.0008092576186422959,0.2130859283345246,0.0,0.029522597589639175,0.02010803579051073,0.019390905428561114,0.0005199170922111364,0.005296585842531215,0.0029095369273190244,0.010713112781594303,-0.05410487200641041,0.014252009105538962,0.009142464921782851,-0.0005273911389533369,0.0,-0.013526337943354986,0.003764732074763246,0.0,0.00828666642163502
2022-11-07,-0.0038105489742914526,0.008412758572090374,0.011295114947522255,0.41236104363480675,-0.5059744724409954,-0.006215150037923251,0.00047725843515356394,0.19223831641605446,0.0,0.02609368764750177,-0.007463797487395965,-0.01003954155534975,0.0038073723829607324,-0.0008220805436524447,0.006852840233572883,0.00552047869531897,-0.04948975424605738,0.01557694756751991,-0.009542006097681594,-0.00011358596839983575,0.0,-0.01251465978932626,0.009785200819976355,0.0,0.005373462978550225
2022-11-08,-0.0037194670668980944,0.008099722109379991,0.01992768962107256,0.48250778109470094,-0.12163903019301409,-0.004988269659856457,0.00047725843515356394,0.41301052722350656,0.0,0.039093038218394,0.038994736213687466,-0.009461987179256132,0.0005362625765881438,-0.0008220805436524447,0.005772911347619146,-0.008892805030108248,-0.056871107991056,0.0022330094522711717,-0.012465787262190078,0.0014046113472467121,0.0,-0.014538243274471055,0.00626710042969294,0.0,0.006200767985000659
2022-11-09,-0.004491668266357895,0.01633460775691966,0.030458211807213045,0.5169492365139973,0.16843888019811998,0.0006650515630406698,0.0008054289582181014,0.388847388971567,0.0,0.037547004258443886,0.0019418147423667465,-0.0200387530628784,0.004620908670624633,0.0030259688738625353,0.00010476186408428516,-0.07910695701086894,-0.0517724203536586,0.010497894087829394,-0.012639442443555908,-0.0001977447159720303,0.0,-0.01440740580825037,0.010482272915053567,0.0,0.007697078224221262
2022-11-10,-0.004797175116296244,-0.010606228429620546,0.018957302581449304,0.2130439884903044,-0.013783324503938953,-0.010537129443338341,-0.006989972744535663,-0.20704734109942424,0.0,0.02779400616066155,0.015640413206599837,0.0041660330466287525,-0.08236018351058516,0.009450756039465642,0.06514308574640108,-0.01142053474443593,-0.061258701831717,-0.010378615555491105,0.013329341285316416,0.0013116248946497156,0.0,-0.019348536532102105,0.010310901197040164,0.0,0.005264071475149167
2022-11-11,-0.006246155232486659,-0.015380808364103727,0.018957302581449304,0.2279727256925401,-0.012611306973279779,-0.0016568450717744233,-0.003712873707251586,-0.19231089167694634,0.0,-0.03284444247642672,0.018844425552620656,-0.01339415053029899,-0.09766241188431932,0.0011475257369030938,0.06636752146009439,-0.010806105954100873,-0.11095109925372788,-0.02325619165578578,0.008418108860886795,0.0013116248946497156,0.0,-0.014151983799783252,0.022462577920108345,0.0,0.0024865597234767483
2022-11-14,-0.0038877956820405008,-0.010765592086210238,0.010453582401312155,0.4134662589651131,-0.06353340056429019,-0.0008112392025101574,-0.004141921419368429,0.3262929702281076,0.0,-0.16284014950209133,-0.0015954071163282782,0.017683655147861115,-0.07927412816836442,0.0025118257965005505,-0.0034082832752234432,-0.0005232604829641961,-0.05894861997618531,-0.005564919409772967,-0.006809682208805574,-0.0002648818992023621,0.0,-0.011526431503012767,0.020701794529013162,0.0,0.0033393413407183698
2022-11-15,-0.004178032353401277,-0.039119828664251496,0.020984104587452652,0.37537880015073194,0.09186133557843988,0.004028410052477599,-0.006989972744535663,0.3608481097719496,0.0,-0.21694184121380072,0.032111602096435175,0.0010336165195199967,-0.09335926991393391,0.0001610930728832083,0.025194215422343937,-0.00277081484290301,-0.05754844009374563,0.0010535239503946122,0.0071275990616170145,0.00036745725299405123,0.0,-0.0108968661704457,0.008501883103638933,0.0,0.0030451861868658232
2022-11-16,-0.0027794978785425804,-0.006605125821548617,0.009834257755642915,0.297617854389535,-0.3836011169549268,0.0031875022638890357,-0.004141921419368429,0.1554145327395348,0.0,-0.17792112256391862,0.019381424648974556,0.01686909680372279,-0.07934246292995303,0.003023523201485951,0.09125041741309663,-0.0009238646713036258,-0.044486248279633205,-0.004990095999064015,-0.006998757193780285,-0.0002648818992023621,0.0,-0.01165304690122055,0.002960639187806528,0.0,0.0033259857553977934
2022-11-17,-0.00032385652248103237,-0.006605125821548617,0.007324073304590139,0.31808975147076207,-0.43198638118483734,0.0036600174100177127,-0.004141921419368429,0.17684640827328446,0.0,-0.1784707929194882,0.022398414894934174,-0.012578009660177495,-0.07934246292995303,0.003023523201485951,-0.0008541334592089654,9.81578078447778e-06,-0.05496007054349021,-0.006220434434318341,-0.005670526838941843,-0.0006718078728693659,0.0,-0.01165304690122055,-0.0036720970453993584,0.0,0.0035336456388408923
2022-11-18,-0.00032385652248103237,-0.006589538930003062,0.007324073304590139,0.2722656300466399,-0.44520417772028664,0.004152575881343976,-0.007023200047502778,0.17459757397258208,0.0,-0.1787767591223109,0.022398414894934174,0.0028730876432099643,-0.07900919522466723,-0.0008931243306496969,0.010254525343996523,-0.0022736791505975256,-0.056904347612627755,0.0054796888564161185,0.0031917249969170606,-0.00018820981250914818,0.0,-0.012664725055249276,-0.0024296630909156386,0.0,0.0030648141079015942
2022-11-21,-0.0021072146183676137,-0.007470999291926659,0.006348678918203275,0.3267173100295371,-0.22125455098938343,-0.0001646717771652459,-0.004141921419368429,-0.08854930796196299,0.0,-0.09752245052868772,0.019164544937453093,-0.015679824345335668,0.0006123882871189837,0.0019835276420505097,0.009834536378342938,-0.01272076536278002,-0.051702672018841635,0.00615359553374661,-0.0013994140899092308,-0.00010926037804838186,0.0,-0.014030787234527992,-0.005674317398799466,0.0,-0.006864584964144193
2022-11-22,-0.0020087617020310552,-0.007470999291926659,0.006348678918203275,0.31147821089943534,-0.21623919706370442,0.002348805689731873,-0.004141921419368429,-0.08739189038686873,0.0,-0.09713323452524643,0.020418798767642646,-0.0008289525627922583,0.0006123882871189837,0.010715245897103794,0.01058387756406819,-0.012656249710980024,-0.07158452055250135,0.006000642939222133,-0.0027665738119079905,0.00021331788095160285,0.0,-0.013641571231086716,-0.0045696702737156765,0.0,-0.006864584964144193
2022-11-23,-0.0019674747423291047,-0.004797679796315411,0.004630588504344668,0.3188194434162187,-0.21136603702339643,0.0021670939322226174,-0.003725791329484074,-0.07729034844031463,0.0,-0.11683663602112639,0.0013135718457878177,0.014781532672127366,0.0031061905479925402,-0.0011725486922621118,-0.030187404793592672,-0.011907646899480926,-0.04241470038073764,-0.0032352010113008956,-0.001679028006696071,0.0013116248946497156,0.0,-0.008571633896975652,-0.006446437049962229,0.0,-0.0066702028798154124
2022-11-25,-0.0017361631666474968,-0.005464729188140517,0.004541979187829043,0.23362602712653657,-0.2015165327585629,-0.0009248155006293957,-0.003725791329484074,-0.08823815182116476,0.0,-0.12708534580735398,0.012209821672562411,-0.008667887445203998,-0.06508491545238015,-0.0021326646755889475,-0.03045560431010042,-0.01398821037106189,-0.06125756615329321,0.004342049546606908,-0.0039073173079710475,-0.0002648818992023621,0.0,-0.00589893560455696,-0.007280842879071207,0.0,0.0013218292659902386
2022-11-28,-0.009982563698713715,-0.018193644170092834,0.018970631062044,0.2697197575471706,-0.01955285888611846,0.002415102184512766,-0.01563072029798845,-0.1765527397413067,0.0,-0.10656073370117343,0.011309842863329145,0.02637757735118174,0.002809387968407997,0.01100417437375262,0.008427132189406958,0.05492952664586489,-0.027993267178331567,0.060111153395564616,-0.0014115684851455986,-0.0002387210903011459,0.0,-0.010036000300309713,-0.00424396388393493,0.0,0.046858484146119185
2022-11-29,-0.006748088156216504,-0.00416957524446139,0.007373633304453742,0.2695205140228117,-0.17939564694288948,0.0025997881529838994,-0.007023200047502778,-0.1460382517328013,0.0,-0.06372342000052074,0.013473256987979213,-0.005683845065232886,-0.06766222532285222,-0.0024460859209974825,0.009312938603417805,0.056033634807446456,-0.05798424027193757,0.059318676666325024,-0.006521194458346093,-0.00013217525041255644,0.0,-0.016638692854155736,-0.007849055969303086,0.0,0.003256326859694673
2022-11-30,-0.005257867454101726,0.007645105771783598,0.00705216363888182,0.2363471365675906,-0.2576480517843057,0.002022571135378103,-0.003725791329484074,-0.0740586860386392,0.0,-0.06962883280860832,0.012855582402876289,-0.007343100090414764,-0.0804493499162549,0.014496268045099098,-0.03001221184822484,-0.008148020307601225,-0.09843857264172093,-0.008975507342788906,0.003740357180270888,0.0013116248946497156,0.0,-0.008373208372185258,-0.008918450593110548,0.0,0.003997431722078111
2022-12-01,-0.005257867454101726,0.007645105771783598,0.006705616001480963,0.2599637883450574,-0.24313354119483752,0.001985518325601167,-0.0026056501942972495,-0.08950546244654183,0.0,-0.06961239329196846,0.01828931908453342,-0.012238223837007265,-0.08053404874570143,-0.0019553728865248613,-0.03001221184822484,-0.010703101390358016,-0.052865706060631124,-0.005961637613650572,0.005999049057462279,-0.0006718078728693659,0.0,-0.007361530218156533,-0.009360390447139683,0.0,0.0010569515830976771
2022-12-02,-0.004627975522885024,0.006629606866984552,0.006773145880335463,-0.07340031049502647,-0.19080982373264116,0.0012639909263899311,-0.003387136019433777,-0.16966489804554638,0.0,0.014142370178705626,0.0019145886568114625,-0.009989154199937107,-0.016287917252777746,-0.0024179273833469135,-0.0038087555361587854,-0.020929730823162983,-0.045563614634608535,-0.001522722707095622,0.007640898940652384,-0.0006718078728693659,0.0,-0.017645905622824243,-0.012946813658225906,0.0,0.004872162990564081
2022-12-05,-0.005105242624739195,0.007645105771783598,0.00860939869271578,0.3201549269005583,-0.15453619360471604,0.0018825499271913075,-0.0026056501942972495,-0.2290730508700308,0.0,0.02898089230375705,0.016554806012940456,-0.011810794280254479,-0.08364560490033844,-0.00032977719011194887,0.01074501978493024,-0.010289765808080753,-0.06438764672616497,-0.0032898092495592356,0.007069144455815996,-0.0006718078728693659,0.0,-0.014151983799783252,-0.007280481422130096,0.0,0.0018636066277757416
2022-12-06,-0.006203605571540357,0.009083814173164124,0.019139920878856277,0.27522560546188973,-0.07019899486009387,0.0017536784765226233,-0.006989972744535663,-0.20733032381440192,0.0,0.03143591821930789,0.006040108991198982,-0.011373801475866367,-0.09736948881185613,0.0010977694052630264,0.009883068697931038,0.008595471422226915,-0.05737085280382952,-0.01315368625993094,0.01182869983340586,-0.0002387210903011459,0.0,-0.019348536532102105,-0.005722662845498448,0.0,0.004688958841578071
2022-12-07,-0.00012457561554156906,0.005122676117125995,0.00743679539915561,0.30725871314826336,-0.06728686103829468,0.00255200553019823,-0.01563072029798845,-0.21163802937059611,0.0,0.029292422286656107,0.006040108991198982,0.0015912145178819052,-0.09703622110657033,-0.001945684404961968,0.013990266907322793,0.007963764382439002,-0.056588238721322216,-0.01283140477897275,-0.012683204055963732,-0.0002387210903011459,0.0,-0.018786332249496624,-0.005734744253243571,0.0,0.002749137294399518
2022-12-08,-0.006599767153519295,0.005122676117125995,0.00860939869271578,0.3168541851700997,-0.16684625436217537,0.002411130369098262,-0.007023200047502778,-0.20749977875396533,0.0,0.02909900699194863,0.00320926487359732,0.01288844891243436,-0.08301941412258945,-0.0032622402785137286,0.014126732135608389,0.005408568045709454,-0.055208755617401226,-0.01108859719958928,-0.013315071310954853,-0.0002387210903011459,0.0,-0.018786332249496624,-0.007407049821819212,0.0,0.0029677325048294927
2022-12-09,-0.00838740239798282,0.007494518646307493,0.019139920878856277,0.32162325221062454,-0.03238658919345981,0.0032196235028273037,0.0018010706516200688,-0.23584137897884141,0.0,0.029436782532027538,0.012326000200469539,0.02749025988589654,0.0008415406896825506,0.0023873580736227433,0.01404720722027243,-0.021091286467670882,0.07914407112119978,0.014494358096388448,0.0006528079782438295,-0.0002387210903011459,0.0,-0.019987784474108143,-0.009975684853561444,0.0,0.015667551388745107
2022-12-12,-0.007113995714682374,0.020841984671873683,0.029507049507252067,0.40894825240642996,0.20537587539833865,0.006668785597462656,0.0018010706516200688,0.4047304072148431,0.0,0.04492956176284885,0.049051647717858624,0.022536710926335846,0.00017178951158515747,0.00585277076962113,-2.4146815829211776e-05,0.009320597430612344,0.033661137195960714,0.008305445794835092,0.008355523333018176,0.00036745725299405123,0.0,-0.016366042618588292,-0.007526209526481543,0.0,0.011839402643485318
2022-12-13,0.003828416871919565,0.017430386536192718,0.0070157379058261434,0.29829303578225136,0.19715322074759206,0.006135183909212893,0.0008054289582181014,0.39791540517849505,0.0,0.055186558959249274,-0.14804533041473775,-0.009202023864681365,0.015205050748350537,-0.000358857516053575,-0.03808452775920228,0.005586106929868704,-0.04893652550827285,0.0063227849207930535,0.009839312244049516,0.00036745725299405123,0.0,-0.015475617957857263,-0.0052844751213026,0.0,0.012415651482828536
2022-12-14,-0.007029505267077234,0.012433571875023565,0.014785746436301185,0.2842476075593716,0.13503568238103827,0.0026292955770159613,0.0008054289582181014,-0.16931396831382262,0.0,-0.02522790678300979,-0.017438085728323744,-0.012659251217443488,0.012487277461393075,0.00020384826604959586,-0.03228950256623841,-0.03390438097777865,0.009948203979414956,0.046184801913004746,0.01964010117002017,-0.00010150641573527092,0.0,-0.017439878888678827,-0.00881721641795646,0.0,0.010379418252869697
2022-12-15,-0.0038842905258250184,0.017136468247923947,0.029507049507252067,0.26166864435454384,0.1902220153275113,0.004131683845822071,0.0018010706516200688,0.4027239749220199,0.0,-0.0032756939422202086,0.04428990724196843,0.029201758871544144,0.00020731345501951066,0.002155455560229972,0.01290043259914727,0.06784720332515265,0.07021673488861829,-0.0017375358487705687,0.00032688557158865614,-0.0001977447159720303,0.0,-0.0072445531873183144,-0.002773161945314374,0.0,0.01212176639248141
2022-12-16,-0.006200231509939526,0.010540141181020387,0.016606445553232402,0.26461913074608007,0.11879924482440189,0.0028686205336470876,0.0018010706516200688,-0.1548298707074731,0.0,-0.08263906625477628,0.019331717917707315,0.025667859068847405,0.0023933816141356794,0.0017574304019508436,0.011893423985400461,0.04835174634493021,0.1168189772597649,0.09261984267605898,-0.0067572281181805405,-0.0001977447159720303,0.0,-0.007047535319590853,0.050217132069033436,0.0,0.005236190264812198
2022-12-19,-0.006387781510946136,0.00879944654411369,0.021253438049561254,0.2726835647047816,-0.006567407898135803,0.0027645918366001306,0.0018010706516200688,-0.17994627943523014,0.0,-0.007792263789432372,0.03699750964955574,0.023999975232151385,0.0037802920817609637,0.0017574304019508436,0.011702289631621435,0.03987213447947589,0.1207718175906345,0.09552724029495321,0.0025684816377841814,-0.0007194350802970964,0.0,-0.007612323343190487,0.05169810180037199,0.0,-0.04522543548702892
2022-12-20,-0.0032341748207456522,0.006577395337308148,0.008362527925070855,0.357068794175853,-0.23384006098431637,0.0024890594377085717,0.00042930928899404983,-0.0057410493979149204,0.0,-0.004475713002835538,0.03392091532619961,0.015720605656613394,0.001747307250653735,-0.005448073291838496,0.012675121054505491,-0.040262106357601336,0.14283059386040461,0.09431606448254244,-0.00019682260851829108,-0.0007194350802970964,0.0,-0.012679229273903853,0.05150634727751078,0.0,-0.04136264964503458
2022-12-21,-0.0028569313688893276,0.00786423152899907,0.008362527925070855,0.3380263934669954,-0.2226941162792379,0.0008182895532866004,0.0003002395285610001,-0.010946224751082,0.0,-0.021510511092887607,0.010707101559395086,0.0042772557718116526,0.0016673064104750662,0.060527401408866484,0.011452444725591482,0.0015330679884450167,0.14179651879148888,0.09460147664389754,0.0015915174798081376,-0.0001977447159720303,0.0,-0.008233112679307444,0.047290664511211736,0.0,-0.028781281335402226
2022-12-22,-0.004638101864086077,0.006518238429734383,0.008009212608739217,0.34424988265950146,-0.250977012788188,-0.00019486316688519474,0.0008092576186422959,0.0012067943330219843,0.0,-0.028932361436477504,0.009428620155740752,0.019372081188647416,-0.0007656284098695003,-0.0015381459763428179,0.01372712043710112,-0.018720768496217104,0.11275118917433914,0.09503139641189665,-0.007819624965498756,-0.0007194350802970964,0.0,-0.011546934711084526,0.05013183125188019,0.0,-0.03848280362593401
2022-12-23,-0.004774156891217827,0.005310852080718343,0.0047890132271415226,0.2637598560981529,-0.21376504028215776,0.002050541800388187,0.00042930928899404983,-0.024588415991743575,0.0,-0.05054948062535459,-0.0941866856798337,0.006484326911117456,-0.0018679916839448424,-0.0009090263035959955,0.009860779293208962,-0.009786302339896963,0.1156731077371101,0.10618520753105518,0.008558199203976895,-0.00011358596839983575,0.0,-0.007457405458130454,0.04730289151624787,0.0,-0.007402251470390755
2022-12-27,-0.00466295004634142,0.010165293370109081,0.0066444375112122474,0.3050727870514889,-0.3116524448617004,0.001113392841743183,0.0008092576186422959,0.003648127489759183,0.0,-0.029367960899439927,-0.00907586897017317,0.005606049680950326,0.004161108671348623,-0.0017146857023572154,0.013377669577072027,0.02382522210103219,0.12475340413079998,0.09782842023652782,0.003732197629425805,-0.00011358596839983575,0.0,-0.008248624102317578,0.07076657183273383,0.0,-0.008007072496461749
2022-12-28,-0.004393858772429359,0.009744307872231722,0.010442206428710424,0.3050269233858594,-0.25108829435471847,-0.007098143237046213,0.00047725843515356394,-0.07924182231493275,0.0,0.029143547025363724,0.04538530280414698,-0.008567298142044055,0.00029396220480735715,-0.0023354960310929688,0.01246477297800126,0.03996865936579634,0.1384355747208937,0.09293266392112855,-0.0028499815221971927,-0.0001977447159720303,0.0,-0.009381462672902843,0.06688511319542688,0.0,-0.007510058284567557
2022-12-29,-0.004197622818073434,0.008551772494297012,0.010088891112378786,0.33690005837782566,-0.2367300747032538,0.00041759168642251836,0.0008092576186422959,-0.0996628438943847,0.0,-0.0656825007828367,0.04671096424043982,0.011146100841056493,-0.0009654530828900633,0.06144055879487448,0.015580808484905399,0.007008020566604555,0.17093553781921914,0.021438645644420593,-0.0061937811508669715,0.0003860730168977736,0.0,-0.015623357596584776,0.0257690111406884,0.0,-0.010270555890084711
2022-12-30,-0.0048363507577511775,0.012388758882699906,0.00821260091826017,0.3541614894687986,-0.28106518474566006,0.0008451390694989456,0.0008092576186422959,-0.11344054692283541,0.0,-0.03234009790750248,0.009424091279554526,0.005092870230961378,-0.0021131689030143303,-0.007349562404033602,0.011725762314348636,0.002120052617590267,0.08242009976059313,0.0200697461575587,0.011610707985680561,-0.0001977447159720303,0.0,-0.015271333905204984,0.02775139644753793,0.0,0.005634838777375572
2023-01-03,-0.004031727588030049,0.008441061258149226,0.018424856385565215,0.38058802677883413,-0.49938169194141263,-0.006549711013981992,0.0008092576186422959,0.18322534283313516,0.0,0.02272270931383719,0.04301257581718847,0.023701985833281022,-0.0008763676037524085,0.008146666304450451,0.008387521729522547,0.0010961641867781964,0.10772185151488835,0.003737171500052099,-0.0071493600565298845,-0.0001977447159720303,0.0,-0.010011150880626445,0.01968735986575239,0.0,0.007533123878999295
2023-01-04,-0.004039783938376543,0.00846968864074554,0.018424856385565215,0.36544228232013803,-0.532027157426666,-0.00852384400939943,0.0008092576186422959,0.20088227174439585,0.0,0.024624904415727022,0.020168090038091783,0.020216423139099392,-0.0008763676037524085,-0.0012929072099244338,0.00905928158295874,0.006085210929350939,0.07575179098714674,0.007441371409646658,0.008134876052514055,0.001029668414146992,0.0,-0.010011150880626445,0.0058870610405966466,0.0,0.010597314506755042
2023-01-05,-0.00438067318312223,0.012373896628128503,0.00958704667153898,0.4124242620806238,-0.4759256180493948,-0.006092187372269439,0.00047725843515356394,0.18191639479888708,0.0,0.028337442332820456,-0.024470306098497756,-0.014676125145071524,-0.0014861042804517114,-0.0005111395321196288,0.009885398291485617,0.003876726344255929,0.07448778355787351,-0.001040490815192397,0.005038459746531179,-0.0001977447159720303,0.0,-0.01365974198838179,-0.005431793153281898,0.0,0.006880068886026542
2023-01-06,-0.0041110425351167604,0.012402524010724818,0.018078308748164358,0.3184284301043268,-0.5185848983318684,-0.0011334601015213128,0.0008092576186422959,0.16874756323996595,0.0,0.029182405198606293,0.02273869459543086,0.017449801136975064,-0.0006019950153902527,0.019376812038940785,-0.030238915587730838,0.010693377682846393,0.08764102627649324,0.0016689139328384373,0.008134876052514055,0.001029668414146992,0.0,-0.01365974198838179,-0.006259657887512465,0.0,0.009524814220193323
2023-01-09,-0.004039783938376543,0.012402524010724818,0.017378425700553368,0.38635572835518683,-0.5384781351181915,-0.0011334601015213128,0.0008092576186422959,0.1923783511269076,0.0,0.02958265570884979,0.020028161917374922,0.006891160185995159,-0.0006019950153902527,-0.0031249368323393537,-0.030238915587730838,0.006096503062918564,0.08408106862221025,0.0027563987433843963,-0.013431276559729623,-0.0005273911389533369,0.0,-0.01365974198838179,-0.00693872312124915,0.0,0.006142489536033256
2023-01-10,-0.0049476672086983,0.012402524010724818,0.0043238494366608805,0.3691270232801556,-0.2552939890974412,0.0019487920884863315,0.00047725843515356394,-0.11499933023830801,0.0,0.02067018728480047,-0.012048135966401797,-0.011325125678952719,-0.0026680144282547964,-0.0042623483067771965,-0.0302102043920252,0.0051346866131760285,0.07126180145022269,0.006446852700105117,-0.012979792190526926,0.001029668414146992,0.0,-0.017767698724471082,-0.011991952231569231,0.0,0.0058908258106936465
2023-01-11,-0.004229762822233734,0.012402524010724818,0.017378425700553368,0.3723865138224622,-0.5019646183360189,0.004261829819971489,0.0008092576186422959,0.17210580635824677,0.0,0.037619722907836474,0.021503900318195147,0.0015960531370026862,-0.0004156887183463586,0.014955885859464028,-0.030238915587730838,0.006637192963046634,0.10472847929296679,0.028715924923327814,-0.022440918525000225,0.001029668414146992,0.0,-0.01594881487216543,-0.005438355359649375,0.0,0.015036003677373299
2023-01-12,-0.0008666322395090405,0.0028468508346479004,0.004254941302253591,-0.05069273580440816,-0.1694603724709938,0.0024271447750092295,0.00039028727795944784,-0.007222737895694024,0.0,-0.03442834799511556,0.0027292583245168475,0.0572016452229766,-0.0006734819767165359,-0.0013156361597970573,0.03494468643427627,0.013409526676066003,0.17443200329364028,0.030869088331166295,0.003812045123446171,0.00036745725299405123,0.0,-0.008890887952143666,-0.023891037433082112,0.0,0.0132981231594906
2023-01-13,-0.0027390305606296455,-0.0009269880360998825,0.001379863798927038,-0.06534143004753913,-0.1978880798149385,0.0020934611436760134,0.00039028727795944784,-0.07048809070240329,0.0,-0.08451994178458444,-0.013968570894339352,-0.029344412152859004,-0.002481403451343457,-0.0016447703450378878,-0.004159824970883078,0.0047515257585165555,0.029816939774597734,-0.022797873935356133,-0.004242798306749466,0.0013116248946497156,0.0,-0.009008757957121857,-0.029966523738862046,0.0,0.0029209975450461474
2023-01-17,-0.0015413278107238382,-0.009190614060050584,0.004254941302253591,-0.08074091171548016,-0.23230281918603515,0.002935936395019223,0.001509285948414375,-0.05712780238056982,0.0,-0.06669895212157004,0.010538913114409583,0.0007394079778002772,-0.0009831566549976835,-0.0037389561572116346,-0.011271899649639087,0.0012514268620998224,-0.030954736035676247,-0.018360521546572,-0.013461125189524194,-0.0006718078728693659,0.0,-0.016689493085051632,-0.011344256752431014,0.0,0.0034623209307676843
2023-01-18,-0.0065401982656370285,0.023019342629122867,0.010453582401312155,0.3816519452367676,-0.06931428143686255,0.0041258728865143195,0.0008092576186422959,0.3314324700230594,0.0,-0.1786168410230826,-0.0157869281344244,0.0036065601675127896,0.0025198802035355603,0.0010165531199272026,0.011972336681005018,0.023900846496844454,-0.03261625612332311,0.035869149144108235,0.014989584648505883,-0.004272763936890169,0.0,0.0040917599798071524,-0.01353937371465302,0.0,0.011626030543730518
2023-01-19,0.0016525495273077323,0.019058204573084738,0.008234116107863594,0.34011051993186087,-0.07135353660365926,0.004582605581310456,0.0008092576186422959,0.33438987128544967,0.0,-0.17832612286547836,-0.0157869281344244,0.004233499763352099,0.0025198802035355603,0.0010165531199272026,0.015330193704671521,0.023246204156065254,-0.05168066603925973,0.035869149144108235,0.014989584648505883,-0.004272763936890169,0.0,0.005665642416441358,-0.013389505477507968,0.0,0.012124408584777832
2023-01-20,-0.00642197116644267,0.024293029274850286,0.009480942439311277,0.2821492973996733,-0.4591303493738514,0.00583546341510819,0.0008092576186422959,0.17737385643531853,0.0,-0.13600924704071868,0.03955479018309466,0.012636567782125265,0.0007673239784863777,0.009563154291593202,0.010254525343996523,0.02414176581330669,-0.03537052713690078,0.02407080112288793,0.016859054824633988,-0.004272763936890169,0.0,0.0036760788394911348,-0.007614505558609594,0.0,0.012762026492493738
2023-01-23,-0.004951751800681844,0.00642651025885809,0.018731043294392666,0.36525661702747914,-0.5065284763573075,0.006124410343914703,0.0008092576186422959,0.21053177259046787,0.0,0.03752938908296837,0.04653986191447929,0.015201221909250218,0.0006209614060346633,0.005101424118839501,0.008301540057495359,0.006234033846753202,-0.03800670923082132,-0.0035483512728490723,0.004133817296276362,0.00036745725299405123,0.0,-0.008709135983350103,-0.0069577259408282665,0.0,-0.01876111643214853
2023-01-24,-0.0070098498033917215,-0.004459692361713237,0.02155410352486696,-0.11815338730692017,-0.4153521350231355,0.005102635282321424,0.001509285948414375,0.19642346216777262,0.0,0.02729253176806879,-0.012388451558767515,0.0073818695141693435,0.00013993775280524284,-0.003319770926511944,-0.008189858278242847,0.004252346723586539,-0.026384867794911372,-0.00458568765070019,-0.013494949777467433,-0.00018820981250914818,0.0,-0.01766616169483895,-0.008152625972871154,0.0,-0.015414669276066792
2023-01-25,-0.0070098498033917215,-0.004459692361713237,0.02155410352486696,-0.10305547313763258,-0.49302614365000713,0.006940257411429455,0.001509285948414375,0.2275148556856466,0.0,0.029292282722717458,0.03254467039584518,0.007017264711152545,7.160299121663036e-05,-0.0020859723051611283,-0.011517020011925156,0.004688381554505501,-0.023192307072388254,-0.0034785628754979156,0.00954728241109049,-0.00018820981250914818,0.0,-0.01766616169483895,-0.008152625972871154,0.0,-0.056085153783526645
2023-01-26,-0.0014599248043629426,-0.004471123159881644,0.006322838767620184,-0.07432676308821339,-0.2728810618510536,0.0030448344608765246,0.001509285948414375,-0.06360487898142966,0.0,0.01979986654115593,-0.012924217918857686,0.025002192345388245,-0.00010184059660426102,0.010042761730310415,-0.010911471992103057,0.0032115907703817006,-0.04540742631274924,-0.015948347102825687,0.0124888244112955,0.0013116248946497156,0.0,-0.023495701672930414,-0.024880032558898296,0.0,-0.058823268304063654
2023-01-27,-0.001229176353449924,-0.004471123159881644,0.00660909624205074,-0.07176601846953606,-0.2989250569553503,0.0031296087381979015,0.001509285948414375,-0.07796087835018711,0.0,0.01935805743560139,0.013404457748743239,0.025619126630387002,-0.002415120301686724,-0.01039788670076789,-0.011313115870851691,0.002230753666640474,-0.024530414227610806,-0.014813937117998346,-0.0392672725647408,0.0013116248946497156,0.0,-0.023572202502664445,-0.024880032558898296,0.0,0.004001025923593562
2023-01-30,0.0035443326376681196,0.006409124154991607,0.01921694723640202,0.26467388884930815,-0.06293213306315193,0.011217852021950884,0.0018010706516200688,0.3381625054859267,0.0,0.042434392492783524,0.08139475233283727,0.029340371116836458,-0.0011359342145081885,0.0033945725184306857,0.009434140803153766,0.01776574328444081,-0.031202024673519454,-0.02153507675750537,0.009641147837170322,-0.0006718078728693659,0.0,-0.009100688916731646,-0.005600083602367061,0.0,0.026569967482756838
2023-01-31,-0.013137832319179935,0.057090655465916976,0.030719270103327083,-0.12062758238486597,-0.16637689359722152,0.06318542127799588,0.001509285948414375,0.3707891323415894,0.0,0.04343465498690241,0.07429404350580215,0.044017494764139006,-0.0023088622669351177,0.004174168500514751,-0.005374705927736526,0.01026339453691868,-0.027237739087666676,-0.019642720493424342,0.03370449818710589,0.0013116248946497156,0.0,0.022322595043097356,-0.023040359792835634,0.0,0.018582195712080782
2023-02-01,-0.00719969393994039,-0.00447707846557972,0.006916682235780003,-0.07152924370512286,-0.2690562436456206,0.003204348849102941,0.001509285948414375,-0.032975670154717966,0.0,0.028174091569585804,-0.012621440773468532,0.024137349517080894,-0.0004204057956320846,0.011254566178579709,-0.011488308816219522,-0.010581195576845389,-0.047443099585771316,-0.006825284921571053,0.035326333018247474,0.0013116248946497156,0.0,-0.024023763218343982,-0.008318826234719426,0.0,0.016964062946165665
2023-02-02,-0.007964774678424134,-0.008213436465384112,0.008071217525645366,-0.0573363423709566,-0.1948077503337387,0.003141317656114036,0.001509285948414375,-0.09894967412947153,0.0,0.026407553526794747,-0.015597013663293833,0.0490367651501932,-2.110638874105935e-05,0.010394011042436506,-0.011441116713421459,-0.010065307180280116,-0.048850023627795336,-0.009382610626560282,0.03411452856997818,0.0013116248946497156,0.0,-0.023572202502664445,0.002733779622310454,0.0,0.016378599296827754
2023-02-03,-0.005762430234608646,-0.00500463741351004,0.007768577992197077,-0.06502217913077524,-0.24069217195714465,0.09357666234542243,0.000708883404278613,-0.049224765639187706,0.0,0.008379512166159888,-0.012274332256961585,-0.09717319023895,-1.1569985823446788e-05,-0.0005021243063642371,-0.011227238047344715,-0.009354913539298092,-0.03152525227399719,-0.0038796670776182823,0.007831386951245361,-0.0006718078728693659,0.0,-0.02694829814884161,0.0007896872817460978,0.0,0.006579135247986408
2023-02-06,-0.006614697680829717,-0.005266256128271817,0.00559103742811822,-0.0890747771782502,-0.1432213964813382,0.0028678652486253727,0.000708883404278613,-0.12756843935613146,0.0,0.016140339801282128,-0.03023700377491389,-0.07092793443311057,-0.00611484746142819,0.0038579016798030736,-0.012213943742129175,-0.012063493701670192,-0.02570276962303883,0.0003089434157971989,-0.010217129377031764,-0.0002648818992023621,0.0,-0.026242080812334458,0.0018810323596752992,0.0,0.004349611948999789
2023-02-07,-0.006609461894298719,-0.005266256128271817,0.00705861902926327,-0.07685765070336202,-0.14596659405686968,0.00215423903374751,0.000708883404278613,-0.11902377533913788,0.0,0.018005038426520188,-0.03411463271488657,-0.09162029386484433,-0.005661964036569952,0.010268306169773122,-0.012213943742129175,-0.01077566116227032,-0.04877178477912891,-0.005125686913446806,0.011264954573978246,-0.0006718078728693659,0.0,-0.026120880184062147,0.0021236633579283706,0.0,0.006579135247986408
2023-02-08,-0.00558236955873443,0.03020285517842234,0.020694988973296417,0.3341038407009425,0.14045256790974478,0.0003891260249257193,0.0008054289582181014,-0.17426684031558476,0.0,0.04306832135547204,0.03346864867483938,-0.05989453188763883,-0.003000809324160347,0.00047604897670400307,0.010165195832330364,-0.007440415074078128,-0.03061559336094391,0.006677533231165093,0.0049252996200314925,-0.00018820981250914818,0.0,-0.0013922721992468362,0.0007549718770139403,0.0,0.007080019890865578
2023-02-09,-0.0014162756710536994,0.026241717122384208,0.032195898199060165,0.3532819630127368,0.1943928561205713,0.002609167525509906,0.0008054289582181014,0.42957326142591995,0.0,0.05591567275091043,0.061387999053552696,-0.06436336389799598,0.00011931994939233971,0.0005893422822985141,0.015320618876681532,0.01666658017591509,-0.0482990397938072,-0.007713679193432196,0.00605652703602346,-0.00018820981250914818,0.0,0.0038271744716900876,-0.00015743430287496374,0.0,0.009136253511883883
2023-02-10,-0.0037539014091454073,0.027374270298095377,0.026771105364499483,0.3456725879491607,0.20333380984374483,0.006547976152761387,0.0008054289582181014,0.4156388519349807,0.0,0.05779564114408855,0.061692423001343484,-0.006287973417939075,0.0029327321038210992,-0.0009231463975304309,0.015320618876681532,0.01666658017591509,-0.04909480673738666,-0.007243174449801054,-0.00498912309982388,-0.00018820981250914818,0.0,-0.0010326003876124515,-0.00019146187083810625,0.0,0.00638117450072097
2023-02-13,-0.007242173598516846,0.03278882716953368,0.026071222316888496,0.39152387031677166,0.20188653310367605,0.0044563889977212254,0.0018010706516200688,0.40570114162812876,0.0,0.05877232766667406,0.034395813385217355,0.026891781073927,0.0029327321038210992,0.0007884427823135944,0.010963150378301922,0.006567062399190852,-0.03606177188223595,0.0048038229070920205,-0.012572837773370857,-0.00018820981250914818,0.0,-0.0032512085579879295,0.007273173476775653,0.0,0.006303455824250069
2023-02-15,-0.0024660089904186824,-0.009190614060050584,0.001808945639202289,-0.057301086649904104,-0.1738364967545588,0.0038721026441737114,0.0006225852086746049,-0.11237378996522826,0.0,-0.06959882029339542,0.01891181272523486,0.033590835584750386,0.0056908237255227576,-0.010046637388641793,-0.00717569331656995,-0.012015199411375575,-0.059519434100849596,-0.020594913354454136,-0.01131951766548804,0.0013116248946497156,0.0,-0.02007416143118222,0.013049540361002856,0.0,0.003465631290884573
2023-02-16,0.003734462168954997,-0.014970640051055556,0.015067979884798821,0.34173782076799686,0.13487509481153787,0.04450169523159196,0.0008054289582181014,0.3161011007790714,0.0,-0.020162620755418276,0.04114728997936332,-0.015417389249843006,0.002803823881539697,0.000269708795866865,0.011370528137010895,-0.06857783730613501,-0.03094295473563227,-0.005225455493153102,0.005729145746564617,-0.00010150641573527092,0.0,-0.013605528856004375,0.008416896385995193,0.0,0.006361947301380997
2023-02-17,0.0019262268663986554,-0.020568116108663406,3.578433683154446e-05,0.2638590370251277,-0.021534749918691046,0.010868439582930952,0.0018010706516200688,0.2850313798000113,0.0,-0.19458351217533437,0.06890691801897647,0.02493238286968668,-0.00903313672031981,-0.002384892497629806,0.009241064722472074,0.00407940687069772,-0.035597481243629166,-0.01115488518645864,0.004064640685807452,-0.0002387210903011459,0.0,-0.007433374457102922,0.020217182338541414,0.0,0.003336106560538576
2023-02-21,-0.003974509762923013,0.011042283333623962,0.025117401896382143,0.40454227601485143,0.1681427486914347,0.005294243053634696,0.0008054289582181014,0.28577992928144097,0.0,-0.07389042013576606,0.04092802024944704,-0.02186865978586701,-0.006571720822080559,-0.0015060387276013285,0.017422503497663635,-0.07394836093971474,0.04996601883212617,0.028649713212826753,-0.005960813310812658,-0.0001977447159720303,0.0,-0.00430719305442862,0.03011518707073329,0.0,-0.0014377035327139051
2023-02-22,-0.005638171813905224,-0.016097500577354377,0.026817764128308913,0.3460458078070373,0.1544090816177634,0.005458624293164399,0.0008054289582181014,0.3422228241150415,0.0,-0.1713175723535164,0.03795289150443206,-0.06022311797423002,-0.006700629044361962,-0.002317462449201814,0.015621646839891399,0.05847979870341302,0.04373933711259842,0.026234479631169694,-0.004963432084880276,-0.0001977447159720303,0.0,-0.0025005790453577577,0.01432145256484807,0.0,-0.0011325739916062773
2023-02-23,-0.0077489523489793505,-0.02008970261860778,0.013344968575001129,0.3978390383181931,-0.10095673568952951,0.004918947250897225,0.00047725843515356394,0.4221783519550207,0.0,-0.07839654971892628,0.044611847766561206,-0.002233435846842049,-0.0015401092154215634,-0.001127985279953023,0.018217920033718266,-0.048867677584257196,0.019189014237794885,0.0009273793028868148,0.0007885048985208117,-0.0007194350802970964,0.0,-0.004987124326946109,-0.004877794697905054,0.0,-0.009727464919707404
2023-02-24,-0.001784380766706535,-0.02032075251547714,0.011565012898750908,0.4301427298790918,-0.07859645887525704,0.0041140876944472885,0.00047725843515356394,0.30966885529003435,0.0,-0.14870221654334906,0.018042184949492366,-0.03990402581891585,-0.002398447431131484,-0.0005111395321196288,0.01875208184136681,-0.048720693792279335,0.0819678151275662,0.011397869482613211,-0.000438115984477374,-0.0007194350802970964,0.0,-0.004032691961445094,-0.012776756935050404,0.0,0.0009296071771884109
2023-02-27,-0.004927101377192019,-0.019499833691651928,0.0058182562059383375,0.37767732287722455,-0.4330019210331574,0.003178812989965357,0.00047725843515356394,0.21719161267655657,0.0,-0.03552266642001292,-0.01582672686366986,-0.018900160983886614,-0.0020854992807371594,-0.001127985279953023,0.021726914996337426,-0.04042355002379166,0.0748007893017393,0.013169193763751965,0.005878605777137809,-0.0007194350802970964,0.0,-0.004124947797431182,-0.013092092032866695,0.0,0.013472595220788447
2023-02-28,0.0014545961157336118,-0.017243924034974868,0.00713836434279871,0.32809821313497495,-0.487699292947175,0.003544611885998264,0.00047725843515356394,0.21336845850597091,0.0,-0.004721007309219532,-0.022218740306606612,-0.028376581332415447,-0.000791138860312491,-0.0005111395321196288,0.020500723301502,0.04066150209798647,0.08038614990852141,0.0010486340450972307,0.00041521537961572685,-0.0001977447159720303,0.0,-0.006076493957062806,-0.012264227298636129,0.0,0.007614157175647347
2023-03-01,0.002917340980201207,-0.017243924034974868,0.005816111105455966,0.23595092758061287,-0.508248556348034,0.005547223581804439,0.0008092576186422959,0.1877231129843217,0.0,-0.020210913860105012,-0.01041967145608999,0.023010671733595188,-0.00019337983800320552,0.00210202678545879,0.020500723301502,0.04052442777737002,0.07883524168785018,0.0010486340450972307,0.002332677726359164,-0.0001977447159720303,0.0,-0.006930204991445525,-0.010757297330668877,0.0,0.014640279087841837
2023-03-03,0.002680893835162021,-0.004762828985295656,0.010228278453642513,-0.05793008634503311,-0.39725604181175145,0.007017428499395515,0.001509285948414375,0.15432217348465588,0.0,0.025423231911044203,-0.06245153432073068,0.0009304384016549916,-0.002127153704347972,0.023328357716148555,-0.016517588822233104,-0.0013430338332162933,0.1212906235369152,0.041592811848080155,0.03728414454125645,0.0003860730168977736,0.0,-0.0224843415927581,-0.005748572751144163,0.0,0.03268041674762339
2023-03-06,0.0034149368649057095,-0.0045012102705338786,0.00882610336684268,-0.060301136783636064,-0.42604376289066787,0.008505724989002398,0.001509285948414375,0.17614084086201862,0.0,0.024700391759848856,-0.024877771400714177,0.04066832238220616,0.006159468757267946,-0.0018942179199992002,-0.01129620258378961,-0.0003396713012734615,0.10936440685053926,0.04164785599596028,-0.03319764749253942,0.0003860730168977736,0.0,-0.0224843415927581,0.006363241558392797,0.0,0.022506270172107726
2023-03-07,-0.006788062287459364,-0.00794105921927731,0.006005409682798381,-0.09046021394788181,-0.4404520592657777,0.007951149904923268,0.000708883404278613,0.18185582211922366,0.0,0.021065450845588626,0.013824121414928912,-0.05230887763209883,-0.0021666345694160206,-0.0011777175302574723,-0.007298004828897496,0.0027285931264395373,0.06495724802266142,-0.002560836865594606,0.00192388164086557,-0.0001977447159720303,0.0,-0.018626967413952953,-0.02917154459313698,0.0,0.012536040673245909
2023-03-09,-0.00750502608425117,0.011027421079052559,0.012413966916446629,0.41752480086731103,0.15205256260430403,0.006195468464852521,0.0018010706516200688,0.37083206270587066,0.0,0.03433641011741629,0.004609226481438853,0.030579760455447864,0.0009798952968367418,0.0027853832319018716,0.018432269335536263,-0.08175225346344553,0.05722011552510959,0.0033351826313694852,-0.0009448866502435421,-0.0001977447159720303,0.0,-0.00786658100692978,-0.011972070051194142,0.0,0.013071526385125752
2023-03-10,-0.0029283633794826517,0.01461423938868286,0.026771105364499483,0.450606340462153,0.1917193742507948,0.0029911497314706044,0.0018010706516200688,0.39540793935407764,0.0,0.028873557257050656,0.03920286285206974,0.03084082449617731,0.0008928312837339577,0.0027853832319018716,0.007323610532330772,-0.03919515607522719,0.05649941338549056,0.004412024151607216,-0.0009448866502435421,-0.0001977447159720303,0.0,-0.005789383903825725,-0.011559013907989609,0.0,0.008675729876726166
2023-03-13,0.00432354384064326,0.01461423938868286,0.023596480903867345,0.45467793976038773,0.1872646233036669,-0.014916646756520663,0.0018010706516200688,0.4010023215912709,0.0,0.03836765058510604,0.058168438061734586,0.01327844611690186,0.001288790799267214,-0.0019777052255360236,0.007323610532330772,-0.03919515607522719,0.05878176840665633,0.006935805237524651,0.004380566129002869,-0.0001977447159720303,0.0,-0.003686405104559387,-0.009854001792803452,0.0,0.011313984166872775
2023-03-14,-0.005443817068934415,0.029008992365576976,0.03529960638356801,0.4818973323912264,0.17317077932296107,-0.013276751660298928,0.0008054289582181014,0.3943100994273098,0.0,0.04817345061600983,0.01777921879360987,-0.012438427358157455,0.0013054265900595242,0.01031450094237483,0.004177907605805377,0.0008631326057449002,0.05905846475846848,0.005395529941007272,0.0038017804187039862,-0.0001977447159720303,0.0,0.006243946324847042,-0.011055659264701426,0.0,0.012041877733966857
2023-03-15,-0.005609396443486998,0.029008992365576976,0.03256366224081543,0.43200904242231414,0.1777647626685913,-0.013401124632878935,0.0018010706516200688,0.4058767967749119,0.0,0.04750488774370645,0.030129869745620104,0.011666399437828502,0.0008928312837339577,0.0006018734243287241,0.004177907605805377,0.0008631326057449002,0.05878176840665633,0.004909560292186909,0.0032781890210697687,-0.0001977447159720303,0.0,0.004016594553000696,-0.009854001792803452,0.0,0.009961289285752345
2023-03-16,-0.0056294096404782695,0.032749108473033965,0.03529960638356801,0.37899830206062923,0.17873809714977637,-0.013401124632878935,0.0018010706516200688,0.3950700204012633,0.0,0.047105419723909595,0.017279003930233138,0.009807259375297013,0.0067163400196761395,0.01031450094237483,-0.029625622453956477,0.005053978226792315,0.05967204243169484,0.004762526547118343,0.0039127039380380865,0.0003860730168977736,0.0,0.0024427121163664908,-0.011609137609703515,0.0,0.012041877733966857
2023-03-17,-0.005772564356084021,0.02828145025457967,0.03529960638356801,0.4571232500995289,0.17411256687070065,-0.013401124632878935,0.0018010706516200688,0.39104220362356135,0.0,0.03580728849045434,0.015046817445184992,0.011666399437828502,0.001288790799267214,0.0006018734243287241,-0.0032660930904180123,-0.06348233379233816,0.05939534607988269,0.006716481422647632,0.0032781890210697687,-0.0001977447159720303,0.0,0.004545690915632828,-0.010781272875472947,0.0,0.010756318324940678
2023-03-20,-0.005126532287734048,0.026255171116589354,0.04098175290145241,0.4113235758642702,0.17848581062706328,0.003968315842982929,0.0018010706516200688,0.36555129358478516,0.0,0.026276417269907374,0.04836480885198246,0.02455847262253285,-3.42874274937732e-05,-0.0023945595506742853,-0.0032660930904180123,-0.05261130461035779,0.05514297259428736,0.007888754910099795,-0.004690526875146315,-0.0001977447159720303,0.0,0.0013826968713913385,-0.012743310736015867,0.0,-0.10055397280657911
2023-03-21,-0.006322860981995446,0.0290528690222867,0.022553209928476318,0.29140854232950997,0.10586036790774962,0.000654905824855657,0.0018010706516200688,-0.2524662709060397,0.0,0.027319810477999834,0.031180262266400433,0.023960258002741534,-0.0011569739426792775,0.0091354350446988,-0.029627353242408002,0.009412505660171145,0.039555586719545385,0.009885771563332212,-0.0034981550199543365,0.001029668414146992,0.0,-0.0006370185582553968,-0.017369371464074815,0.0,-0.11173039151932104
2023-03-22,-0.0019852644390907902,0.029034309070315928,0.04098175290145241,0.3660962980349992,0.15947774590167763,0.030157116752230834,0.0008054289582181014,0.3565412613796326,0.0,0.040333020398631174,0.045753412691840446,-0.002356463545540804,0.0005116348366388115,0.0006018734243287241,-0.029625622453956477,0.004936459564501624,0.05658980413149437,0.0025919913160785684,0.006776063507838754,-0.0001977447159720303,0.0,0.0006064365489634599,-0.010528418585976735,0.0,-0.12355921489670948
2023-03-24,-0.006355393859385738,0.02919179095172301,0.02149239036551757,0.23825995161927682,0.1484701994881803,0.0006522120057090713,0.0018010706516200688,-0.19968349289551524,0.0,0.02730882521429627,0.03267021596657913,0.0074186279037697055,-0.0008761297294461331,0.00013719102728530013,-0.028617684346695173,0.003507594140127602,0.03461405461441113,0.09741923862789745,0.008906513575091618,-0.0005273911389533369,0.0,0.0026372787782185103,0.053889354410637226,0.0,-0.033221349946478206
2023-03-27,-0.006471181984692655,0.03278253067957614,0.019880359139459354,0.27417634198825364,0.1639607652763179,0.0005801915230216537,0.0018010706516200688,-0.22021025865029134,0.0,0.0029964621480316166,0.032402488112193296,0.015293718204026587,-0.0008761297294461331,-0.0003266841330749414,0.012218881774943686,0.007274947443337515,0.042031724122339416,0.10019911419067774,0.0015741062267253278,-0.00021840869417056035,0.0,0.0026767288496825693,0.07204988050589549,0.0,0.0009696276944208593
2023-03-28,0.0008150107444359451,0.015528501504049044,0.015088496528983556,0.28989994552167875,0.1518083019647934,0.00340298818431973,0.0018010706516200688,-0.15311040785363125,0.0,-0.0024340052593820145,0.0013754197060135381,0.005771804485917478,0.0037802920817609637,-0.0034695332158472965,0.018060306206587162,0.006024670785765105,0.03143033210749774,0.1004447743151051,0.0015741062267253278,-0.00021840869417056035,0.0,-0.006474288229014409,0.07033976370118225,0.0,-0.0010960709653164732
2023-03-29,-0.0005508782347737543,0.05578964744680994,0.001504024621356801,-0.07538341126073281,-0.004809660784876693,0.002975292001257436,0.005710082774957787,0.0365295675590022,0.0,-0.010277360360138672,-0.03677343314772736,0.07477092493896184,-0.004002929384705036,-0.004605009773183033,-0.0052323600224558845,0.005434111382418769,-0.08973313376049998,0.1120578182082866,-0.009378754336665369,0.0016155186739637306,0.0,0.025240297829014383,0.06745274253382134,0.0,-0.020215216347794645
2023-03-30,-0.0011564870697442378,-0.006039705199448524,0.0057047844139740825,-0.0790013779114996,-0.18192529039600247,0.0008896765186548415,0.001509285948414375,-0.07285242783182641,0.0,-0.05744178518303298,-0.025166589060009185,0.00285322203888797,0.001998936166961275,-0.0014906815610967379,-0.01175507376984657,0.006064468436775128,-0.05775297206222196,-0.013767401220482173,-0.018925389536181326,0.0016155186739637306,0.0,-0.01505908191212794,0.014615018737221222,0.0,-0.019409436723656442
2023-03-31,-1.035475904923395e-05,-0.008166798442232467,-0.005738538977513118,-0.056775013660734557,-0.03891694043859066,0.0015680591453961995,0.0012616493869080981,-0.016996690566915433,0.0,-0.09482998878887933,-0.0519861212434063,-0.023592940118218154,-0.0028325177072498586,0.011705752086326536,-0.009711577360938604,0.012378173602203484,0.08270077146114455,-0.033850448424683786,0.025884039622804552,0.0013116248946497156,0.0,-0.015102102089106286,0.052173122147361826,0.0,0.0049368361876109546
2023-04-03,-0.0007752349718538982,-0.006899067102203112,0.0036388787006868947,-0.06375592706452914,-0.21794785801193395,0.0008896765186548415,0.001509285948414375,-0.06630215550431078,0.0,-0.03128308460183943,-0.027276614046054488,-0.014807956392153283,0.0024474493222540463,-0.0014906815610967379,-0.01175507376984657,0.0034948073126144716,-0.04649520517359935,-0.030471450573989287,-0.014323690115006615,0.0005171503746331833,0.0,-0.015194357925092373,0.022189860645467817,0.0,0.04763974874025416
2023-04-04,-0.000729013138158212,-0.007916927414323151,0.003786234708774345,-0.0806397779406845,-0.20544414887075266,0.0009289387817000901,0.001509285948414375,-0.07242997642269514,0.0,-0.03198255646495716,-0.013151989080019353,-0.02914163036681696,0.002013049446091927,0.00581404130776574,-0.011399900492208855,0.003277140322535954,-0.05848945625071284,-0.02900296422669161,-0.010018826349971121,-0.0002648818992023621,0.0,-0.015194357925092373,0.01686341038449421,0.0,0.004976816434516705
2023-04-05,-0.00018319308516489752,-0.009242455715942961,0.007908381851575321,-0.09864122879439173,0.006943798500758157,0.00036777322458830493,0.005710082774957787,-0.021613290028038613,0.0,-0.06680343441439122,-0.004588392008323811,-0.012745019873051554,0.0017284198021422792,-0.0032385546411761194,-0.011079588906564552,0.009513429499893764,-0.08502905017920902,-0.006834727346639998,-0.021802370051280266,-0.0008274607842253253,0.0,-0.015102102089106286,0.010665389414872859,0.0,0.01047709678089234
2023-04-06,-0.001347967000254606,-0.0019932317790975866,0.0051577774852320955,-0.05595218051786472,-0.17272100264094314,0.0019069244743841298,0.0006225852086746049,-0.1131584642155268,0.0,-0.06210965610444581,-0.006417602926772769,0.03751464257547743,0.0012283913983351354,-0.0018241780360721347,-0.004766154716881262,0.003017849274743343,-0.06036823900956904,-0.020303858093069435,-0.00357124875289803,-0.0002648818992023621,0.0,-0.0077395304465847975,0.005845835404227663,0.0,0.002606550196480997
2023-04-10,0.004574694587466412,-0.009190614060050584,-5.979275130563907e-05,-0.08019773073307367,-0.011454358863044196,0.00044198047519703826,0.005710082774957787,-0.0855434628815924,0.0,-0.06910116829726315,-0.0066528436820882,0.06723423559753416,-0.000745891469767169,-0.009897485184732378,-0.006989246943187299,-0.0010580000699753464,-0.0380094608104029,-0.015483390339213214,-0.011846861270779349,-0.0002648818992023621,0.0,-0.01515657793070147,0.0071849584666578,0.0,0.007406909426118393
2023-04-11,0.01151487643554054,-0.009190614060050584,0.002637930199358418,-0.12360779271251246,0.007416453111360062,0.014334639070007059,0.005710082774957787,0.3271616754704769,0.0,-0.1477191433346799,0.07003581674071609,0.07302995665620135,-0.0003727047568140699,-0.011096666753622423,-0.007163671766219515,0.0011170140981207593,-0.032396481286029344,-0.013489304264976146,-0.012543521379430073,0.0005171503746331833,0.0,-0.01398518404616765,0.01002628481760767,0.0,0.009013471228195537
2023-04-12,-0.018052164840114928,-0.00956085874640176,4.689400118639488e-05,-0.07355287985246614,0.03156269506138151,0.0011297608095916436,0.005710082774957787,-0.07629277465322461,0.0,-0.1323566970656711,0.01608289372341319,0.07316905087170596,-0.001038814542230358,0.00714023011846792,-0.008511494186248008,0.01955605737304648,-0.03238743148741434,0.021493243920276607,0.004957933065573157,-0.004272763936890169,0.0,-0.015147369538104543,0.008166487371759441,0.0,0.016860044740187916
2023-04-13,-0.0011160733010365377,-0.001293774497436343,0.0010736465661015842,-0.07208083972118663,-0.10647482677056434,-0.014314936578497715,0.0006225852086746049,-0.11515189210283401,0.0,-0.09134284762052891,-0.02471917846196588,-0.018465239362940707,5.935297996553578e-06,0.012155428070779652,-0.00551349755990498,0.005790333194464537,-0.07531431841404289,-0.026809830625629177,0.007480236602523248,0.0013116248946497156,0.0,-0.006197406899637704,-0.006238109355846671,0.0,0.004665855942231017
2023-04-14,-0.0011160733010365377,-0.001293774497436343,0.0012826188313957484,-0.05312680683397624,-0.12900244889717588,-0.014314936578497715,0.0006225852086746049,-0.1271797199412369,0.0,-0.08715420472152,-0.025346095257848374,0.03741289867888781,5.935297996553578e-06,-0.0027798784637380145,-0.002186335826222673,0.003202603200425031,-0.04282590944482677,-0.022552906912515696,0.0065819460160234265,-0.0006718078728693659,0.0,-0.006197406899637704,0.0061639018166436904,0.0,0.003752745965183809
2023-04-17,-0.0014091592808092943,-0.0009753714669775456,0.0018657132282869889,-0.06271939859959771,-0.21503785143667914,-0.010816988486792571,0.0006225852086746049,-0.07327984383188098,0.0,-0.05410556141388763,-0.02243633988397957,-0.005493122517119897,-0.001549616645090989,-0.0006209549544171424,-0.005299618893828239,0.002435565199027094,-0.044617818692049546,-0.02373559821764907,-0.0047468586228280015,0.0013116248946497156,0.0,-0.006206615292234634,-0.007253230027825099,0.0,0.0021413342383770693
2023-04-18,0.0034616803763862208,-0.0009753714669775456,0.008210996705742473,-0.07594897463305687,0.00013388938187147614,-0.014122262097844824,0.0012616493869080981,-0.09389926291972268,0.0,-0.05720029031841007,-0.03751148600042089,0.030589317424369822,-0.0007448848726472375,-0.00012055343838162792,-0.005098446595879722,0.000759175605597158,-0.06908773060671931,-0.02448937407040997,-0.003048524460525735,0.0013116248946497156,0.0,-0.0060247298152184695,-0.016719979954471945,0.0,0.005078185110055562
2023-04-20,0.004147601138733304,-0.00014879592201442763,-0.008273803289230679,-0.0809367542971201,0.08805861950360215,-0.01465871101713346,0.0006199063168634703,-0.2576616160760109,0.0,-0.1058406381720192,0.020489238074286313,-0.018931661817657274,0.000985512621162033,-7.9171337886453e-05,-0.0018696873505558496,-0.0007416289976158615,-0.07291038428896156,-0.009930123951341947,0.00445456194839463,-0.00018820981250914818,0.0,-0.006037509677201013,-0.015921217031465037,0.0,0.0034971637666218166
2023-04-21,0.004695874953011621,-0.015969199269546687,-0.008273803289230679,-0.07591917305931976,0.0880795187874701,-0.01693020362375468,0.0012616493869080981,-0.2859487269439246,0.0,-0.09016141396838318,0.02053383831282799,0.02431289230864782,0.000985512621162033,-0.00015337033353189755,-0.0018696873505558496,-0.001659472947069363,-0.07421727450588161,-0.009930123951341947,0.006467504937261213,-0.00018820981250914818,0.0,-0.0068932377331647745,-0.03289315293157671,0.0,0.0038300273370888887
2023-04-24,-0.026122276018002474,-0.03889587115208254,-0.013273593488776375,-0.0814345497186726,0.09628117363061026,-0.013169976330268233,0.0012616493869080981,-0.22779131693272314,0.0,0.023813362940645295,0.0033909147554949943,-0.0011143114163058288,-0.0021971545478684904,-0.00012055343838162792,-0.002079632609661265,-0.0012542562216279688,-0.06116631491685556,-0.0067470920106345224,-0.0032970661090201067,-0.00018820981250914818,0.0,-0.017506766862190687,-0.012813723510066159,0.0,-0.007665545323467974
2023-04-25,0.003442190393710378,0.00815567755030085,-0.014303432807385351,-0.07535038667563927,0.15617652451031333,0.00019605905149521223,0.0012616493869080981,-0.13673995290789767,0.0,0.03496924825681786,-0.0070966975238003546,0.048149109121172345,-0.0019135011565893124,0.0017795174666047115,0.004242170914976467,0.014415360817259311,-0.04262164446751956,-0.01941955001164427,-0.0046056220124272105,-0.0001977447159720303,0.0,-0.011526102985555257,-0.027212977327003344,0.0,-0.007551066146941962
2023-04-26,0.0035414439255200395,0.00815567755030085,-0.014303432807385351,-0.08053568126981867,0.1581513620764385,-0.005589146769896625,0.0012616493869080981,-0.10571994894800792,0.0,0.027182875409494666,-0.007743505550926626,0.031654163368881334,0.0006925103959744269,0.000213525037157523,0.004242170914976467,0.01105180438938213,-0.04488125253057629,0.0003458810118014824,-0.015517273594781092,-0.0001977447159720303,0.0,-0.00908304422307273,-0.016488496959485496,0.0,-0.022358058209553645
2023-04-27,-0.009378479948611473,-0.0010899526007619653,-0.0036488268959116417,-0.08376675584671919,-0.010166304098856742,-0.014224644104462648,0.0012616493869080981,-0.2282896467993849,0.0,0.017564752627467803,0.019382799517599476,0.01954307073027195,-0.0021971545478684904,0.008709261770958035,-0.00030197801069135595,0.030651206877244142,-0.05039877097753674,-0.02297009707111276,-0.0012765205720606878,-0.0002387210903011459,0.0,-0.012818405204806316,-0.029793175504100666,0.0,-0.018791646207660783
2023-04-28,-0.011372406578591137,-0.0010660907924287875,-0.0013893481630251983,-0.04346267883033432,-0.04919264145552756,-0.012105579390496628,0.0012616493869080981,-0.25109597381589654,0.0,0.019132513245544686,0.0046346576519985735,0.03896938856539836,-0.0021971545478684904,-0.00015337033353189755,-0.0010651582403863004,-0.00890054767302983,-0.06361402487737519,-0.013217259725231608,0.005745458155827636,0.0013116248946497156,0.0,-0.01296370619438737,-0.012634179707961287,0.0,0.0032437003306306188
2023-05-01,-0.010090353261505236,0.006036180088896502,-0.008699095393014718,-0.05818527395605301,0.15110401773814894,-0.013758006135293583,0.0006199063168634703,-0.18665815031593144,0.0,0.03777375412661462,0.018766381911213943,-0.0015125760963041386,-0.0021814121589413134,-0.0029125336687341017,-0.0004347182912015632,0.0368130161410746,0.0445584049549561,-0.012467953003918095,-0.0017231622712313363,-0.00018820981250914818,0.0,-0.013464858829923914,-0.037274394181313716,0.0,0.025034893366506314
2023-05-02,-0.0244626538668384,0.01115634084574777,-0.008385853128553108,-0.06444782786575375,0.1653396945781283,-0.013293649560011996,0.0012616493869080981,-0.1816998557968969,0.0,0.03681296715404595,0.022222573099327566,0.04834108737289133,-0.002181145437207711,-0.0008879042428147468,-0.0014378628198533725,0.009433781701206588,0.060458069590944914,-0.008843419037150692,-0.021518706301597766,-0.00010150641573527092,0.0,-0.013493983255733883,-0.056098825203871154,0.0,0.004261124760289981
2023-05-03,-0.024203321811035877,0.011124541357664585,-0.008385853128553108,-0.07019077324744838,0.1192769739955803,-0.0046596314781894785,0.0012616493869080981,-0.15184063925898014,0.0,0.03681296715404595,-0.003757624709124486,0.04834108737289133,-0.002181145437207711,-0.0008879042428147468,0.001984155126071769,0.007588547467829891,0.08661818373394796,-3.8153194855467345e-05,-0.020481982496071745,-0.0001977447159720303,0.0,-0.013493983255733883,-0.056098825203871154,0.0,0.005843572142390114
2023-05-04,0.006286696556093376,0.01404166048210668,-0.0007020788505310314,0.2864418559220524,0.14541994517905452,-0.0017733894163414036,0.0018010706516200688,-0.012690756718211047,0.0,0.00426517080081347,0.004138475939585984,0.05270160768554474,-0.0011012819977904106,0.0017574304019508436,0.016219041928600506,-0.011372232148528566,0.07670332986580901,0.024883325792611106,-0.02025845472584006,-0.0001977447159720303,0.0,-0.0056106332229638855,-0.012958474342243391,0.0,0.017651865899108492
2023-05-05,-0.014243720248975193,0.012826977803666836,-0.0018682403170720819,-0.06053967734977041,0.06612985467529477,-0.011300511370706947,0.0012616493869080981,-0.2459223856889898,0.0,-0.11448148065301608,0.003770714889002084,0.001107431512943727,0.0009950490240796456,0.026647711335794078,-0.017447246995220624,0.008772176082218188,0.06714001892042676,-0.02580672548663371,-0.02186878279890407,-0.00010150641573527092,0.0,0.0011021151860459548,-0.013710520316357968,0.0,0.004712438844512483
2023-05-08,-0.014243720248975193,0.013182592283548457,-0.0018682403170720819,-0.06518131065062367,0.10502871071352668,-0.011300511370706947,0.0012616493869080981,-0.177380936946061,0.0,-0.10390421898381652,-0.005008915774796054,-0.007846316237461386,0.0012879720965428335,-0.01394865920984664,-0.017447246995220624,0.008996909890759798,0.10380282416727601,-0.030241247128457514,0.009716142409008624,0.0001365234438090258,0.0,0.0011021151860459548,0.05809731031498189,0.0,0.0040021607883793065
2023-05-09,-0.010091793314995566,0.009464937723736539,-0.0018682403170720819,-0.038665352091296075,0.152278111687517,-0.01507737735643179,0.0012616493869080981,-0.20611935672649975,0.0,-0.0026437609374994407,0.02056715196492833,0.036856263445181656,0.0009950490240796456,-0.004858683496016127,0.018857858131290723,0.006376525447503213,0.13801681764947005,-0.022710677089092468,0.012304601709895974,-0.00021840869417056035,0.0,-0.006406724807684495,0.08045294940339007,0.0,0.008066596861589016
2023-05-10,-0.012583129553587393,0.003291053026729005,0.0004417320283883109,-0.04962359272513558,0.11769422002948775,-0.016426669795058826,0.0012616493869080981,-0.16972802155626718,0.0,-0.11400178138525348,-0.021367832314024567,0.03333112830238594,-0.00047666321824035444,0.010798285577075184,0.01437534660252746,0.002189804666037761,0.130347695372756,-0.02427363794501707,-0.021799295086933117,0.00036745725299405123,0.0,-0.005660550130743313,0.08500111692322182,0.0,0.0047373495173832205
2023-05-12,0.022994565046747385,-0.0006974484376701778,-0.0014001899951543622,-0.08373625054011735,0.12109485740479543,-0.012702431690036707,0.0006199063168634703,-0.1278366947151752,0.0,-0.11931446095957347,0.018678626615088696,-0.03328285327303407,-0.03133864848128184,-0.02888312382412638,-0.023107346490141553,0.004678658125143407,0.13422467661195678,-0.013027356884181045,0.0074089292009128825,-0.0001977447159720303,0.0,-0.009971262990347087,0.1066336993887783,0.0,0.005605660112734812
2023-05-15,-0.0036622018898777504,0.0015315158860934046,-0.008535599703497323,-0.04657838460463795,0.12558919811013608,-0.013957092656294268,0.0006199063168634703,-0.044261679524629664,0.0,-0.07702863043140985,0.026777670118985793,-0.07993734731470971,0.0010879512281956856,0.025908898521800942,0.018952714343533548,0.005038204339598698,0.19399437740619824,-0.025917843548281777,0.010668215214687396,0.0001365234438090258,0.0,-0.006568664780794129,0.16654468976063921,0.0,-0.0014418266308635476
2023-05-16,-0.005405860441075187,0.001499716398010221,-0.008535599703497323,-0.06361692912544932,0.11603020105591562,-0.010180226670569425,0.0006199063168634703,-0.01242648503334803,0.0,-0.07483393553045062,0.008555981523858718,-0.03299382322041807,0.009750313543777743,-0.025514261708706278,-0.023107346490141553,0.006567362479684346,0.21664942314035812,-0.02271001074203606,0.01127719741481482,-0.00011358596839983575,0.0,-0.009753571515107765,0.06905521447489485,0.0,-0.001276616654946729
2023-05-17,-0.006793586697177881,-0.0004259027712249286,-0.0017333353636763082,-0.0611238964499236,0.07669036470615277,-0.013957092656294268,0.0006199063168634703,-0.18114868341900292,0.0,-0.1134194500638908,0.021088727357879054,-0.05727119822678946,0.009647874936744091,0.013679738508704554,0.0019305151350415388,0.002189804666037761,0.0830346323207734,-0.023757370975254582,-0.023096925763638032,0.00036745725299405123,0.0,-0.010697150824299026,-0.012874427393704561,0.0,0.004084098869692191
2023-05-18,-0.003006392534616719,0.0005919575408951126,0.000880718090532639,-0.060632694765397954,0.07241453692372743,-0.01441422386504509,0.0006199063168634703,-0.18578180485085669,0.0,-0.1166447468792244,-0.03251096784785974,-0.057176844234074854,0.007793479398923483,-1.964071658505739e-05,-0.004468006646694985,-0.01068099923232902,-0.06988871352613636,-0.00463965065015352,-0.0004903344303737686,0.00036745725299405123,0.0,-0.010697150824299026,-0.011273117368471305,0.0,0.0029416216055717973
2023-05-19,-0.0018638650968637936,0.0008690643901056136,0.0027606303774048327,-0.04315822002446206,0.09604913516974352,-0.016018122848561682,0.0006199063168634703,-0.20846839342235485,0.0,-0.11476399992747946,-0.03251096784785974,0.01551593178992836,0.007793479398923483,-0.002611533574370924,-0.004468006646694985,0.0011428779418397102,0.04113294546391321,-0.009839627877561416,-0.023200983266541252,-0.00018820981250914818,0.0,-0.009818160600058178,-0.006961073149787944,0.0,0.004721659920274052
2023-05-22,-0.00029146869241486294,0.002559094618950904,0.002449757232651325,-0.06559380971609655,0.15260990400870972,-0.01374663024194046,0.0006199063168634703,-0.03031455392754458,0.0,-0.10460638540589799,-0.03461700159576563,-0.003909044575867715,0.007516886388451934,-0.0029125336687341017,-0.004468006646694985,0.002332420712195512,0.06117961676807268,-0.013235631109632787,0.01255382127610442,-0.00010926037804838186,0.0,-0.00994305921420785,-0.019096232720776204,0.0,0.001938651804713757
2023-05-23,0.0008565830593825264,0.0015385926466303713,0.0021096074074214368,-0.07143779610546774,0.15279738596810927,-0.013524009685180345,0.0006199063168634703,-0.015984556423611424,0.0,0.007341206295866421,-0.0347361966362919,-0.01131460949785318,0.011990137677117168,0.0003439511358906033,-0.007450221516295218,0.005483781620897182,-0.06107061963779021,-0.0016163156673257772,-0.003613996444910377,-0.0005273911389533369,0.0,-0.04524768591806261,-0.00622923395314717,0.0,-0.017846004318203112
2023-05-24,0.002808335068932676,-0.010970754641600237,-0.026369464870316415,0.35321800464014663,0.18462327499612344,-0.057413341314849604,0.0008054289582181014,0.2990967015425776,0.0,0.04765036150653606,0.05605109811181993,-0.07169197722398829,-0.004642743223253395,0.0006003518099216193,0.020709538887009226,0.004625261634597518,0.005837061278457883,0.006236482138443214,-0.004998596834618844,-0.0001977447159720303,0.0,-0.007373954350442404,-0.00631584876055657,0.0,-0.024704256320791325
2023-05-25,-0.0015824991001188913,0.003265737439627173,-0.007288458637201988,-0.09237095848488433,0.13885402748122241,-0.014110005975177236,0.0015000555957612296,-0.1617816328962677,0.0,0.03413881369625186,0.01803476815126972,-0.06311379311069573,0.0012612765877671088,-0.0017125973314171111,0.016876733431364484,0.012231542304982024,0.01907414688686852,-0.0009723220117019436,-0.0008591935661619788,-0.0005273911389533369,0.0,-0.035476333641358444,-0.007065809515225163,0.0,-0.025828182950690056
2023-05-30,-0.02623486779429657,0.0077244111054208635,-0.00853339903386062,-0.06750257866879543,0.16331987415955876,-0.014575540735119139,0.0006199063168634703,-0.10502264977143042,0.0,0.039618456823984044,0.02039625394703013,0.005121842767041395,-0.016259404244096352,-0.005114169134538309,0.002652479143523879,0.0073028073873213604,0.07636988832809523,-0.007605425133301111,0.007497177933212898,0.00036745725299405123,0.0,-0.04224153300751141,-0.043075650989955756,0.0,0.002164874057380231
2023-05-31,0.0013503827512061379,0.0005270288244678676,-0.001014761468812509,-0.06295489839128056,0.17206175271783675,-0.008812873255423863,0.0015000555957612296,0.03711398183572091,0.0,-0.002010262999541178,0.020532718298672644,-0.035586660843212596,-0.016259404244096352,-0.00012183510772466095,-0.007121987223697507,0.016690538215089454,0.06319450285110383,-0.014654119710597265,-0.02262986918100931,-0.00018820981250914818,0.0,-0.04767574448890421,-0.015304159977242231,0.0,0.014510675941015598
2023-06-01,-0.0036754362639713285,-0.0023457327438542942,-0.00018160606261367345,-0.05696480544493543,-0.10459730466305132,-0.010089508294829703,0.0006225852086746049,-0.20072954928759912,0.0,-0.07112558346469668,0.0166591108086418,-0.012620094875412232,0.006704135158070548,-0.0002918207691763114,-0.004766154716881262,0.003056073565014729,-0.04426266180234683,-0.033646237595106036,0.003844473370820478,0.0013116248946497156,0.0,-0.010171882459412291,-0.010984499869299792,0.0,0.00385267417814967
2023-06-02,-0.0036385715183834574,-0.0023457327438542942,0.0019974710878787358,-0.08883820599197528,-0.00890402953558845,-0.01514898129434454,0.0012616493869080981,-0.20198918043060476,0.0,-0.07188169096326187,-0.01625414849294283,0.01830343802196321,-0.013373133741901235,0.004787855765891349,-0.004743273318242008,-0.03936349027475796,-0.06591428246635907,-0.0010409666559512963,0.0029067367039400725,0.0013116248946497156,0.0,-0.010730231132156926,-0.015635192580465303,0.0,0.004534472222356174
2023-06-05,-0.0037297217617242788,-0.0010720460981268635,-0.003438342791858469,-0.07610475776615457,-0.13008544899048985,-0.015970788526851087,0.0006225852086746049,-0.22324249890475414,0.0,0.013590427409364066,0.01629977974679097,0.008616525482640483,0.0022471884663428274,-0.0027470615685877414,-0.004807370938093866,-0.02100245436859875,-0.038539195541303924,0.004080707918185045,-0.010044858341406279,-0.0006718078728693659,0.0,-0.03909446462666793,-0.009787272976609342,0.0,0.004169065355292966
2023-06-06,-0.00378143800565915,-0.0010720460981268635,-0.0020742681150381814,-0.08892118014142249,-0.12766327576584932,-0.016168873058994424,0.0006225852086746049,-0.20080046727286688,0.0,0.02346927143129456,-0.01200544400891785,0.010473491410856368,0.004230980571769025,-0.0018241780360721347,-0.0051995405034798705,-0.01970296930647052,-0.03642004818621868,-0.0001762157949284323,-0.009059200252743076,0.0013116248946497156,0.0,-0.03909446462666793,-0.011085286648922228,0.0,0.0042291308183283974
2023-06-07,-0.0038529272369335057,-5.418578600682229e-05,-0.0015050723563717122,-0.0818783685711391,-0.12276310122285246,-0.013328380947391479,0.0006225852086746049,-0.22690377987907914,0.0,0.023217134687314428,-0.0254081892497162,0.013680331212584789,0.004212497023072907,0.0012791159505691969,-0.0059723675321875875,0.00399960873737004,-0.03693733680453637,-0.019678574030091642,0.0036582103620180642,-0.0006718078728693659,0.0,-0.03909446462666793,-0.009514629604497848,0.0,0.006181891051931763
2023-06-08,-0.0034132204378819267,-5.418578600682229e-05,-0.00040534196415176237,-0.08493679170064118,-0.041021707444094044,-0.013317591943754752,0.0012616493869080981,-0.2215279507641874,0.0,0.022573261835218895,-0.029810501627370926,0.0182086176905432,-0.007269378372870174,-0.0013237765200366204,-0.005557316568162329,-0.038357832285326805,-0.06748474840260682,0.0015397575638622632,-0.008098718837194062,0.0013116248946497156,0.0,-0.03909446462666793,-0.012770110546929949,0.0,0.00485086339949947
2023-06-09,-0.0016235400799966154,0.006036180088896502,-0.0033293696327535175,-0.05623318820033458,0.11689177856370779,-0.016706222010677844,0.0012616493869080981,-0.34008944224407806,0.0,0.02968281717923295,0.021359467397437847,0.014573816411045446,0.015139100197873073,0.0002085807468592031,0.0003284619384933812,-0.026950444119948867,-0.05905761083229499,0.019042134754594233,0.004662689166791499,0.00036745725299405123,0.0,-0.03939466160826892,-0.011317386006977037,0.0,0.009048258182147714
2023-06-12,3.2039945709529096e-05,0.0077244111054208635,-0.0019773351254123725,-0.014760982018182395,0.15853241474448257,-0.0163230301523454,0.0012616493869080981,-0.20034197533704473,0.0,0.04128984820988391,0.022407559106643923,0.05664267451788902,0.014747543125857248,-0.00015337033353189755,-0.00376188002488387,-0.025543732127380824,-0.05853254546209642,0.015698039438409864,0.008902177743165807,0.00036745725299405123,0.0,-0.03906639301526981,-0.01206633018366053,0.0,0.004518544216017786
2023-06-13,-5.2209175615634144e-05,0.0077244111054208635,0.0052798454516994955,-0.07040011162676178,0.13631460936607168,-0.017534950835504253,0.0012616493869080981,-0.2038090123381206,0.0,0.04066983138079501,-0.022439664467519632,-0.011713715865323751,0.013472686503580866,0.0002085807468592031,-0.0041540495902698754,-0.025543732127380824,-0.05453230380325364,0.019042134754594233,0.004662689166791499,0.00036745725299405123,0.0,-0.04005443032676195,-0.010362343301753984,0.0,0.004867055348025095
2023-06-14,0.0037443635943803415,-0.00014879592201442763,-0.0004773575565514445,-0.07306880131223464,0.07588699918598145,-0.013332389982275096,0.00061990631686347,-0.23254183559215347,0.0,-0.11710145500150955,-0.020976871779542702,-0.013233615145496144,-0.00047888191651553606,0.0002085807468592031,-0.0041128333690572715,-0.031245865928802453,-0.06983711649051697,0.00881512793293085,0.001169247326722248,0.00036745725299405123,0.0,-0.0066166572971368045,-0.014406458250100333,0.0,0.004225763295798676
2023-06-15,0.0016611861192047338,0.006270992290020676,-0.0028833767628334045,-0.05767120876642077,0.13955459783278149,-0.015471953867763517,0.0012616493869080981,-0.1744090255913689,0.0,-0.005143006142143324,0.02210826575125311,-0.014449243999222912,-0.002075768873202188,0.006153404022931258,-0.002024417965447603,-0.026368452209860012,-0.0721881062088488,0.0008230232540636536,0.001169247326722248,0.00036745725299405123,0.0,-0.013711720763646079,0.002908488499144014,0.0,0.0032440357254206144
2023-06-16,-0.00048435012016023667,-0.0006935737085636423,-0.0027045368360467917,-0.06486869924767324,0.07603178720993566,-0.017119349652179795,0.00061990631686347,-0.22984082338444117,0.0,-0.14792803314287975,0.02149289960202506,-0.014742093779380717,0.000972662850182269,-0.0007741420255762369,-0.002024417965447603,-0.03127833346542181,-0.0643705361328078,0.0023338899995148463,0.0026182594186608212,-0.00018820981250914818,0.0,-0.006336995820709549,0.0012077791033025735,0.0,0.004157022779824794
2023-06-20,-0.0005871801072379043,0.0023083176439279715,-0.004721236119942654,-0.07178063198564884,0.09929903351899791,-0.017480326398288126,0.0012616493869080981,-0.24341424244477688,0.0,-0.007600954516520751,0.021419021951267412,-0.001698880634975128,-0.002249318494629358,0.0006498671024045766,-0.002024417965447603,-0.031667559839288914,-0.09175356266469263,-0.000198441571052564,-0.0016731200382065863,-0.00018820981250914818,0.0,-0.012711768415801412,0.020060802256911793,0.0,-0.09115405135417762
2023-06-21,-0.001099460847338172,-0.0010332742571650536,-0.004721236119942654,-0.07939189149446699,0.07430195804920957,-0.01370346041256329,0.0012616493869080981,-0.20881522648595868,0.0,-0.0722204701614366,-0.006054183023675224,-0.0016352270833898573,0.0011551607324708358,0.0006498671024045766,-0.004009921979465849,-0.032043081510189246,-0.0836594909752004,-0.0005830293347606397,-0.0016731200382065863,-0.00018820981250914818,0.0,-0.005545617631063748,0.016171900091324836,0.0,-0.0484638136132779
2023-06-22,-0.001099460847338172,-0.0010332742571650536,-0.004721236119942654,-0.0848600092404673,0.07787003759012003,-0.01370346041256329,0.0012616493869080981,-0.21468488413454348,0.0,-0.0722204701614366,-0.006054183023675224,0.018529648704356017,0.0011551607324708358,0.0013500108045626181,0.0018828961054315684,-0.03211005575908777,-0.11022278320846274,-0.0006284387905658346,-0.0027422220392134696,-0.00018820981250914818,0.0,-0.005545617631063748,0.02479811277184226,0.0,-0.048333390075949195
2023-06-23,-0.0016477346616164893,-0.00017483850947908373,-0.0050613859451725425,-0.07766282621466165,0.09200634499141093,-0.011431967805942068,0.0006199063168634703,-0.22075854214299137,0.0,-0.0739275004187978,-0.006054183023675224,-0.015457037017871343,0.0011551607324708358,-0.002710517593841286,0.002769884381590678,-0.03374375773830266,-0.08156701324159739,0.002761065981423731,-0.0022076850602640898,-0.00018820981250914818,0.0,-0.004115839898029469,0.05907894854038418,0.0,-0.01594549568937285
2023-06-26,-0.0014787782374539316,0.0003091261771147979,-0.0050613859451725425,-0.09441122645741094,0.09983743612622574,-0.01370346041256329,0.0006199063168634703,-0.2272988437473235,0.0,-0.08163650066267987,-0.006054183023675224,-0.003895750586498604,0.0011551607324708358,-0.0014082314712903846,0.0023261803997771517,-0.001360990542736952,-0.08711106963083305,-0.023741094308207818,-1.04575483826752e-05,-0.00018820981250914818,0.0,-0.004529246517407095,0.061930007428838627,0.0,-0.007301669486571716
2023-06-28,-0.0035132125899004192,-0.002011138281732689,-0.009942136025102041,-0.0720352630003848,0.011237294458422366,-0.012645379417845423,0.0006199063168634703,-0.05792571332550842,0.0,-0.05295110252209459,0.0201649497744845,0.00598115169120032,0.0008529679788236378,-0.002446747425118837,-0.0004437896819768322,0.11658418991804474,-0.026999043058199838,0.11896463998971231,-0.0013746084785610263,-0.0002387210903011459,0.0,-0.004985137114055455,0.005512895898663474,0.0,-0.015541665930951123
2023-06-29,-0.003073148079135898,-0.0023397774381562183,-0.006303849878176407,-0.07820013239483666,-0.11622172536041178,-0.012888277691360046,0.00039028727795944784,-0.12087589293708614,0.0,-0.05531972324689164,-0.011551935509554983,-0.018475399023269813,-0.0020563939301797606,-0.0008210423269837492,0.0016287483951072054,0.09842781548962694,-0.006615029189182162,0.09424370199702943,-0.0017954279677618195,0.0013116248946497156,0.0,-0.007009109851000693,-0.009396424132394682,0.0,-0.0076729716471456415
2023-06-30,-0.0022058277925668655,-0.0009694161612794695,-0.0002371675167442719,-0.06913701870345193,-0.2451903421292905,-0.0069312205633041985,0.0006225852086746049,-0.035677060118135914,0.0,-0.05973164379987456,-0.022317077854009125,0.017514016766944435,-0.0021608453102589993,0.011793476990388551,-0.005299618893828239,0.0971823640573279,-0.02619773718958862,0.08823222117568529,0.0036671251381190646,0.0013116248946497156,0.0,-0.006583078487963102,-0.006994134191610678,0.0,0.004694691930961533
2023-07-05,-0.0008494834335709469,0.0003518933904808168,0.0024218651223652005,-0.06807981367298885,-0.003923884565337697,-0.01609122026666846,0.0006199063168634703,-0.08893189190007916,0.0,-0.05627990364848567,-0.037546272844455206,0.006911506531422821,-0.0010835355674094689,-0.002446747425118837,-0.0026189618572685838,-0.031925156530483854,-0.06505195751845838,0.002357011347002381,-0.0014248892531334237,-0.0002648818992023621,0.0,0.014273489535198823,-0.01014646136206381,0.0,0.005234426778644035
2023-07-06,0.005418660938309536,0.003195414483518338,0.002152408078512944,0.052837279967274026,0.17862427692783328,-0.01225474908350908,0.0012616493869080981,0.01824314897038835,0.0,-0.15719795531192202,-0.03408194282523778,0.06799200669404104,-0.0008146995001887949,0.00714023011846792,0.007574133863647764,-0.021269944577592848,-0.07127288737573349,0.0032373821993099913,-0.007318849155218392,-0.00018820981250914818,0.0,0.0587591885186664,-0.003173827416516763,0.0,0.011266534183941662
2023-07-07,0.0010998826187774901,0.0028666999519682958,0.0024478882348878683,-0.02404713557056622,0.11749795650280179,-0.014281590156671258,0.0012616493869080981,-0.13614121143760055,0.0,-0.11817898040644614,-0.02051790042004789,-0.01663385472378391,0.0002229492307404673,-0.001917525867311399,0.005153724046928337,0.11931275152703155,-0.022886790038794385,0.1292481313650349,0.0010651898238190273,-0.00018820981250914818,0.0,0.013862621098114057,-0.01037657358144727,0.0,0.00012858922651764362
2023-07-10,0.0011489053791044661,0.00306503052061098,-0.005876545160227461,0.025486764534702534,0.17021744602078084,-0.017875564906345752,0.0012616493869080981,-0.13352908634870087,0.0,-0.11177895560759339,0.017991302781078015,-0.017999841424825264,0.0010181366006541282,-0.00012055343838162792,0.005275448344165087,-0.02910698400307597,-0.07257860630127823,0.013372583896720143,-0.005147082875973942,-0.00018820981250914818,0.0,0.011481497439335816,-0.010027859729393603,0.0,0.00752455587628796
2023-07-12,-0.00048435012016023667,0.0007960528672710659,-0.00596570393954691,-0.0703067603657351,0.05555058889728706,-0.015413008368092757,0.00061990631686347,-0.2510424330097811,0.0,-0.1489086962189018,0.021224900895918997,0.00797607161828534,0.002859828890007117,0.0002085807468592031,0.0020859826686221786,-0.030933701102586243,-0.05871150829364404,0.00881512793293085,0.00350448855361676,0.00036745725299405123,0.0,0.014835278866823025,-0.015082847545493862,0.0,0.00408975985632042
2023-07-13,0.001143801203630041,0.0028666999519682958,-0.006553362708060237,-0.0664291256540372,0.08948609105891762,-0.015413008368092757,0.00061990631686347,-0.17776026048109678,0.0,-0.11779690765322688,0.021550643243946593,-0.008385508093358364,0.003324313897234051,0.0002085807468592031,-0.0012411790650601285,-0.030225864574171278,-0.06358284356852584,0.005471032616746478,0.005770686983487657,0.00036745725299405123,0.0,0.01479545398354342,-0.015114689502077108,0.0,-0.0002664370441249225
2023-07-14,-0.00048435012016023667,0.0011784689354439343,-0.00596570393954691,-0.08103567202009085,0.061701307377573976,-0.015413008368092757,0.00061990631686347,-0.2527868470072395,0.0,-0.11249586087690659,0.022714854596097695,0.007122722133216965,0.002859828890007117,-0.0022466600525522266,-0.0023449265387223313,-0.0311856574072357,-0.06413795274794555,0.005872000861266891,-0.004398585833035291,-0.00018820981250914818,0.0,0.0070895535157449495,-0.013793330568312927,0.0,0.0034031390659925494
2023-07-17,0.00014754717311668862,-0.037570405506945105,-0.00826963958427101,-0.06667451652009103,0.07935632237522347,-0.02071014108784613,0.00061990631686347,-0.3109738220951954,0.0,0.025662208319851866,0.022987294333439778,0.007722824611263685,-0.00025172726462988976,-0.00012055343838162792,-0.0012823952862727323,-0.030509581028689083,-0.05964600583498621,0.011221474947477066,-0.006444096694036294,0.00021331788095160285,0.0,0.008229851575991615,-0.011589485036476988,0.0,0.00619656631758475
2023-07-18,0.00014754717311668862,0.007363444946354864,-0.00826963958427101,-0.07218944790195096,0.11116491942216175,-0.02071014108784613,0.00061990631686347,-0.3186728127485894,0.0,0.03510204213228136,0.022874787266017528,-0.012991885835876682,-0.00025172726462988976,0.0002085807468592031,-0.0023861427599349352,-0.026158892597609684,-0.05638542665498623,0.018829632987626885,0.004662689166791499,0.00036745725299405123,0.0,0.0015679070522298638,-0.011589485036476988,0.0,0.009072289175059348
2023-07-19,0.00014754717311668862,-0.037570405506945105,-0.00826963958427101,-0.06164341811875767,0.10334702501038033,-0.026486408642652982,0.0012616493869080981,-0.3473214443605644,0.0,0.026501469502800898,0.022987294333439778,0.019112311930163082,0.0007364446666500617,-0.0013237765200366204,-0.0012823952862727323,-0.03008109126026227,-0.059954526602091884,0.015485537671442522,-0.008181896169732526,0.00036745725299405123,0.0,0.0062899399212701735,-0.013323863864993082,0.0,0.006267190920802271
2023-07-20,-0.0013742976547519957,-0.037570405506945105,-0.009881553165037143,-0.05328010762026106,0.09799458005847082,-0.01990826455359147,0.0006199063168634703,-0.2999872959387792,0.0,0.018043782655180394,0.021765339339367144,-0.03859862853776205,-0.0023949101115556606,-7.9171337886453e-05,0.0020447664474095746,-0.030223303180896673,-0.057833297231023234,0.015886505915962933,0.004673133939612341,-0.00018820981250914818,0.0,0.001946014478070657,-0.010374311321892257,0.0,0.005784728675341999
2023-07-21,-0.0014888100324542287,-0.037847512356155605,-0.00757761752031304,-0.05859398260291234,0.09465203617630559,-0.01889916179257832,0.0006199063168634703,-0.24986779497138686,0.0,-0.019218603196834824,0.021486211628921045,-0.0437414894466945,0.0007166460430813454,-0.0021457473307556593,0.0020859826686221786,-0.03104802326337586,-0.06141400265079521,0.013182531566300027,0.004007047723488419,-0.00018820981250914818,0.0,0.009708365907380447,-0.012454220346901843,0.0,0.005091449146092751
2023-07-24,-0.0038241234889917243,-0.03701292845381098,-0.018331439902996828,-0.04302113382637627,0.12164592644440782,-0.018453437261149522,0.0006199063168634703,-0.18669375771260246,0.0,0.021278917556691798,0.022604679714116,-0.04596220948003941,-0.0023180038498729827,-0.0003206408109482348,0.0020447664474095746,-0.02758637099759608,-0.06208559351590285,0.011125403008812214,0.0011200348581149515,-0.00018820981250914818,0.0,0.0009892306656319534,-0.0090055334945566,0.0,0.010604997248769106
2023-07-25,-0.0038190193135172997,-0.03701292845381098,-0.018331439902996828,-0.06325489364156356,0.12128241759532228,-0.024797139359322366,0.0006199063168634703,-0.1889255434192257,0.0,0.02777634149320533,0.02218908765202739,-0.08223451699343756,-0.0023180038498729827,-0.0003206408109482348,0.0028079466771045187,-0.02744415907696168,-0.0572793430757611,0.015985781023532403,-0.0028791575496686936,0.00036745725299405123,0.0,0.0009892306656319534,-0.0090055334945566,0.0,0.010604997248769106
2023-07-26,-0.0026070330065748426,-0.009049902161024151,-0.004815106231746683,-0.0921317205977569,-0.0945609456585574,-0.023704948366889016,0.00039028727795944784,-0.1838885913105922,0.0,-0.05426704729906833,0.00923899980785255,-0.0050955492261646786,-0.0018406363946175171,-0.002646148846791174,0.0006999245114449249,-0.021247539568722343,-0.036683689054739205,0.0009275278747055346,0.0016009556000910808,0.0013116248946497156,0.0,0.006847117420644271,-0.009771870492049979,0.0,-0.010408166940810138
2023-07-27,-0.003933531691219533,-0.03846634726921116,-0.016444576491098283,-0.049140317203119996,0.13260100318027498,-0.01705484905646248,0.0006199063168634703,-0.10444128489724092,0.0,-0.0015430203960326422,0.018089393992968546,-0.08397183229382824,-0.0024752908071331878,-0.0010668384006202133,0.004545408736540786,0.11904890356564317,-0.024075531491629925,0.12180167949406288,-0.0022076850602640898,-0.00018820981250914818,0.0,-0.0008290580478688048,0.0021329423169577006,0.0,0.009830325979483698
2023-07-28,-0.002189981235976617,-0.001220428536870745,-0.003582941184379262,-0.0862868709278473,0.0073684594756817925,-0.018771259819786827,0.0006199063168634703,-0.1893970574071249,0.0,-0.07598883544497788,0.010268682452547986,-0.006178468784908222,0.00046188423536024266,0.0009839564600637504,-0.001279120649683405,-0.040482229569906505,-0.07402234265667842,-0.008765799483133517,0.0032896268659479795,0.0013116248946497156,0.0,0.0069430488213349,0.0030948949900688736,0.0,8.80504463223147e-06
2023-07-31,-0.00026789310149248364,0.0003112106730272437,0.002270763942726907,-0.08321782530905303,-0.054559814034315854,-0.018771259819786827,0.0006199063168634703,-0.07619030455590818,0.0,-0.02455402092495029,-0.02630549355943309,0.018598621950383643,-0.0054541533913256115,0.0006829563657005704,0.0027596189922751003,-0.028207452567241994,-0.05817616159359565,-0.019546670863198987,-0.00013491741543845162,0.0013116248946497156,0.0,0.021330466498327743,0.003721066517128058,0.0,0.05383293448459051
2023-08-01,-0.00472666047525751,-0.013720999953656186,-0.005917504825794219,-0.05705547295681749,-0.02458068296890001,-0.01649976721316561,0.0006199063168634703,-0.10433427240845194,0.0,-0.0071382433598689825,0.007880351914966603,-0.07078685195417954,-0.02992046580628733,0.00023544772193067465,0.003914968787356049,0.12303235102285455,-0.03248618401631486,0.11024779446015161,-0.0017995461418652112,-0.0006718078728693659,0.0,0.020114879620405902,0.003196654554528566,0.0,0.0028653657497484056
2023-08-02,-0.0011980392682121167,0.0006781427300568282,-0.02303109796827712,-0.01994139163210969,0.17909244046792563,-0.012845079264583047,0.0015000555957612296,-0.10566028853671214,0.0,0.023260442190148566,0.021488511118955004,-0.14408187843479575,-0.0022064242290525003,-0.00046750903394398696,0.017118491008048294,0.007055350924807223,0.00943560616671114,-0.010390649452015227,0.0005863566218227814,-0.00010150641573527092,0.0,-0.010523466756361888,-0.0033685354434444337,0.0,0.013148192752067788
2023-08-03,0.003350081402352498,0.0018106959057679942,-0.013920158841356651,-0.03722711219003691,0.13725668042241038,-0.015241657051957132,0.0015000555957612296,-0.09893842945655366,0.0,0.03216199236438769,0.01756316598534771,-0.037541754394170755,-0.0020236049264413204,0.004358303195838588,0.021059200049818094,0.010459633931975475,-0.02631629169074949,-0.030718526112869037,-0.008213603705260418,-0.00010150641573527092,0.0,-0.01894243623038875,0.0036724182475219758,0.0,0.011792862874649682
2023-08-04,0.008603609235649146,0.0017788964176848106,-0.059003452297654274,-0.09724799325932211,0.20529867624947976,-0.07765344714616196,0.005710082774957787,0.3773364840296285,0.0,0.032353508503667104,0.06882854133735114,0.08364594286201445,0.0010965243471113646,0.006907849497843102,0.01816671584300771,0.006696749555638188,-0.020494330120546106,-0.007699047209036184,0.011006249285737629,-0.0001977447159720303,0.0,-0.010224644771721638,0.0017084618245426916,0.0,0.02586919595180399
2023-08-07,0.00575653784544419,0.0018106959057679942,-0.008767711147402756,-0.023530385394397044,0.17598789575263082,-0.01399759217563076,0.005710082774957787,0.0160557417813859,0.0,0.0009708479900712786,0.021104604223514362,0.08231033719155526,-0.0020236049264413204,-0.00954623587260628,0.017159707229260898,0.007795276271657517,-0.055362263259961554,-0.0307900063434899,-0.010219168577940592,-0.00010150641573527092,0.0,-0.012482755970628609,-0.006564012071925851,0.0,0.011706344528366075
2023-08-08,0.004012879294246752,0.0017788964176848106,-0.008767711147402756,0.02785083810263808,0.25062944753005373,-0.015338371083050745,0.005710082774957787,0.08076862875342286,0.0,-0.04753570109295809,0.021288501445018492,0.08696390391637934,0.009750313543777743,0.006328769948633327,0.017159707229260898,-0.01140672250063949,0.05856072084793003,-0.020066191898875537,0.004159697932493314,-0.0001977447159720303,0.0,-0.009433069361736919,-0.018549817327149738,0.0,0.015525416216311103
2023-08-09,0.0037484461367291713,-0.0026887618007695006,-0.0119733459727419,0.02268734672844602,0.21723367294404197,-0.016371232837461832,0.005710082774957787,0.09211467358103291,0.0,0.03175365315981048,0.016384858653769294,0.10077282486675067,-0.01670548334246763,0.0043324112677272895,0.017750902798878004,-0.0670165509313196,0.05265109201918158,-0.004888763353430578,-0.012185177465992991,-0.0001977447159720303,0.0,-0.04140479772441902,-0.019923359658243385,0.0,0.02346281295611619
2023-08-10,0.0037880169312870474,0.006687396480329259,-0.0119733459727419,-0.030581826266908713,0.1613137384728226,-0.017261447017326577,0.0012616493869080981,-0.11155940391380065,0.0,0.0004692236425666561,0.016756966392565163,0.059845177798546124,-0.01670548334246763,-0.013981476104996915,-0.01528888343622515,-0.009561351676984603,0.06263228041421703,-0.004069270839730597,-0.018422199506435234,-0.0001977447159720303,0.0,-0.034882731798546215,-0.015096835019875021,0.0,0.015539730079140895
2023-08-11,0.0012438601201971208,0.0017636153750666531,0.0018885484513565722,-0.052035067004674626,0.135253922523779,-0.013043186070890939,0.0006199063168634703,0.002094971542040177,0.0,0.06909876957797118,-0.02057332432733549,-0.01453165717293998,-0.015843472956369616,-0.013847746488050072,-0.02115795861916805,-0.04747677917865425,0.16848091905738086,0.10139293514792838,0.002168289032370975,-0.0001977447159720303,0.0,-0.00706927325392854,0.03286160345475263,0.0,0.003923645424714009
2023-08-14,-0.005046693985192735,0.0020844810147556733,-0.009897653933333484,-0.06393609835572542,0.12064197730202691,-0.015188038942848689,0.0006199063168634703,-0.06851439837225534,0.0,0.03228262321300385,-0.01680605205088834,-0.11248665374164585,-0.007645597132587704,0.010631015099658848,-0.02084400156274294,-0.04752548704002447,0.1406018972164188,-0.008773697976813577,0.009855235131274755,-0.00011358596839983575,0.0,-0.03697964933486981,0.06177072459941652,0.0,0.0010542328352803987
2023-08-15,0.0033266745166111215,-0.0012353429853693132,-0.004716165395630032,-0.07030615927996561,0.15611760822660364,-0.016441354280822815,0.0015000555957612296,0.011089843069032858,0.0,-0.03358231447126181,-0.01735424528770666,-0.04204112705436921,-0.01364243632229552,-0.0024638677148500266,0.01620961111796225,-0.0652364237631706,0.07715944385676882,0.013934415780959596,-0.02066725081133365,-0.0001977447159720303,0.0,-0.012672789560378326,0.043661215993267444,0.0,0.01428331536667084
2023-08-16,0.0030862288611742065,-0.0012353429853693132,-0.004146969636963562,-0.08535092597381937,0.15561587881640976,-0.013146601448956647,0.0015000555957612296,0.019153990980815657,0.0,-0.0336836265182332,-0.023392718705873266,-0.07529789457831823,-0.01364243632229552,-0.0024638677148500266,0.015436784089254531,-0.0652364237631706,0.0768561160670954,0.013934415780959596,-0.02066725081133365,-0.0001977447159720303,0.0,-0.012976117350051742,0.043068937938559426,0.0,0.01428331536667084
2023-08-17,0.003375697276938098,-0.0012353429853693132,-0.0119733459727419,-0.0670169903855851,0.12854803982488733,-0.016243269748679477,0.0015000555957612296,-0.15264791168500516,0.0,-0.03617375805312185,0.014491896235821939,-0.060568303023864706,-0.022702322532175447,-0.00507913301705898,0.013905049969351033,-0.04837824061132355,0.055640686964663344,0.015124721156191042,-0.001896041241269027,-0.0001977447159720303,0.0,-0.012672789560378326,0.02808512807219054,0.0,0.013934804234663532
2023-08-18,0.0033156641500515106,-0.0012353429853693132,-0.0119733459727419,-0.05779698180092978,0.1100713330262305,-0.016243269748679477,0.0015000555957612296,-0.13662307832341397,0.0,-0.01964085197086862,0.02197860573754629,-0.05817345275613603,-0.022251964031358595,-0.008765349493707554,0.013905049969351033,-0.050158367779472565,0.08933817459674687,0.014384774281776445,0.0004988090264595905,-0.0001977447159720303,0.0,-0.012672789560378326,0.037155043110324595,0.0,0.013934804234663532
2023-08-21,0.005573573327573646,-0.003261622123359633,-0.05719527897919251,-0.12389631733041129,0.14358045866187072,-0.07857857891027427,0.005710082774957787,0.19868907326507385,0.0,-0.002044642517371031,0.06198782815769454,0.06831711233380108,-0.024290162624504043,-0.0049279919428417175,0.014953274804310445,-0.0734102769240564,0.0600923785288283,0.010310795174344004,-0.011520953978997672,-0.0001977447159720303,0.0,-0.010983560022821562,0.0519027827202726,0.0,-0.1196019525565068
2023-08-22,0.0030288058584771473,-0.003261622123359633,-0.018684258586033276,-0.047284716853542505,0.1101083052294528,-0.016243269748679477,0.005710082774957787,-0.14963508961086397,0.0,-0.05193737629209352,0.014708391443329038,0.06691186800240204,-0.021805884932987317,-0.01663304421216652,0.013905049969351033,-0.040474937438392825,0.060901689324741375,0.01584444541935755,-0.011686667397228564,-0.0001977447159720303,0.0,-0.01631566694096924,0.04459835017256022,0.0,-0.11658170575508862
2023-08-23,0.003086528905406014,-0.003227489274749899,-0.014598205867191506,-0.043178580448822806,0.14977201896738687,-0.016243269748679477,0.005710082774957787,0.009081684833094333,0.0,-0.010829257572607815,0.017428929890992696,0.08543904397189754,-0.021805884932987317,0.002347727703776147,-0.0062926896853739535,-0.014826118835519105,0.12586955893153418,0.015950948055904704,-0.0016310086492349527,0.0003860730168977736,0.0,-0.025944366357977033,0.0404053662856702,0.0,-0.13223288775340047
2023-08-24,-0.013710964545494565,-0.006006627228476476,-0.023537952526968265,-0.12544927236033285,0.11304998405852926,-0.07090745367532963,0.0015000555957612296,0.18365947053499185,0.0,-0.04395797460256658,0.06048933814487269,-0.013814617224370562,-0.024290162624504043,-0.0004943610838143905,-0.004326047886615877,-0.06548820656671213,0.05095948238737459,0.009878985077494346,-0.008233419640654493,-0.0001977447159720303,0.0,-0.02008403995987294,-0.002756851383562533,0.0,-0.10675830575359911
2023-08-25,-0.006406793892641521,-0.009537458516830945,-0.006143360549926742,-0.02967534288827525,-0.15847447377321297,-0.013315832215383874,0.000708883404278613,-0.0728997411126926,0.0,-0.030894511174544188,0.005598897276694474,0.012659453014645284,-0.005905338885017596,-0.005008173709710773,-0.007049786512669995,-0.025065812517509663,0.10443336030150768,0.021574656813007655,-0.005169850342298265,-0.0007194350802970964,0.0,-0.015444109180226205,-0.03911441174149161,0.0,-0.018445665613108772
2023-08-28,-0.0034627643466552185,-0.009372037257328698,-0.004438268451011067,-0.027736329964697787,-0.27711711058991806,0.00040511834125839615,0.00039028727795944784,-0.019185411575188622,0.0,-0.02553227594842486,0.001174833409412051,0.009470774328476914,-0.005905338885017596,-0.006015915565004171,-0.006432685087466934,-0.023916287642372504,0.09348837972639476,0.022558510477505737,-0.0029529488935171543,-0.0007194350802970964,0.0,-0.015444109180226205,-0.041593578914643124,0.0,-0.010703101186183603
2023-08-29,-0.0066882873537224335,-0.0007102547317821393,-0.00294037596910719,-0.08232227327872292,-0.2849728494857178,-0.010434249118840458,0.0006225852086746049,0.0027221416624147094,0.0,-0.009404657549247148,0.0009108092049977774,0.015633596218460506,0.006645155736970301,0.059684078187868986,-0.003450470217866702,0.015135225367581145,0.16527374050633883,0.0010901793861109988,-0.003619206214038248,0.001029668414146992,0.0,-0.01029860646651008,-0.024014575670917804,0.0,-0.02677590940177841
2023-08-30,-0.008956081341794236,-0.00198394137750957,-0.002723468108514614,-0.07483523297997731,-0.30089779943077266,-0.010434249118840458,0.0006225852086746049,-0.06330413219280309,0.0,-0.056770535743576385,0.0118050414628452,0.015686829280905656,0.0069677114301636344,-0.0028479934266928825,-0.003984632025515248,0.0044087951442481794,0.039053904187880184,-0.001298739926051274,0.0009019464861438165,0.001029668414146992,0.0,-0.010672660297859128,-0.030600667983842388,0.0,-0.005463348470653839
2023-08-31,-0.005104656611214891,-0.00198394137750957,-0.002366123311629456,-0.0683469147314128,-0.2962115065872986,-0.010909454305850113,0.0006225852086746049,-0.06411356108212575,0.0,-0.056770535743576385,0.011780005189506636,0.005897615497220263,0.006645155736970301,-0.008209658140265355,-0.003984632025515248,0.00368962173295293,0.03584321647202219,-0.0020399533626816765,-0.0006610668001280174,-0.0005273911389533369,0.0,-0.010672660297859128,-0.020234158517217177,0.0,-0.006638986613504484
2023-09-01,-0.004988448623897818,-0.002507061219465051,-0.0022705065027218926,-0.07953514098340583,-0.17341729492573363,-0.010909454305850113,0.0006225852086746049,-0.10986453469415883,0.0,-0.08244420496901983,0.010897667507506719,0.01140809257875782,-0.0037918173760546335,-0.0028479934266928825,-0.0041676599180133275,0.017060160318069437,0.03290107310061044,0.014399231821815437,0.0057260445408369685,0.008342062924404616,0.0,-0.00880619206304465,-0.03058851217728851,0.0,-0.006734646008232147
2023-09-05,0.0011078090395255122,-0.0007713867892625343,-0.003550807296669718,-0.07131274058346293,-0.007354946812456204,-0.011879494484653707,0.0006199063168634703,-0.04898824305308123,0.0,-0.013372114240740703,0.0057162966879019065,0.005603902433443286,-0.024509444014639132,-0.0014443069247550373,-0.0014929247401769597,0.011533700657608262,0.11732164485150541,0.10188324138998449,0.03284749109078612,-0.0008274607842253253,0.0,-0.008068305380685342,-0.07414159640591624,0.0,0.021056468198580588
2023-09-06,-0.004007289704960235,-0.0018200004450510255,-0.011656282999225798,-0.0764354561174103,0.03725278309406772,-0.011879494484653707,0.0006199063168634703,-0.1063760108309341,0.0,-0.04971694472815749,0.005342829094072469,-0.08077792520567237,-0.024509444014639132,-0.0027465930473059255,0.003212155469540238,0.02240834703256877,0.098827493753194,0.04437186910350322,0.014320740504568635,-0.004272763936890169,0.0,-0.007341115430373015,-0.059809100338724275,0.0,0.011989278712752162
2023-09-07,-0.021902472559467423,-0.0018200004450510255,-0.008899384218623749,-0.07339407035088805,0.025871837987352934,-0.005109809529977273,0.0006199063168634703,-0.08882087446517858,0.0,-0.042565078345184124,0.004728838264124364,-0.04101451996183389,-0.02495552311301041,-0.0027465930473059255,0.0013199736089781874,0.03310168360369148,0.0991856059644703,0.04101403220692726,0.014320740504568635,-0.004272763936890169,0.0,-0.006354425918037246,-0.059809100338724275,0.0,0.010728612239985374
2023-09-08,-0.0033518421604936477,-0.0018200004450510255,-0.004039740467309575,-0.07892067517281008,-0.1220919415988306,-0.01208836802043377,0.00039028727795944784,-0.133065782279884,0.0,-0.051400319794442165,0.012114453807281225,-0.04021996030853657,-0.006120136900850957,-0.0018448577176044985,0.0032265206316787324,0.018774995300137577,0.038388893375355206,0.04746414678442684,-0.01191953704819128,-0.004272763936890169,0.0,-0.006354425918037246,-0.06632206793553837,0.0,0.005788641312754035
2023-09-11,-0.0013238623816847522,-0.0007713867892625343,-0.0033424988840062013,-0.06931866526344498,-0.21973395434803342,-0.014614864319800835,0.0006225852086746049,-0.16506940787657187,0.0,0.0034814396940560793,0.016768357302118644,0.01565751721929024,0.007058279896734019,-0.0028479934266928825,-0.0029677700762787917,0.019777967322043354,0.03451108116788986,0.029400114094475918,-0.017867075344876436,-0.004272763936890169,0.0,-0.01714381891826684,-0.03727709835059563,0.0,0.007987495203548618
2023-09-12,0.00016416721347900805,-0.00031526390245423746,-0.0034897260385048454,-0.09028947029375105,-0.2159359235939684,-0.014614864319800835,0.0006225852086746049,-0.1584466428876365,0.0,0.014984917026962164,0.005941285785868962,0.018864357021018664,0.007058279896734019,-0.0041834806211084085,0.005426071006498762,0.036288003921127916,0.0833512830942209,0.02514258800954284,0.0075445385622261866,-0.004272763936890169,0.0,-0.016508884803940596,-0.01933009623949288,0.0,0.015957261115149796
2023-09-13,-0.0014058418819966933,-0.01508892402771813,-0.002384520718777529,-0.07384055275650099,-0.22648356409157017,-0.014161776094911656,0.0006225852086746049,-0.12663327213396916,0.0,-0.020548319840652425,0.016528285004544983,0.015199735547446266,0.004406884761843072,-0.0028479934266928825,0.00010880789180343587,-0.009598555612627301,0.031045843125945476,0.029376408537236456,-0.015473820734720551,-0.0007194350802970964,0.0,-0.008548979767280513,-0.06999117120169221,0.0,0.0032854063591671477
2023-09-14,-0.0021117321670752706,-0.015441424992474837,-0.002162720997172666,-0.07639420486328916,-0.1891320541947166,-0.0114447318811331,0.0006225852086746049,-0.12525707780375767,0.0,-0.023982848250135823,0.010897161999405684,0.010311839414025173,-0.005950687357439083,-0.000653771849567412,-0.0049522805633207745,-0.010620017629189966,-0.03746271635473399,0.023101267772847694,-0.009880533296833886,0.0014046113472467121,0.0,-0.006619393224229386,-0.047279997382277256,0.0,0.00469360444191777
2023-09-15,-0.0014925455620504932,-0.002330400046762128,-0.002384520718777529,-0.08136929122579792,-0.15638866710823232,-0.014829369718016287,0.0006225852086746049,-0.1519871525310994,0.0,-0.06067202927941636,0.01653135405993172,0.017123797652701167,0.004406884761843072,0.0012791159505691969,-0.0020212223412499042,-0.008368101321469729,-0.03155437187937776,0.01992650097970556,-0.01324182579674254,-0.0007194350802970964,0.0,-0.007586833541257978,-0.045976860485798805,0.0,0.0027172653996917692
2023-09-18,-0.0013330104256963488,-0.0006005905142264001,-0.0034897260385048454,-0.08557313297945555,-0.1930782527710696,-0.01591310223558854,0.00039028727795944784,-0.1802767618082281,0.0,0.012144207948758158,0.016768357302118644,-0.0016761662217019723,0.00709579473690349,-0.0008210423269837492,0.005797240712666498,-0.002943400886604809,-0.03132250458983977,0.0012132287225358406,-0.017706217015497436,-0.0007194350802970964,0.0,-0.017139529096623668,-0.015546504491308448,0.0,0.002813295565192257
2023-09-19,-0.0016522084061568498,-0.001056713401034697,-0.0029234323421178324,-0.07317794861120457,-0.3334508229558275,-0.01186087077560072,0.0006225852086746049,-0.0908248832207192,0.0,0.014151893861447398,0.011795871265853805,0.017369571038148467,0.00709579473690349,-0.008242475035415628,-0.00319398384536509,-0.029726616803873247,0.033560684805407845,0.01205894383833772,-0.0007792326818627776,-0.0007194350802970964,0.0,-0.01777446321094991,-0.018351708272818526,0.0,0.00830989317844229
2023-09-20,0.001476074908664405,-0.00550909057687085,-0.0026539366818892803,-0.018749470148044095,-0.06586256454866249,-0.01395908709057189,0.0015000555957612296,-0.17654402814591003,0.0,0.014958790369202727,0.01890450118456281,-0.06625571165012503,0.00920106243696629,-0.0008923862420935188,0.016246293482179743,-0.011630564851630483,0.02144648754842124,0.007161418773916698,-0.00014323648793388533,-0.0007194350802970964,0.0,-0.015902653080485774,-0.016138466135750575,0.0,0.011844247057108168
2023-09-21,0.008361103756599594,-0.0026887618007695006,0.00929221328075571,-0.10098750370555035,0.16896497384194725,-0.07857857891027427,0.005710082774957787,0.35727301950775386,0.0,0.031052378396300415,0.06177133295018745,0.08345550771799076,-0.02473624172287532,0.004730436426006418,0.014953274804310445,-0.08221830213256903,0.044301952383891036,0.009585840324460068,0.004358470623074288,-0.0001977447159720303,0.0,-0.008170237030621986,0.0016230286877381352,0.0,0.02898436583283902
2023-09-22,0.008158895997016712,-0.0026887618007695006,-0.027063770631022742,-0.1053223494584468,0.17036476893626343,-0.07857857891027427,0.005710082774957787,0.3330387636165623,0.0,0.03158348238114192,0.0644854254897483,0.07917978387580543,0.006701042356522384,-0.0056263541605560815,0.014953274804310445,-0.08221830213256903,0.04240369227418875,0.009585840324460068,0.0233544020218827,-0.0001977447159720303,0.0,-0.008170237030621986,0.0016230286877381352,0.0,0.02898436583283902
2023-09-25,0.0032434914120000806,0.0038034012537099854,-0.04698515103872524,-0.1386473005170563,0.1838613578045215,-0.06046234275959672,0.0015000555957612296,0.20376477572215562,0.0,0.028548238630672157,0.06700686708283043,-0.06423476319049676,0.007147121454893662,0.000282255774985581,0.014953274804310445,0.024124083131479367,0.06415245400325932,0.010310795174344004,0.005621999053203836,-0.0001977447159720303,0.0,-0.007491146647426664,0.020294310800430596,0.0,-0.04220201429421092
2023-09-26,0.0012055877155866558,0.007987494792866067,-0.014871233661520131,-0.12467914276246242,0.17990847091784581,-0.06383784546925224,0.0015000555957612296,0.30893462802736427,0.0,0.02705594402456706,0.03165925344648471,-0.09191538658364586,-0.024465220143233997,-0.002065842556570898,0.002729629219807641,0.10243442378728634,0.049356975808973615,0.022780312477664377,-0.006334667677144135,-0.0001977447159720303,0.0,0.0003824151797006188,0.019191276728288385,0.0,-0.03359653672500598
2023-09-27,0.001181681428988535,0.006854941617154902,-0.05122721757329858,-0.1419920489205457,0.16498099381128778,-0.06383784546925224,0.0015000555957612296,0.28485508925610703,0.0,0.022671089719426957,0.03165925344648471,-0.1162323007621584,-0.024290162624504043,-0.005752059033219472,0.002729629219807641,0.10572014781273797,0.049356975808973615,0.022955369996394335,-0.003939817409415517,-0.0001977447159720303,0.0,0.0003824151797006188,0.019191276728288385,0.0,-0.03359653672500598
2023-09-28,0.003445699171582962,0.007987494792866067,-0.04698515103872524,-0.13993774500129577,0.17513882637637937,-0.06046234275959672,0.0015000555957612296,0.2505195489882342,0.0,0.023456343676630773,0.04893464223552705,-0.06482066142486062,-0.024290162624504043,0.0029397027756172217,0.006670338261577442,0.10572014781273797,0.05740046310083488,0.010151846099442585,-0.003939817409415517,-0.0001977447159720303,0.0,-0.005824588029350666,0.029196255616987056,0.0,-0.04220201429421092
2023-09-29,0.006659593357346745,0.0038034012537099854,-0.029678014033473806,-0.13166756954402095,0.1809897983548661,-0.07857857891027427,0.0015000555957612296,0.2698725049459632,0.0,0.018947750797506154,0.0642927745432696,-0.056874276549568906,-0.024290162624504043,-0.008367324335428425,0.018893983846080244,0.02611013483935013,0.051642360141327504,0.010151846099442585,0.0009050492561564729,-0.0001977447159720303,0.0,-0.014229176593226088,0.030689457073766652,0.0,0.02108795651208194
2023-10-03,0.00879560159028213,-0.008383482589311046,-0.008613936899595123,0.35265788647196183,0.2089091643212346,0.015443471491105755,0.0008054289582181014,0.3630988664738212,0.0,0.0229994473915105,0.04333316346793091,-0.029200664514609433,-0.004642743223253395,-0.0015060387276013285,0.014301407533811334,0.06011633311661259,0.051551880446803186,0.025319998133754056,-0.0028623489969869798,-0.0001977447159720303,0.0,-0.0049841574261376455,0.02144410061622679,0.0,0.019057084733333837
2023-10-04,0.008684520145021739,-0.0039803480904861575,-0.025308484135443576,-0.0861349182430083,0.18859778663599577,-0.012255034433632865,0.005710082774957787,0.34236168595168065,0.0,0.028634707554916122,0.08092192834444356,0.08611185398960634,0.007147121454893662,-0.0011888673004745928,-0.007488601816541804,-0.08260041776144537,0.04644966697439624,0.009450075923928804,0.0233544020218827,-0.0001977447159720303,0.0,-0.01772234492752152,0.01896848386181229,0.0,0.030471386425055123
2023-10-05,0.014508731502276832,0.0032323152330849974,-0.022694240732992515,-0.07948956097274622,0.20550483940723238,0.021169444613575072,0.005710082774957787,0.3659688085634349,0.0,0.03714789143497307,0.09049708902423585,0.07766217685183513,0.006701042356522384,-0.01204827227892192,0.021960523520336523,0.008463721675752552,0.05154181081357821,0.004726383725608631,-0.04012444756501432,-0.0001977447159720303,0.0,-0.013947549032686798,0.005400077975029353,0.0,0.02002151140630449
2023-10-06,-0.014455492879330602,0.00048731012796815514,-0.003977214932547248,-0.06819835943674216,0.20169541371771907,0.01955951385710988,0.005710082774957787,0.29085236449343943,0.0,-0.12827959775967054,0.08081230456638001,0.0744497324991598,0.006701042356522384,0.004768775078990695,-0.004326047886615877,0.006019026365522968,0.055293816020103,0.009347577489981567,0.0010837636959402921,0.0003860730168977736,0.0,-0.017078628418229144,-0.0048221267323003665,0.0,0.0141936010224825
2023-10-09,-0.01898983657279721,0.00048731012796815514,0.000964632709621632,-0.10753740781531382,0.19446648232507854,-0.07860384986802055,0.005710082774957787,0.35003292528710905,0.0,0.04879167930259889,0.06968243770577189,0.03164860020111568,0.006701042356522384,2.293714779470069e-05,-0.00971297684284756,0.009896599950089568,0.05056123915758429,0.0050478476610725095,0.03423894645210545,0.0003860730168977736,0.0,-0.01800397248806081,-0.011217790469658562,0.0,0.027359980904891366
2023-10-10,0.009032462778481404,0.0005159375105644706,0.009856460078829688,-0.12138397019671929,0.17053852080614562,-0.07860384986802055,0.0015000555957612298,0.29838041910313223,0.0,0.0398429002210215,0.06968243770577189,-0.04548501622243791,0.006701042356522384,-0.0012108614735561185,-0.00971297684284756,0.014179787335700062,0.052035441904807446,0.00892471692578734,-0.03941680305709541,0.001029668414146992,0.0,-0.01800397248806081,-0.011217790469658562,0.0,0.016826526904512838
2023-10-11,0.008791827433790037,0.0005159375105644706,0.009856460078829688,-0.1007209509508329,0.19510381367592464,-0.07870755429745471,0.005710082774957787,0.2735685002059998,0.0,0.032658879395909786,0.06968243770577189,0.01820016223238778,0.006701042356522384,-0.0012108614735561185,-0.00971297684284756,0.00859231175130308,0.057736784293481724,0.020274879007236846,-0.03254793777083192,0.000426416974332999,0.0,-0.01800397248806081,-0.016933941041837326,0.0,0.016549330639031457
2023-10-12,0.008791827433790037,0.0005159375105644706,0.00929221328075571,-0.0727087858808933,0.19232835919103414,-0.07870755429745471,0.005710082774957787,0.3213354083900388,0.0,0.041607658477487194,0.06968243770577189,0.09035515132016224,0.006701042356522384,0.006301917898762931,-0.00971297684284756,0.007348263126651466,0.05748534009667769,0.012918735987052364,0.015073250226628926,-0.0005273911389533369,0.0,-0.01800397248806081,-0.002756851383562533,0.0,0.030928870498553248
2023-10-13,0.006587946318667159,0.0005159375105644706,0.00929221328075571,-0.1698287466188948,0.14136813776672408,-0.04880511097106915,0.0015000555957612296,0.24747158921122808,0.0,0.037363976317740855,-0.04756957608799811,-0.05233705670349665,0.0038125573864349776,-0.0004943610838143905,-0.004481284620719597,0.0064627952896177485,0.051663280995873986,0.007508017939070728,-0.00020071959480184797,-0.0005273911389533369,0.0,-0.01772234492752152,0.00333930341505505,0.0,0.02123168238042947
2023-10-16,0.009032462778481404,0.0005159375105644706,0.009856460078829688,-0.09502155494793592,0.19529306033443436,-0.07860384986802055,0.005710082774957787,0.31171166233317354,0.0,0.03964860827698058,0.06968243770577189,0.07254542416815171,0.006701042356522384,-0.0032246245121316493,-0.006385815109165254,0.013133949010804892,0.05253311485363659,0.007917327490527903,-0.039864799533140864,-0.0005273911389533369,0.0,-0.01772234492752152,0.0008940238398783988,0.0,0.016549330639031457
2023-10-17,0.008850268215889794,0.0005159375105644706,0.009856460078829688,-0.11503123885186439,0.19951556138474225,-0.07860384986802055,0.005710082774957787,0.30429107310730935,0.0,0.043860166708953936,0.06679037187532333,0.055903115390219305,0.006701042356522384,-0.01204827227892192,-0.004481284620719597,0.013133949010804892,0.05766802345329169,0.007917327490527903,-0.039864799533140864,-0.0005273911389533369,0.0,-0.01772234492752152,-0.032330368025495104,0.0,0.016549330639031457
2023-10-18,0.006161582561929322,0.003260942615681313,0.020686559432307315,-0.17054658699553393,0.16629324254952768,-0.061972381077457936,0.0015000555957612296,0.30515837345163854,0.0,0.0391257819225015,0.037548072577771506,-0.0927529848141605,0.0038816719957161716,-0.0004943610838143905,0.018019814478566723,0.00843916470692249,0.04512722390777644,0.007990286089079248,-0.00020071959480184797,-0.0005273911389533369,0.0,-0.008022173384174807,-0.014215667011283203,0.0,0.021580193512436778
2023-10-19,0.00864628062078831,-0.00982443633786416,-0.004152830796655327,0.3672134675845585,0.19098838134123364,-0.028675795474850142,0.0018010706516200688,0.38326099036982164,0.0,0.049006708210993406,0.03318379107435458,0.029590373970383325,0.0055612166437098536,0.0006018734243287241,0.018432269335536263,0.014461208263151068,0.05023309504786848,0.007256227971685966,0.0038523664517061745,-0.0005273911389533369,0.0,-0.006643094938208444,-0.011559013907989609,0.0,0.021852699608082518
2023-10-20,-0.019784035518870674,-0.014320721938914788,0.0004545918035473855,0.34718485141761396,0.18705090030430538,-0.028949283228222076,0.0018010706516200688,0.33984365119287774,0.0,-0.02678692563816479,-0.019158271860108305,0.021990538231786667,0.00475922567585553,0.0006018734243287241,0.03446949227618195,-0.05675107506403235,0.05842293841969317,0.00502448495851404,0.002699403310770886,-0.0001977447159720303,0.0,-0.006643094938208444,-0.009854001792803452,0.0,0.017166922756587703
2023-10-23,0.005917803235739494,-0.014305859684343385,-0.022465431226271145,0.3910696355780749,0.20111200626069334,-0.028675795474850142,0.0018010706516200688,0.3282275904280549,0.0,0.02980018077169559,0.04330045256980096,0.020765042132944524,-0.00014143441950435046,-0.0019777052255360236,0.018432269335536263,-0.0645902887223653,0.04782268944628841,0.007702132887605857,0.007878440615771856,-0.0001977447159720303,0.0,-0.003594040677988841,-0.009854001792803452,0.0,-0.0440193640277446
2023-10-24,0.005536944942543348,-0.0012204807307979089,-0.010967200017474863,-0.1525865318676919,0.1694974352637176,-0.07860384986802055,0.005710082774957787,0.28642983305235836,0.0,0.032406853149641854,0.061668969028594166,0.05180070194837758,-0.0007771272331776125,-0.009182266891596937,0.018019814478566723,-0.08325211074525109,0.038505495682600824,0.007889906735342183,-0.011961279298763705,-0.0001977447159720303,0.0,-0.005089517463489039,-0.03195486458781981,0.0,-0.04066618992146309
2023-10-25,0.006322090651175536,-0.008368620334739642,-0.022465431226271145,0.3443744942558783,0.20561712653649594,-0.029746700541958954,0.0018010706516200688,0.3754372537092734,0.0,0.03995447819445608,0.027805705979769373,0.02857126799703692,-0.00014143441950435046,0.0027853832319018716,0.015466410105787679,0.05427954926247426,0.04405783905821069,0.017278284227003088,-0.006430042915795029,-0.0001977447159720303,0.0,-0.0018015392518259286,-0.011939018134428424,0.0,-0.04385557479634601
2023-10-26,0.005544107464674997,-0.008368620334739642,-0.022465431226271145,0.3857428257428434,0.19834227862574866,-0.029746700541958954,0.0008054289582181014,0.3609364632981547,0.0,0.04039505511353665,0.02782522861943657,-0.008421629151312698,0.005378397341098674,0.00017221691432345302,0.015466410105787679,0.05756527328792589,0.05053146682304822,0.015159756741471245,-0.004971026425265586,-0.0001977447159720303,0.0,-0.003904518051092267,-0.011939018134428424,0.0,-0.03504537293098531
2023-10-27,0.009085714793603364,-0.008368620334739642,-0.005158294221019712,0.29898122090009815,0.20746982246465384,-0.029746700541958954,0.0018010706516200688,0.3980806721777812,0.0,0.04438929679434805,0.027805705979769373,0.033538351306733126,-0.00014143441950435046,0.0027853832319018716,0.015466410105787679,0.05955132499579664,0.05053146682304822,0.017278284227003088,-0.0010810049260785502,-0.0001977447159720303,0.0,-0.002747614712779194,-0.011939018134428424,0.0,0.021080075338752526
2023-10-30,-0.021822546783484317,-0.008383482589311046,-0.009116344894123555,0.2417667100455995,0.20411515076077694,0.015661720577781986,0.0018010706516200688,0.3694093620141653,0.0,0.04642045588146466,0.04388583643441225,0.029359446389163362,-0.00021466296214968478,0.005348091615983936,0.015466410105787679,0.06340205714206425,0.045670795964936776,0.02409644932875886,0.012858917727686141,-0.0001977447159720303,0.0,-0.002948570366714758,-0.012196043879785184,0.0,0.027597895163713606
2023-10-31,-0.03309067185700703,-0.0012008453700795326,0.002381886314672728,-0.11640741767872678,-0.0726891672552767,0.013174795838159415,0.0015000555957612296,0.29560529913418765,0.0,0.020276332405496235,0.03579582582198201,-0.03284516602665863,0.0018908569565077365,-0.002322314028431381,0.005605034540284898,0.07859296586389969,0.06207194890214623,0.004877723663635696,-0.009413263454825741,0.0014046113472467121,0.0,0.0015091627999208534,-0.031116680779007658,0.0,0.013380894576130101
2023-11-01,-0.015512084278527394,-0.004814246733244261,0.010208540351928589,-0.10528679831265819,-0.15178573390003308,0.013164006834522688,0.001509285948414375,0.34171748772427535,0.0,0.03912325568627171,0.06070198410102515,0.044014572985671185,-0.0006472255048167111,0.014335765329193841,-0.010511289891356206,-0.01628613217733009,0.06571018710403329,0.0036942825097088824,0.028992219798710618,0.0014046113472467121,0.0,-0.01639614618726807,-0.030632929036235292,0.0,0.024579192318540416
2023-11-02,0.000267492565036882,0.05674230475896364,0.0028351754623853562,-0.028659998413307554,-0.1881322265101242,-0.009157236606174794,0.0006225852086746049,0.07576850690597783,0.0,-0.024743450047910887,-0.015223505834527392,0.00518109435442101,-0.0027313870640462584,0.06504005891161897,0.09081867503610977,0.040957051643972016,0.06998296021831041,0.05579986613935111,0.0414054984355509,0.008342062924404616,0.0,0.02102044240409744,0.004431644132870606,0.0,0.024327789304222143
2023-11-06,-3.007994888988364e-05,0.0026684621594808976,-0.0007149457282555165,-0.036414451817488265,-0.20020816695209284,-0.014150485277897827,0.0006225852086746049,-0.07809453050418301,0.0,-0.024789358843871904,-0.017548257462994647,-0.004674495980644765,-0.0027313870640462584,0.007535526093931798,0.09379437459411598,0.026343510753708128,0.08533175126785311,0.0825557755917114,0.010462358699603517,0.0016155186739637306,0.0,-0.010531105257025887,0.036244056470954994,0.0,0.009251497315889803
2023-11-07,-0.0010473442024109762,0.0026684621594808976,0.000629848011477304,-0.03616778489477284,-0.2994378151958014,-0.01132414381025863,0.0006225852086746049,-0.04660386218398577,0.0,0.01588929475527122,0.012919507000857158,-0.004930968308895972,-0.004511492740564843,0.007535526093931798,0.09418344620556053,0.02582762235714285,0.08574906344117945,0.004285049947043901,-0.02124499394493852,0.0016155186739637306,0.0,-0.012974164019508412,0.027172776224002545,0.0,0.009458461410241916
2023-11-08,-0.0021328297967392294,-0.0007713867892625343,0.001019878107002134,-0.06598662620049692,-0.24224588469104902,-0.015292929159409828,0.0006225852086746049,-0.14770620030629228,0.0,0.006640866916818248,0.018227596893721484,-0.0067796001599026165,-0.004573193090243323,0.007535526093931798,-0.0013260556344168845,0.01420543905831236,0.07224621663426364,0.004229864757416735,-0.02124499394493852,0.0016155186739637306,0.0,-0.013532512692253047,0.04614728327906046,0.0,0.007590481557823205
2023-11-09,0.0010973984622470094,0.0005159375105644706,0.0020424288317570254,0.01200903943956192,0.20858857538486336,-0.016243269748679477,0.005710082774957787,0.04484459641047416,0.0,-0.0025335572170770587,0.0281396731459897,0.09175699688165526,0.0018827296626911015,0.0017171459655183335,-0.0037298781799280107,0.017922042981473877,0.11857442080218221,0.02805615573274668,0.02482470162770429,-0.0005273911389533369,0.0,-0.019799931477782626,0.04296564312743452,0.0,0.021454839450443255
2023-11-13,-0.001675181787212577,-0.007968769070215528,0.004159254990658074,-0.07552641212510997,-0.2890288384564622,-0.012809366142641934,0.001509285948414375,-0.05336148628642212,0.0,-0.027354466698779493,0.018133815641610783,0.023556272658212713,-0.004573193090243323,-0.019928620590460182,-0.010073341056441408,0.02329906635893737,0.05296778328482083,-0.005227802131621277,-0.01986798664036476,-0.0008274607842253253,0.0,-0.022288343978227824,0.030745675980567932,0.0,0.009489558212488102
2023-11-14,-0.006978980826598976,-0.0019932317790975866,0.005406502339301318,-0.07650864135573492,-0.1292513515641481,-0.013097953731099852,-0.003387136019433777,-0.14904983966613217,0.0,-0.0675641684426413,0.01817594010986996,-0.016375321638851182,-0.0008059804918504628,0.018388670320054472,-0.004193478446969717,-0.02005642150434391,-0.08904047283556414,-0.020249380033813838,0.004683796606691854,0.0013116248946497156,0.0,-0.006410590338340161,0.02318913724869694,0.0,0.0015705413030836174
2023-11-15,-0.006978980826598976,-0.0023116348095563845,0.005406502339301318,-0.07806668248362918,-0.12014929815272883,-0.013978617952867319,0.0006225852086746049,-0.14760738475813392,0.0,-0.08369625636022145,0.01435537416125721,-0.008535450415708013,-0.0005672872817509088,-0.0006209549544171424,-0.004766154716881262,-0.020665349964287785,-0.03949693024287884,-0.018452486607440692,-0.005595397590925962,0.0013116248946497156,0.0,-0.007083961635367363,0.0033109608328281853,0.0,0.0013290454644108026
2023-11-16,-0.002120722362040695,-0.009509017090509383,0.0008978588835886446,-0.06793145287709433,-0.2007406650944688,-0.006037827044241446,0.0007088834042786128,-0.027540301593255295,0.0,-0.09083515146970332,0.012788171972891114,-0.023037933378370738,-0.0014223227598252133,-0.0024264812827270704,-0.011271899649639087,-0.010228149266940111,-0.048278152274578164,-0.015034063758704492,-0.01324739181353659,0.0013116248946497156,0.0,-0.015162855987724681,-0.005669442664214151,0.0,0.003478015381315666
2023-11-17,-0.0021341291498556876,-0.0023116348095563845,-0.000833469740806988,-0.07012356955307542,-0.18932269896448814,-0.007171005662186768,0.00039028727795944784,-0.08800252267941586,0.0,-0.08522727081098284,0.014531070150210962,-0.015527385590520497,-0.0002918456552665323,-0.0002918207691763114,-0.004769252670822694,-0.020045332499621562,-0.04369497722540742,-0.014534142458230061,0.007055262812208627,0.0013116248946497156,0.0,-0.006455857787338415,-0.00847210806922132,0.0,0.0036840431086718447
2023-11-21,-0.0027066630665131355,-0.002292772864643888,-0.0027407734807563177,-0.07428442035526424,-0.2230331244095295,-0.012141615310551118,0.0006225852086746049,-0.07288932740635694,0.0,-0.04726926347760413,0.01136973603685152,0.006027012437734949,-0.00011980575216390201,-0.0027470615685877414,-0.0049522805633207745,-0.022756637828164512,-0.0354583138925671,0.003472578270041256,-0.0021994193119513,-0.0002648818992023621,0.0,-0.0056181390568830515,-0.008093944461797845,0.0,-0.03362592501620151
2023-11-22,-0.002814916440911154,-0.0027792809316317564,-0.0016794438755920855,-0.0744075905754831,-0.16567087119540233,-0.012141615310551118,0.0006225852086746049,-0.11377913923151636,0.0,-0.06307546105281019,0.011194750418283588,0.0007856832471958212,-0.0002909857533365813,-0.0006209549544171424,-0.0049522805633207745,-0.02333359783597313,-0.035097061610682954,0.002807517282466442,-0.0032880454773094535,0.0005171503746331833,0.0,-0.00538669233501971,-0.00937980232755685,0.0,-0.028932404828495826
2023-11-27,-0.0023716490915515905,-0.002497636386369219,-0.00378251817062365,-0.11580468713580255,-0.08249556425473402,-0.015526253147434305,0.0006225852086746049,-0.18795076959980078,0.0,-0.05302807893485372,0.01566229113574405,-0.003923565436705785,-0.0009275582123576576,-0.0027470615685877414,-0.001622020875697034,-0.022993837589885175,-0.03028398994132061,0.003417393080414092,-0.0021994193119513,-0.0002648818992023621,0.0,-0.005142295184268326,-0.008085656445051657,0.0,-0.009757284007392111
2023-11-28,-0.025151161544147812,-0.002497636386369219,-0.003557069726507616,-0.11512958940925662,-0.08276413219091802,-0.015100270290930721,0.0006225852086746049,-0.16685844916897455,0.0,-0.049499801771750195,0.01484920345121443,-0.002635420905323159,-0.0009275582123576576,-0.0006209549544171424,-0.001044417718180053,-0.022203140960360496,-0.03213183373281476,0.003940586893757194,-0.0034620501054355127,-0.0006718078728693659,0.0,-0.005142295184268326,-0.011959959180129789,0.0,-0.009757284007392111
2023-11-29,-0.02553890838965742,-0.015098301419112219,-0.005103936207162572,-0.07518325969983755,-0.022296816024904867,-0.015089481287293994,0.0012616493869080981,-0.17701776440090353,0.0,-0.021261707608357498,0.017249648884679846,0.0005443394920399149,0.0024611952595946433,-0.0022466600525522266,-0.0006293667541547958,-0.042239741008614544,-0.06700469071270362,0.006339765796765141,-0.001502211699651426,-0.0006718078728693659,0.0,-0.006112176893112042,-0.012106883141521843,0.0,-0.012567331791701022
2023-11-30,-0.02774907571806735,-0.015098301419112219,-0.005991385866234668,-0.07403337005084751,-0.0226180396685208,-0.015568980419205854,0.0012616493869080981,-0.22130192072208188,0.0,0.011014686588374779,0.01742582388811745,0.017675648958261472,-0.0006503608950423634,-0.00015337033353189755,-0.0006537349410822474,-0.03840972110688299,-0.05953225403949031,0.005693048337557913,0.0021971296748405614,0.0013116248946497156,0.0,-0.01289208293125369,-0.015109908929020886,0.0,-0.020631550832457976
2023-12-01,-0.027048608131653502,-0.015450908423609706,-0.010650840088360295,-0.13468283140087695,0.0008651335695885885,-0.015568980419205854,0.0012616493869080981,-0.25797519852601664,0.0,0.01084889812594598,0.019215868769874425,0.020080044275300548,-0.0033154964915555283,-0.00015337033353189755,-0.0012130483974163305,-0.040583086665121094,-0.05810795096358971,0.005693048337557913,0.005745458155827636,0.0013116248946497156,0.0,-0.013497617985738581,-0.015109908929020886,0.0,0.00207495121423548
2023-12-04,-0.0018880367487263052,-0.015104256724810295,-0.01108294851322289,-0.0842855597483368,-0.018863096273387808,-0.01595999952321436,0.0006199063168634703,-0.22228711927904868,0.0,0.016023146531101727,0.01819427092367301,-0.013074129885956954,-0.002249318494629358,-7.9171337886453e-05,-0.00048500590318943583,-0.04006137431331464,-0.04836715662707077,0.00460023907733972,0.0017388527372503555,-0.0006718078728693659,0.0,-0.012947058424196686,-0.011744740246728558,0.0,0.04817380632540251
2023-12-05,-0.0026068272713699967,-0.015202634985063752,-0.011466160605921451,-0.07970803467036051,-0.13629719360272777,-0.013699295920229865,0.00039028727795944784,-0.1700888780058804,0.0,0.01679845950303811,0.016387935760358956,-0.035438137137467074,-0.004801365350669914,-0.002646148846791174,-0.0009000568672146932,0.1000227867747666,-0.006234924648547115,0.09424213993633801,0.006664305255072817,-0.0006718078728693659,0.0,-0.01632315407037385,-0.008082260861423187,0.0,0.004512605576705663
2023-12-06,-0.0030305641864792304,-0.015239642554565194,-0.012962860800095082,-0.07340180173360042,0.012624818517280433,-0.011569442202627117,0.0006199063168634703,-0.11685186275753161,0.0,0.017373455580217415,0.004483251516874096,-0.04449391498154754,-0.002249318494629358,-7.9171337886453e-05,-0.00048500590318943583,0.1332372886958765,-0.026939450631399593,0.13547154137799636,0.0048519553081609644,-0.0002387210903011459,0.0,-0.01632315407037385,-0.0100397281315424,0.0,0.004044734359667351
2023-12-07,-0.0014663691331904798,-0.015104256724810295,-0.010184525799383181,-0.08524573539514974,-0.017065087666875204,-0.007085172150796608,0.0012616493869080981,-0.2625893505687808,0.0,0.01804911686852822,0.0028038902695480157,0.02013835138299529,-0.0021782074802358404,-0.00015337033353189755,-0.00048500590318943583,-0.04027406555659072,-0.06690747149053498,0.0018646461444502716,0.010465278694666014,-0.0006718078728693659,0.0,-0.012947058424196686,-0.013042753919041443,0.0,0.006468581444442862
2023-12-08,-0.002523045849283755,-0.015456863729307782,-0.010090009162113476,-0.11976568221937584,-0.16115816530884924,-0.012213159460996633,0.00039028727795944784,-0.1378168319351062,0.0,0.014586965131076896,0.010657156452252837,-0.02006686236113329,-0.004509476239716846,-0.0005200422326205719,-0.0011262706363009921,-0.021212045749033417,-0.031539732061517986,-0.003297483611554218,0.004405613377881426,0.0013116248946497156,0.0,-0.01687371363191574,-0.009367520518705928,0.0,0.003948521721439513
2023-12-11,-0.0024276906047492933,-0.015456863729307782,-0.009942782007614831,-0.12085868363851364,-0.16230109288721972,-0.013216794982650971,0.00039028727795944784,-0.13900592220207147,0.0,0.013965059671275796,0.01404682521798366,-0.013017007446963616,-0.005366311053402783,-0.0005200422326205719,-0.004993496784533378,-0.020351534737808423,-0.03692843322413987,-0.004519637403534016,0.007200644761181539,0.0013116248946497156,0.0,-0.01356369489682528,-0.01010689868224788,0.0,0.003425708838881293
2023-12-12,-0.002290385429327552,-0.015456863729307782,-0.009942782007614831,-0.10982577489266364,-0.16761673517699405,-0.01139956309629297,0.0006225852086746049,-0.1670430955768476,0.0,0.007598477233371459,0.010842812871962842,0.012092195174219767,-0.005366311053402783,-0.000653771849567412,-0.004993496784533378,-0.020351534737808423,-0.03617250010976439,-0.005686695216446475,0.01061031874967012,0.0013116248946497156,0.0,-0.01356369489682528,-0.009834255310136385,0.0,0.004882709882712634
2023-12-13,-0.002290385429327552,-0.0014246531026243484,-0.009942782007614831,-0.11671956615268494,-0.17098380894131698,-0.010761677353780565,0.00039028727795944784,-0.15714637136122636,0.0,0.015488377098035376,0.008579181310778946,-0.008262552643062113,-0.005344344242168956,0.012155428070779652,-0.004993496784533378,-0.01957062653812143,-0.051155899928816924,-0.0044645414244666734,0.008177238446761105,0.0013116248946497156,0.0,-0.011971144486955047,-0.008422200828487554,0.0,0.0051151782739514
2023-12-14,-0.0018340594999871754,-0.0013686611889286028,-0.010335818098623509,-0.11624133256768854,-0.2151420490768186,-0.011328445621799505,0.00039028727795944784,-0.12041405250324029,0.0,0.013988678290556078,0.010829180085194077,-0.01268825698760503,-0.0040399742689246135,0.0007117764074724974,-0.004420820514621833,-0.018753045625691415,-0.03804503259772163,-0.006191035738347122,0.008177238446761105,0.0013116248946497156,0.0,-0.011955605731199043,0.0010185286241949643,0.0,0.004094140142137049
2023-12-15,-0.0017074809307849215,-0.002629841670916127,-0.006897095111405058,-0.13126379824962253,-0.00021604989952247303,-0.012547522747833698,0.00061990631686347,-0.19439881670706835,0.0,-0.056423013259988226,0.018427054703913592,-0.014309199876873478,-0.0016924727463308953,-0.0029051929300451555,-0.0028378858071304186,-0.04007384425674816,-0.06804012272515549,-0.01286905623422253,0.0027323482782224515,-0.0006718078728693659,0.0,-0.00449793641468162,0.0013650530503570442,0.0,0.004041326982517432
2023-12-18,-0.00013943513154110866,-0.016765880451881415,-0.006897095111405058,-0.14074971606528783,0.06316095942672013,-0.014555895278358313,0.00061990631686347,-0.23147414026124644,0.0,-0.06694177780585044,0.015765418021118003,-0.013674084253172378,-0.0016924727463308953,0.0012121779235080116,-0.0022074458579456825,-0.042841561325986384,-0.07054414977543917,-0.001411173561189933,0.005770686983487657,0.00036745725299405123,0.0,-0.0056443982817950475,0.0020624668778793428,0.0,0.003037678027154163
2023-12-19,-0.00013943513154110866,-0.016765880451881415,-0.006897095111405058,-0.137676403893723,0.07921637549331881,-0.017119349652179795,0.00061990631686347,-0.2421830555951675,0.0,-0.060532560849898595,0.01847205525752587,-0.015037955919381927,-0.0016924727463308953,0.0008830437382671812,-0.0022074458579456825,-0.0432700510944132,-0.07034553295428991,-0.005675236285155384,-0.0021074102718813595,0.00021331788095160285,0.0,-0.0056443982817950475,0.0020624668778793428,0.0,0.0022846434544784872
2023-12-20,0.00015265134859111367,0.0056805656090148805,-0.010670104595218765,-0.06960992619584368,0.11429993555901924,-0.014736322166974377,0.0012616493869080981,-0.32211724963094956,0.0,0.03215371782651776,0.004321608093403784,0.013306898939344428,-0.0021782074802358404,-0.0007741420255762369,-0.003868110308180373,-0.02671621620372132,-0.050546005449732194,0.016685615386946333,0.00377646003183556,-0.00018820981250914818,0.0,-0.014296493733691299,-0.0021150820271879475,0.0,0.008552569614424214
2023-12-21,0.0001150142957263975,0.0056805656090148805,-0.010670104595218765,-0.06241137046023678,0.11773310992762945,-0.019077755534295592,0.0012616493869080981,-0.33411985508536757,0.0,0.022218867060848836,0.021652832271944897,0.021728603394073388,-0.0012838578263804328,0.000850226843116912,0.0012615275470221,-0.02709265604058327,-0.07044110368554764,0.016752210603796894,0.004196680583497179,-0.00018820981250914818,0.0,-0.014861061115287672,0.0005177191836082933,0.0,0.008552569614424214
2023-12-22,-0.00048435012016023667,-0.0005044104018960487,-0.006897095111405058,-0.07438626710741064,0.08464477331268089,-0.014916872024466645,0.0012616493869080981,-0.24357642037519364,0.0,-0.10900478039508207,0.018786262365617194,0.0013047284744231282,0.0009333486744011654,0.0008830437382671812,0.001119715875736624,-0.042201730837423984,-0.08134978215997911,-0.0008201529862494037,-0.005147082875973942,-0.00018820981250914818,0.0,-0.005002701005056591,0.0020476710378016997,0.0,0.0031245253540099337
2023-12-27,-0.002322591657962857,-0.002497636386369219,-0.007630390341225201,-0.1327918382695291,-0.00023614635031444326,-0.014916872024466645,0.0012616493869080981,-0.1928360384799126,0.0,-0.0485901644744684,0.014852767685572778,-0.0002001335823940208,-0.0018028979365055163,0.0008830437382671812,0.001252456156246832,-0.04000466613466316,-0.09352189079172729,-0.011626042530622676,-0.0019652291837777805,0.0013116248946497156,0.0,-0.004693029646808152,0.020555936097069995,0.0,-0.01074308019377651
2023-12-28,-0.002327695833437282,-0.002497636386369219,-0.007630390341225201,-0.1304520419602194,-0.0032197190133498666,-0.014916872024466645,0.00061990631686347,-0.1752504652670518,0.0,-0.05127374842664534,0.015268359747661392,-0.014925820844070951,-0.0018028979365055163,-0.004548872123266225,-0.0028378858071304186,-0.039782984612449133,-0.08932197280542814,-0.012109894799317884,0.00569779188770091,0.0013116248946497156,0.0,-0.004693029646808152,0.022554981673580117,0.0,-0.014121906718523522
2023-12-29,-0.024288230785494705,-0.002497636386369219,-0.007020056496759551,-0.13902166919529002,-0.016146379772128936,-0.015055456549559434,0.0012616493869080981,-0.20076964388218238,0.0,-0.04779243455240443,0.017858047007039028,0.01746869068801308,-0.0009085482826501081,-0.002417821218797296,0.000507565627734785,-0.04217355981401467,-0.09032551691422759,-0.004508875770020045,0.0012954562579880445,-0.0006718078728693659,0.0,-0.005423480542386325,0.03351958210547821,0.0,0.000848956936183835
2024-01-02,-0.00029241830232631895,-0.0007195451333701562,-0.012001635100868407,-0.08141089336942067,-0.033170779558689835,-0.015949733778877734,0.0006199063168634703,-0.11749361258201275,0.0,0.00544103957741908,0.01894923849578082,0.011090289462074998,-0.002258588175813368,-0.002710517593841286,-0.00468157814986319,-0.029745149000317193,-0.0824639488884379,0.0029252738087121844,0.0017388527372503555,-0.0006718078728693659,0.0,-0.01208762585928128,0.02046778498485982,0.0,0.007307048930961018
2024-01-03,-0.0031791682656892735,0.007040061608101464,-0.020107110803424488,-0.05538594709298645,0.14570076702481388,-0.012477948150125104,0.0006199063168634703,-0.06644866827336837,0.0,0.03251908053607144,-0.0051002273687751455,-0.10166853267310845,-0.00196566510335018,-7.9171337886453e-05,0.004242170914976467,0.1159052129352733,-0.02716746999966754,0.1240039356261237,-0.00025568700661190926,-0.00010150641573527092,0.0,-0.01608009017901642,0.008323714865967852,0.0,0.009649861555069259
2024-01-04,-0.02758731338767246,-0.005439979775577109,-0.015038755362596764,-0.05087417022975706,-0.04841186439570691,-0.005019505021038804,0.0006199063168634703,-0.04902565807839297,0.0,-0.031219373940234867,0.02137184832391999,-0.057466830643552395,0.001035787281434818,0.0003439511358906033,0.01651333531990744,0.0821315502503623,-0.04099361678542357,0.09799497114159535,0.004756983177568987,-0.0002387210903011459,0.0,-0.00639393420711763,-0.006550201933303581,0.0,0.004927559774315903
2024-01-05,-0.003265489575166427,-0.009842555938986383,-0.008380856357712277,-0.07604918412393642,-0.18642072312502955,-0.010639489318387105,0.00039028727795944784,-0.09062663593961587,0.0,-0.051051957744976596,0.01141327626851779,-0.04284438312237076,-0.0016279975784214984,-0.0005200422326205719,0.0043493423582222435,0.007067818034419088,-0.042081402550873136,-0.019827655881776596,0.0037945696409324285,-0.0002387210903011459,0.0,-0.004639659241777488,-0.008878771271814846,0.0,0.0007185943172534209
2024-01-08,-0.0023667895698118906,-0.0019932317790975866,-0.002450285267856919,-0.0700433755324632,-0.24455707402900417,-0.010639489318387105,0.00039028727795944784,-0.033920669231841276,0.0,-0.0551154412131949,0.011392809588969688,-0.00959615058351301,-0.0016279975784214984,0.011626206512972213,-0.0024304640028342825,0.09789459533473373,-0.02813750174156922,0.09035547428154175,-0.0031116619560579276,0.0013116248946497156,0.0,-0.005053165773474297,-0.008878771271814846,0.0,0.0018027103258448723
2024-01-09,-0.0020281390473871393,-0.002143423044181562,-0.002450285267856919,-0.11175213634021133,-0.2394562138675254,-0.011577047928954745,0.0006225852086746049,-0.04520035516168371,0.0,-0.050985854705529375,0.010657928627786698,0.016868064708185623,-0.002264570037442574,-0.003950284650242734,-0.0010850544150883884,0.09262325065334212,-0.0021464063763635016,0.1015398694011222,-0.0021897832611607283,-6.992664195096441e-05,0.0,-0.004656214287211838,-0.006599768508860736,0.0,0.001095404309869727
2024-01-10,-0.002102644877490931,-0.0011255627320615213,-0.0001312990326230249,-0.10225472213466551,-0.22907381617004957,-0.011219250522044418,0.0006225852086746049,-0.03636315349923144,0.0,-0.04883535668627657,-0.020156033800477816,0.016868064708185623,-0.002583306525413967,-0.0018241780360721347,-0.005482646786326319,0.09233748754936602,-0.003444420048676383,0.1065154525563867,-0.005703849694496293,0.0001981791926260052,0.0,-0.004656214287211838,-0.00789778218117362,0.0,0.0011641071663816911
2024-01-11,-0.0020681969015940442,-0.002143423044181562,-0.0003651932782263648,-0.10873529727634482,-0.22869383425275996,-0.011661822206276123,0.0006225852086746049,-0.03853838662599975,0.0,-0.05065125031345112,-0.008873130047196535,0.016868064708185623,-0.0025648229767178494,-0.003950284650242734,-0.005127473508688606,0.0923469043233605,-0.003985603335708925,0.10720626549429231,-0.004667947991044267,-0.00010150641573527092,0.0,-0.004656214287211838,-0.006599768508860736,0.0,0.0011919752530567128
2024-01-12,-7.932960699464376e-05,-0.002506501327270828,-0.007158728104156718,-0.13802690491176192,0.040823053166682326,-0.014283303139096575,0.0012616493869080981,-0.07874293611207984,0.0,-0.10246483261155263,0.015957603547647095,0.04075790405299988,-0.0016293483150783465,-0.0017895627636518845,-0.004534131645354084,0.08063155690768015,0.013430804270787081,0.08938260732378277,-0.007546488050061285,0.00025805644128165797,0.0,-0.004860162593314065,-0.018945729351840378,0.0,0.005809940720838875
2024-01-16,0.02009563302009176,0.000398962710382239,-0.013317390938098047,-0.05358208071859467,0.14210437726888692,-0.01457526490629684,0.0006199063168634703,-0.0473729590305946,0.0,-0.08692799538838561,0.021832034374635476,-0.09640845328225188,0.008557397872442031,-0.0027465930473059255,0.002693695364736483,0.018554039624478044,0.10868978414154352,-0.0054477941000743366,0.006042943821880364,-0.00010150641573527092,0.0,-0.011497780621552786,-0.036546175009701004,0.0,0.005538693919328186
2024-01-17,-0.006830679244356199,-0.005665866394859591,-0.005211915235541967,-0.04292900412634909,0.12380257887564632,-0.008812873255423863,0.0015000555957612296,-0.16358380224583394,0.0,-0.11190456665271226,0.021832034374635476,-0.07540506869360418,0.0086095618192029,0.0034676397440737993,-0.008590466642531446,0.004518484287986967,0.017359300451703096,-0.015384219511394617,-0.0006275767120281472,-0.00010150641573527092,0.0,-0.019889394587274983,-0.013140247238667949,0.0,0.008438987889371759
2024-01-18,-0.009284600950179972,-0.009421663956919941,-0.009042039596774736,-0.06838980186469178,-0.016415333828981853,-0.006833566393870387,0.0015000555957612296,-0.13672149705945622,0.0,-0.0731323835503228,0.018627621713544065,-0.09668733925767452,0.008557397872442031,-0.0017125973314171111,-0.009220906591716186,0.0023021640177703397,0.02828104742446192,0.00026823280652164746,0.016729725786927028,-0.0006718078728693659,0.0,-0.02007986759918608,-0.013209674571476726,0.0,0.005985991617234512
2024-01-22,-0.0037767795565577566,-0.007899541310456669,-0.009543987645771745,-0.07938511569324086,-0.2886028819027691,-0.010758377899535515,0.00039028727795944784,-0.04046119553639534,0.0,0.02420888138376061,0.012017008431693557,-0.01973782278361055,0.012767394654697476,-0.002530191982308935,-0.011717292906829754,-0.011246240834181156,-0.04535744371614788,0.012315991002716428,0.006483859031699533,0.00036745725299405123,0.0,-0.040466422228900505,-0.0071012242825013805,0.0,-0.019299915918775924
2024-01-23,-0.004150251967842061,-0.0010547660340011582,-0.009543987645771745,-0.12050512531700919,-0.2527793280396056,-0.010768918803609898,0.0006225852086746049,-0.08696723536756013,0.0,0.019958363946786288,0.011282127470510567,0.014330180772166483,0.0121308221956764,-0.0018241780360721347,-0.004993496784533378,-0.020726250740643125,-0.02713314465434859,0.008778464170792883,-0.0024788317773823524,0.00021331788095160285,0.0,-0.0372315209646544,-0.010820931293556924,0.0,-0.006515427622258111
2024-01-24,-0.004171978785431635,-0.0007135898276720801,-0.009543987645771745,-0.08193345759408531,-0.2848967499034399,-0.010853693080931277,0.0006225852086746049,-0.07600304050671258,0.0,0.021859765275370157,0.009792432283382094,0.014957200649297389,0.012767394654697476,-0.000653771849567412,-0.004993496784533378,-0.016125615749333903,-0.046128713955162604,0.0026770353889831564,0.006407269880501355,0.0013116248946497156,0.0,-0.037245528784708874,-0.009813114484197446,0.0,-0.017496102687297888
2024-01-25,-0.0036511037360837306,-0.007910972108625075,-0.009543987645771745,-0.0842834868168577,-0.29995266777319385,-0.009878704623745157,0.001509285948414375,-0.02518589804625061,0.0,0.022010906394821596,0.011420674127655805,0.021721427929919216,0.002240372992003447,-0.01039788670076789,-0.011910563282363605,-0.0075375773637873745,-0.045071713827181614,-0.0008419331298442197,-0.009084931977572371,0.0013116248946497156,0.0,-0.03709032658272334,-0.008011409500889735,0.0,-0.019111202553674416
2024-01-26,-0.021956306369473797,-0.007910972108625075,-0.009654880487405378,-0.07482000010515753,-0.3025211739473942,-0.008886240554970396,0.001509285948414375,0.029006693126086204,0.0,0.03181632692683708,0.010992686780736541,0.038110448477576025,0.002240372992003447,-0.003716961984130109,-0.011870547472214756,-0.010577171027842936,-0.04482668829118943,0.0034149905832692538,0.03467978270398362,-0.0006718078728693659,0.0,-0.037504833416831675,-0.0075571172607973615,0.0,0.01367827798981974
2024-01-29,-0.0030785698194262822,-0.007916927414323151,-0.01020776046387539,-0.07562107045685793,-0.2807463081174098,-0.010509348916428227,0.001509285948414375,-0.04703678367862289,0.0,0.023145699612965726,0.011420674127655805,0.020456431362372768,0.0022778878321729162,-0.01039788670076789,-0.011313115870851691,-0.012361715108156947,-0.009134865517512114,0.0016106097082634683,-0.04155429558096249,0.0005171503746331833,0.0,-0.049159771267897216,-0.006863365927961581,0.0,0.04972786063187172
2024-01-30,-0.003599444868774187,-0.0007195451333701562,-0.01020776046387539,-0.08378598874915003,-0.2810300070523867,-0.01139956309629297,0.0006225852086746049,-0.07012950963712504,0.0,0.021570536338404032,0.011420674127655805,0.015534191338410988,0.0022778878321729162,-0.003950284650242734,-0.004993496784533378,-0.019230784464244487,-0.04617581431464316,0.002445641481556649,-0.008332908965367583,-0.0002648818992023621,0.0,-0.038290679911500286,-0.0075367128452102075,0.0,0.0050640550222380894
2024-01-31,-0.01348994446705444,-0.007916927414323151,-0.007639393732209433,-0.05001603286392368,-0.04372323584943271,-0.011764133035708665,0.005710082774957787,-0.058265491816084335,0.0,0.0334639559193203,-0.00041497930251349033,0.0618325703227008,0.014586880842990618,0.00714023011846792,-0.008367133335282648,0.0021778007013726385,-0.03122190789423155,-0.01981194189343253,0.012578827746919239,-0.0006718078728693659,0.0,-0.0486855293829389,-0.006541944099453937,0.0,0.018725612208645416
2024-02-01,-0.00957838673772805,-0.008213436465384112,-0.004613409534081257,-0.06305309612087842,-0.2004904942713245,-0.010670608966395986,0.001509285948414375,-0.07555418204717605,0.0,0.02168195444864381,-0.006369780843821092,0.02589570482805496,0.012580253769168399,0.0116058154907058,-0.006958605184658196,-0.01128340440808182,-0.05433381977311507,-0.004351385110010036,0.03478999351213875,-0.0006718078728693659,0.0,-0.04805488509025582,0.001569337730894786,0.0,0.017004843244067612
2024-02-02,-0.00982558610812675,-0.008213436465384112,-0.0036637076591577254,-0.06777198872005673,-0.268195756681122,-0.007816396275070848,0.000708883404278613,-0.013099761184051765,0.0,0.023879556190134342,-0.0016934745203056026,-0.052294799547503004,0.012028410699905645,0.010268306169773122,-0.011052045101976885,-0.008708337498840263,-0.0746069941300831,-0.023529234158163197,0.0107625767250827,0.0013116248946497156,0.0,-0.04805488509025582,0.0024976020957848356,0.0,0.007201609714511734
2024-02-05,-0.006713313480329148,-0.00819784957383856,-0.004375758702124085,-0.07358402295431499,-0.25088185632633553,-0.009374586457192887,0.000708883404278613,-0.06816166752315675,0.0,0.02305820172906962,0.01115966073298423,-0.0715168072950218,0.0020777389229309526,-0.0005021243063642371,-0.007184818953744495,-0.013929196577529364,-0.02546761052054169,0.008826863634539535,0.008433327042165208,-0.00018820981250914818,0.0,-0.051430980736432985,0.0013267067326417153,0.0,0.006049587774848769
2024-02-06,-0.00979707082339952,-0.001000467292885564,-0.0036637076591577254,-0.07148211575127891,-0.26271712067728514,-0.010264800637057633,0.00039028727795944784,-0.08390372125172414,0.0,0.01190927236618479,0.011345317152694236,-0.009971138009453526,0.0020777389229309526,0.00018255484966505587,-0.0010936587809395261,-0.023012750708263544,-0.04611089194996272,0.0073042693177038116,-0.002593529479100224,-0.00010926037804838186,0.0,-0.04056188938003606,0.0009968763964573035,0.0,0.001363995008191733
2024-02-07,-0.003767158409690649,1.7393019234477063e-05,9.4663064383899e-05,-0.07426270793127078,-0.2686092026304207,-0.009176853253785242,0.0006225852086746049,-0.06282486634790518,0.0,-0.0033300824868348574,-0.021926267585601036,0.01571196840441588,0.012306385588543132,-0.000820580859423328,-0.004909970516414773,-0.022755334290377897,-0.048028327757974575,-0.003168193697923834,-0.004236509198682204,0.00036745725299405123,0.0,-0.03704613822296202,0.003034324048950623,0.0,0.001995605115265036
2024-02-08,-0.00498047104139172,-0.0014297394662515085,-0.0016433497501131945,-0.09755749641000795,-0.1668879156398579,-0.008239294643217602,0.00039028727795944784,-0.06630980340704504,0.0,-0.04775330862144089,-0.019828967547931804,-0.03121910315287775,0.005728096767585973,-0.003934816003888112,-0.004909970516414773,-0.02215923381350621,-0.03498410531192166,-0.016188374974508143,-0.003050431656257249,0.0005171503746331833,0.0,-0.009203040759967982,0.0021147008838156302,0.0,0.0008173759258001267
2024-02-09,-0.003949486343764302,-0.0012718805180385072,9.4663064383899e-05,-0.0753516888672703,-0.22052749361158852,-0.009176853253785242,0.0006225852086746049,-0.06607752455064547,0.0,-0.05506348285897342,-0.02188414311734186,0.015957710651486583,0.006184146670815954,-0.000820580859423328,-0.004909970516414773,-0.020732866369506418,-0.04681610651603972,-0.019257043886703705,-0.004722513830588141,0.0013116248946497156,0.0,-0.008821560239347883,0.0026391128464151245,0.0,0.0018615405162004132
2024-02-12,-0.0028345002833479395,-0.007916927414323151,-0.0023017276528124824,-0.07726013405991253,-0.24360893026203642,-0.012029074317714012,0.001509285948414375,-0.07537734420489853,0.0,-0.01756247703154618,0.016864945424929337,0.01870872490951705,0.012604760585624984,-0.0040846300834309615,-0.011007730926822848,-0.010951577764611876,-0.05384878789752098,-0.013815641054716808,-0.014083602917746421,-0.0002648818992023621,0.0,-0.047915229579358946,0.010223369168749588,0.0,0.005167759847384188
2024-02-13,0.005481264437486526,0.0005270288244678676,0.020686559432307315,-0.11737093811508678,0.17457289093365605,-0.07913821450627688,0.0015000555957612296,0.2847533797964482,0.0,0.032375197095559194,-0.03272103548165445,-0.05913986800262659,0.00734822838614965,0.00011157051526578818,0.011251558874557291,0.011669013537579502,-0.029190710952295664,-0.009685548978356634,0.006105509760755473,-0.00018820981250914818,0.0,-0.022474407093693895,0.009499582447507978,0.0,0.020439167816142655
2024-02-14,-0.0038272022818013835,-0.009190614060050584,-0.0001986533577809184,-0.07825581057689061,-0.22123321771936325,-0.008729210758152202,0.000708883404278613,-0.06413023469988618,0.0,-0.05890153840655434,0.009294415646523599,-0.01315580654261915,0.006482521667897806,-0.00318668452547624,-0.007143602732531891,-0.012329060060133635,-0.03339462051309132,-0.021538135910770553,-0.003956809540531838,-0.0006718078728693659,0.0,-0.019690651595744804,0.009051122913850384,0.0,0.004128884275720368
2024-02-15,-0.00335691265170522,-0.009190614060050584,-0.0005820615363174391,-0.07456570650760214,-0.27942645440918973,-0.008644436480830825,0.001509285948414375,-0.012166136584394395,0.0,-0.06551867180703565,0.011762363230183825,0.023279349503863338,0.007034364737160558,-0.009462086979137554,-0.00768366714708197,-0.0103303012235203,-0.05743073924413557,-0.022776012405531086,-0.01131951766548804,0.0013116248946497156,0.0,-0.019690651595744804,0.012892602668989525,0.0,0.004570027849121195
2024-02-16,-0.0033541054643126057,-0.009190614060050584,-0.0020668770893203983,-0.07275780426157813,-0.2646347801591652,-0.01065280901135544,0.001509285948414375,-0.04326149971654591,0.0,-0.10126519968906945,0.011518991794835062,0.025513285866763703,0.006482521667897806,0.005718882844637477,-0.008635043936704466,-0.01292532935251651,-0.0321665702496903,-0.020162126472117892,-0.006568922989896426,-0.0006718078728693659,0.0,-0.019690651595744804,0.022644636678265374,0.0,0.007468114129651603
2024-02-20,-0.012280258497284709,-0.005897147615557961,-0.026852212118092675,-0.05610882509452324,-0.01877571765609534,-0.05852055395141211,0.005710082774957787,0.32998141086197563,0.0,0.023127286050530414,0.05477639600830478,0.06497184960857526,0.009550625934871129,0.006332577666267502,0.021476984935592768,0.0020811117786508886,-0.030015298551099148,-0.011152258725654658,-0.007237967785373359,-0.0006718078728693659,0.0,-0.01810494348234228,0.01710165365692826,0.0,-0.11474036497245518
2024-02-21,0.001585941303416247,-0.008642152720674803,-0.01712775366854052,-0.07058205070555551,-0.13684025538104608,-0.05853134295504884,0.001509285948414375,0.30628354440842764,0.0,0.0056182420771889625,0.06412731304843707,0.002435135202867419,0.007003007070629067,-0.00200729605202738,-0.00807598160701925,0.005944820342226874,-0.023749036639999048,-0.014008882230287399,-0.012804977845585985,-0.0006718078728693659,0.0,-0.021879739377177004,0.002389070456532109,0.0,-0.07343482614552865
2024-02-22,-0.006690147309206183,-0.009490155145596884,-0.0014219675373134894,-0.08367141370601888,-0.31826645497339234,-0.02263246414991363,0.001509285948414375,0.1401198714340801,0.0,-0.10723569416659848,-0.017521687561958675,-0.0063796401205288835,0.004175458886623917,0.013166760887469462,-0.012032819299031243,0.0009879611193449299,-0.02637822732439814,-0.0046751235631522624,0.006496931467345149,0.0013116248946497156,0.0,-0.01622393367251307,-0.004553081462000674,0.0,-0.04952921799604431
2024-02-23,-0.007780871298942015,-0.009338649215686348,-0.002723468108514614,-0.07424943452228248,-0.24940488577021971,-0.010211628562080343,0.001509285948414375,-0.05580416843925429,0.0,-0.05967687871182572,0.0118050414628452,0.01836393576978626,0.0069677114301636344,-0.01039788670076789,-0.011271899649639087,-0.014958191981204946,-0.024368646145923854,0.007313401559483306,-0.005923063462774487,0.00036745725299405123,0.0,-0.019622622936325964,-0.00491860478225263,0.0,-0.01492600651786042
2024-02-26,-0.005772905313358984,-0.007899541310456669,-0.004360973142427033,-0.060479164655050835,-0.29332137684448406,-0.011220731323093498,0.001509285948414375,-0.06338321237592338,0.0,0.008800734884165393,0.01185814748352799,-0.008195727888504917,-0.0048062070400554276,0.006734987065560667,-0.011313115870851691,-0.01588987358372024,-0.0233625182909458,0.009328448281430023,-0.00908758506269947,-0.00010926037804838186,0.0,-0.022337174341138827,-0.003378803848703646,0.0,-0.019726254175754503
2024-02-27,-0.0019214805827796374,-0.007899541310456669,-0.004126870310179187,-0.08175255701404377,-0.29236056229242924,-0.009878704623745157,0.001509285948414375,-0.0685346476281599,0.0,0.007633677071252936,0.01185814748352799,0.019518845733283982,-0.0048062070400554276,-0.01039788670076789,-0.011910563282363605,-0.01588987358372024,-0.02374167042851328,0.008161390468517568,-0.011223078869894935,-0.00010926037804838186,0.0,-0.011312880782756376,-0.0020535227487172725,0.0,-0.021537036875700778
2024-02-28,-0.0033700160489043107,-0.007899541310456669,-0.011373719303852139,-0.08912533491742375,-0.48897718076921926,-0.030948935109379436,0.001509285948414375,0.1871393915428737,0.0,0.026621113573502622,0.027472362512988496,0.02081515251725114,0.0069508431238681995,-0.01129117634455276,-0.011517020011925156,0.013959294279289818,-0.019069566136943116,0.006552462844551431,-0.012198104887777192,-0.00018820981250914818,0.0,-0.021767816723195357,-0.0011395824802232551,0.0,-0.020830410789830955
2024-02-29,-0.01988143323116347,-0.007899541310456669,-0.004049347497725168,-0.0878853377926449,-0.2770350722407344,-0.004574005570912844,0.001509285948414375,-0.03707967842043915,0.0,-0.015446327144672742,0.0034382612118655843,0.018411768180105245,0.013089950347890811,-0.002404487109645548,-0.00809107550408931,-0.013774016334311861,-0.030446025387429288,0.0028699590237855985,0.004120995379018541,0.00036745725299405123,0.0,-0.03682290736155765,-0.003502427156275413,0.0,-0.022299109232418773
2024-03-01,-0.003877787701053124,-0.001975845675231104,-0.0026140847362706126,-0.08293569490882467,-0.2577668622277645,-0.007289017970214526,0.0006225852086746049,-0.06425748322418794,0.0,-0.06564608171513353,0.0118050414628452,0.017514016766944435,0.0069677114301636344,-0.000653771849567412,-0.0049522805633207745,-0.022057016640273618,-0.04903548252778944,0.005294965791839769,0.0020929631151894628,0.00036745725299405123,0.0,-0.008821560239347883,-0.0059863173822511965,0.0,0.003027012929289127
2024-03-04,-0.0013349112682288452,-0.007901340522777599,-0.003406205900534449,-0.08012340619597051,-0.3296539189612951,-0.011695936510103155,0.001509285948414375,-0.014749795236867785,0.0,0.019299262320981184,0.01185814748352799,0.026467816207892226,-0.0048062070400554276,-0.011710361575252447,-0.011313115870851691,-0.012343354057584265,-0.031588580744140796,0.008648291078898543,-0.03885662101347407,-0.00010926037804838186,0.0,-0.022482475330719877,-0.0020415294869901976,0.0,0.049573107445009985
2024-03-05,0.0020019691782202443,-0.007916927414323151,-0.011270766666631142,-0.13079350448070323,-0.18259694339592875,-0.04601608512867073,0.001509285948414375,0.3240589589415333,0.0,0.04219571935859551,-0.04506276889097259,0.04101901649087318,-0.0016177430049141303,0.007059013833132096,-0.0061714511185735925,0.0029847103385779285,-0.027748112969766103,-0.008395358003239614,0.014172227282188766,-0.0006718078728693659,0.0,-0.017602133698253374,-0.007060912908519055,0.0,0.020299475557455746
2024-03-06,0.0002545985912147063,-0.007916927414323151,-0.009098594560447863,-0.07742466413892592,-0.4440406063014282,-0.02638688031302188,0.001509285948414375,0.22280024402169166,0.0,0.03567444061552332,0.003842410737410438,0.028627166042095625,-0.001686077766502743,-0.0007734974306765641,-0.008189858278242847,0.0005462155939958616,-0.02827754531238334,-0.006685281228994795,0.034379963129266465,-0.0006718078728693659,0.0,-0.017602133698253374,-0.005810193033425271,0.0,0.020299475557455746
2024-03-07,-0.0013349112682288452,-0.007916927414323151,-0.0009972995629274242,-0.0741580656661974,-0.2546726375355414,-0.009936144401061466,0.0007088834042786128,-0.06718996279142295,0.0,0.019102658433770504,0.003925163287698726,-0.013689644266116567,-0.0047002395572774015,-0.0024264812827270704,-0.011313115870851691,-0.011238653024909603,-0.02959625159589791,-0.008074047719427385,-0.03854832219214486,0.0013116248946497156,0.0,-0.022121498584611547,-0.006394589311483625,0.0,0.00795118619390291
2024-03-08,0.000446789520265914,-0.007916927414323151,-0.0008055103988869955,-0.06224818002767289,-0.047479132473003394,-0.012950720629383593,0.005710082774957787,-0.058119525427929565,0.0,0.029106328595379607,0.005133439903987359,0.040888590505528226,-0.002075768873202188,0.0018973210769763153,-0.008367133335282648,-0.014181066891690042,-0.037780784203559056,0.00014055367634932455,0.03215108265619609,-0.0006718078728693659,0.0,-0.022482475330719877,-0.006087963323053624,0.0,0.02096221434641576
2024-03-11,0.008844244580340511,0.0005270288244678676,-0.004152830796655327,-0.057991628225456865,0.20662624682654135,-0.04909309557187371,0.005710082774957787,0.3936027982155628,0.0,0.060271994089214805,0.0012569119825925083,0.0474971786295515,0.0010965243471113646,-0.0018914627142307934,-0.0066884685511384954,-0.0011434018812379175,-0.02626934120518729,0.006537094295576863,0.034583668746617204,-0.00018820981250914818,0.0,-0.017362648607798643,-0.005671550688558782,0.0,0.030078710312713506
2024-03-12,-0.0009763293544482682,-0.007916927414323151,-0.0004600423129039498,-0.06725215760057139,-0.21052391656777736,-0.015080574346986342,0.001509285948414375,-0.07972427521250347,0.0,0.02915881908021461,0.01701789092951006,0.017180765215307408,-0.004739553733058504,0.011254566178579709,-0.011310017916910258,-0.007834592083140015,-0.06665658566477109,-0.006871637320008762,0.034287615663243204,0.0013116248946497156,0.0,-0.022482475330719877,-0.006579040757815071,0.0,0.017602519886860336
2024-03-13,0.0007449946259280027,-0.007916927414323151,0.004873689602869924,-0.06977554997471623,-0.049115929173624256,-0.015832437257089323,0.0012616493869080981,-0.09204402274748864,0.0,0.020636399924228468,0.008405322496938218,0.035500718547117144,-0.0017433776860538615,-0.0032385546411761194,-0.01070169657735115,-0.019823390644475206,-0.06795390609599151,0.002949560848051494,-0.04018369253424257,-0.0006718078728693659,0.0,-0.02304704271231625,-0.008591645297498084,0.0,0.010076706166528868
2024-03-14,-0.00042929847626303665,0.0005270288244678676,0.004726462448371279,-0.07560599729888458,0.1478440262637749,-0.017831324249314436,0.0015000555957612296,-0.12702999459568726,0.0,0.03764294957196578,-0.020748578885944724,-0.07331134977536628,-0.0038901214253489933,-0.0033422653407579805,-0.004095462066603952,-0.013173880983634341,-0.031147870398397132,0.014034085688284601,0.009890948612142061,-0.00018820981250914818,0.0,-0.02280133891300978,-0.008580253060568456,0.0,0.01492721465400317
2024-03-15,0.0012809732906642994,0.008734352209124378,0.005295658207037749,-0.07366930927362074,0.15821859277975822,-0.017698278203934235,0.0006199063168634703,-0.09473522964874531,0.0,0.03548278589937996,-0.03415132412674308,0.011557043263192847,-0.003908604974045111,-7.9171337886453e-05,-0.0003791694518649557,0.018186481887951845,-0.05464515794372977,-0.021422530862621397,-0.0025522694173209636,-0.00010150641573527092,0.0,-0.013851376274542953,-0.00945473893258464,0.0,0.012409607754004424
2024-03-18,-0.0022024889512116644,-0.006899067102203112,0.005295658207037749,-0.07569597805333395,-0.048640929415562334,-0.014875253942931078,0.0015000555957612296,-0.05617332302758073,0.0,0.020155531043683474,-0.039559804867476005,-0.0570736889512728,-0.003871090133875641,-0.00202979046627342,-0.00895863998818857,0.0729773387950206,-0.042096409990840356,0.06248195373413281,0.008811128396613297,-0.0006718078728693659,0.0,-0.023113119623402952,-0.00822792114199915,0.0,0.011433698379485243
2024-03-19,-0.0018473845882330238,-0.0007195451333701562,-0.0012502039370954974,-0.08663831942984457,-0.19911289388136968,-0.014528024745056272,0.00039028727795944784,-0.13074468345554824,0.0,0.018702503283624425,-0.012334178491395413,-0.009903992230070576,-0.005182814387955403,-0.0008210423269837492,0.0015875321738946016,-0.017070861633600904,-0.04739558913828961,-0.0015557753748082358,-0.004826501508412469,0.0013116248946497156,0.0,-0.01753925263111328,-0.007402357774448431,0.0,0.004644737185195235
2024-03-20,-0.002308684992091721,-0.001977644887552033,-0.0002824002122613186,-0.07873536308109605,-0.22473400963653362,-0.012292466498959195,0.00039028727795944784,-0.06714074344628736,0.0,-0.057152347420119654,-0.010928305616606588,-0.0023279372984990987,-0.0020712582333183966,-0.0005200422326205719,-0.005127473508688606,-0.02358450336224422,-0.041704695412839395,0.01075488210609669,0.003719805775287024,0.00036745725299405123,0.0,-0.005294594062716093,-0.01270762536041793,0.0,0.001420926998242339
2024-03-21,-0.002075576327332065,-0.000946889081154633,-0.005360660599285928,-0.08459216114994025,-0.24220617904389105,-0.013190953923872416,0.00039028727795944784,-0.07131688146362829,0.0,-0.05510169511577168,0.011578466008679693,0.0010327476829400883,-0.0062338015823535774,0.00018255484966505587,-0.0028208391359622136,-0.023517884460299756,-0.04681610651603972,-0.004778554734491036,-0.003943336331535039,0.00036745725299405123,0.0,0.013687697440705398,0.0025568172312985145,0.0,0.0008687558690431934
2024-03-22,-0.0034681352328726454,-0.001217107370754216,-0.007098673413783022,-0.07719855051397853,-0.18446897414960783,-0.012253395313304776,0.00039028727795944784,-0.07664895634217907,0.0,-0.10660536907204528,0.011762363230183825,-0.039266694355390784,0.015453574781628949,-0.0036338159095249314,-0.0028208391359622136,-0.023484992135706973,-0.04062240330174304,-0.0010450696986891133,0.001657258115205786,-0.00018820981250914818,0.0,0.022175093408946658,0.0018936318789390242,0.0,0.0015101854068509972
2024-03-25,-0.0030438067122484824,-0.0006485808177727422,-0.0065351698732641055,-0.08474342043804704,-0.24628137563340768,-0.013190953923872416,0.00039028727795944784,-0.05812476971013118,0.0,-0.08314870206552394,0.015009053808866017,0.0016316173994144706,0.01538692147463202,-0.003934816003888112,-0.0028208391359622136,-0.023152332982751683,-0.0542082891838285,-0.007432054483523397,0.0001469645019405886,-0.00010926037804838186,0.0,0.021751203990494593,0.013676524156914104,0.0,-0.005262714842772885
2024-03-26,-0.0030438067122484824,-0.008685970398099038,-0.006875319698493994,-0.09107849357681298,-0.23275707648423868,-0.011792138560939065,0.00039028727795944784,-0.04817232237667321,0.0,-0.07733795665382472,-0.0022778902098092666,0.0016316173994144706,0.01538692147463202,-0.003934816003888112,0.0005063225977200926,-0.02493491013008104,-0.056047486143173925,-0.002271846535879276,-0.001905108538915172,-0.00018820981250914818,0.0,0.021382975468540157,0.013676524156914104,0.0,-0.006315810114415734
2024-03-27,-0.003604295679849304,-0.0011248427964445406,-0.0076424210239313915,-0.11371754040186827,-0.1826582458439589,-0.010854579950371424,0.00039028727795944784,-0.0560571035373138,0.0,-0.10380829190559959,0.003179854538494323,-0.01578803707754923,0.014750349015610946,0.0004835549440282359,0.0005063225977200926,-0.022779877663354375,-0.054326003542090925,-0.0013692861112415877,0.0008633348032835733,0.00036745725299405123,0.0,0.021378931862471424,0.014545917191072961,0.0,-0.007379997524883172
2024-03-28,-0.003040999524855869,-0.0009669838482315395,-0.0065351698732641055,-0.09069492139286917,-0.20940193083020336,-0.011792138560939065,0.00039028727795944784,-0.052280426201913865,0.0,-0.10913895627475734,-0.0024840133090673734,4.07742151634701e-05,0.01538692147463202,-0.005277495102746001,0.0010463870122701712,-0.022922089583988777,-0.05571725593809107,-0.0010496927438994792,0.0007592773003803526,-0.00018820981250914818,0.0,0.021760412383091524,0.016376124163112873,0.0,-0.008914414404095341
2024-04-01,-0.00151816566248033,-0.014098049791619672,-0.005484011169027355,-0.05564089160049843,-0.28699433772181476,-0.014309112274532288,0.0006225852086746049,0.011532649375566023,0.0,-0.05769413982603455,0.01159127971440989,0.005988107793592869,0.015064365781438688,-0.005771354469881817,0.008385628523981677,-0.01347335026971178,-0.041944512534400284,-0.004644768914053126,-0.006415714164341465,-0.00018820981250914818,0.0,0.07404657656201451,0.020763020807783514,0.0,0.04690695188040703
2024-04-02,-0.00034272693001949296,-0.014113636683165225,-0.020736386417636136,-0.05766845535869864,-0.44016690239655043,-0.035585645894353694,0.000708883404278613,0.14268148732562752,0.0,0.02310218621496173,0.02677526771507078,-0.055409356692155465,0.017029390442697433,-0.0013281121536835416,0.006654063674788385,0.004105013089185639,0.003643373897499159,-0.015969334302265166,0.01124094370718929,-0.0006718078728693659,0.0,0.09785198759711562,0.014987493908646935,0.0,0.01484736555618728
2024-04-03,-0.0016279574493551217,-0.014113636683165225,-0.005690046199629714,-0.05479395413395958,-0.27056302474933236,-0.014309112274532288,0.001509285948414375,-0.016522618709420612,0.0,-0.06258098352769137,0.011616315987748455,0.020280177316199653,0.01538692147463202,-0.01039788670076789,0.007619681878536284,0.0020893518146194116,-0.029359561174086557,-0.03039875315801591,-0.011956816219258983,-0.0006718078728693659,0.0,0.07404657656201451,0.007017922686494421,0.0,0.005679788178304588
2024-04-04,0.008193381410740748,0.008988813017567501,-0.03826055765477435,-0.08566820777364978,0.20681950954989978,-0.07947806146255638,0.005710082774957787,0.37490354789847535,0.0,0.05685073414997952,0.06870771035132092,0.0904948524726013,0.008522878885365907,0.006301917898762931,-0.016519172648775983,0.009004551047301652,0.01637720616427277,-0.0006044543832547822,0.007200421504721829,-0.0001977447159720303,0.0,0.03377548483253905,0.007684248652498982,0.0,0.03024724802100154
2024-04-05,0.008193381410740748,0.009020612505650685,-0.03826055765477435,-0.06648514961343699,0.20277120602682092,-0.0809628288226713,0.005710082774957787,0.35338250046376024,0.0,0.04975370234112365,0.050986807606897465,0.08621912863041598,0.008522878885365907,0.004768775078990695,0.01790095797316689,0.010637094037402272,0.021845401375146782,-0.0038422110848678865,0.03539861634759387,-0.00010150641573527092,0.0,0.05819596685010802,0.0056189733037611475,0.0,0.030035638871714686
2024-04-08,0.006562724600226003,0.0005475679057747504,-0.021566010418925904,-0.02723976225039786,-0.053815488900456405,-0.05911179248528719,0.005710082774957787,0.32029582403042905,0.0,0.013260890314327813,0.05450788524675082,0.025964867515751763,0.008522878885365907,-0.0019938408520276917,0.018165507501628292,0.005061434395176964,0.005617406769059921,-0.007020641461317053,-0.03790114239503057,-0.00013217525041255644,0.0,0.058514830432397934,-0.004091740006630555,0.0,0.015608908361342889
2024-04-09,0.0016224552499987622,-0.00011843362598323619,-0.022401799775541464,-0.03773034037653621,-0.18249753265095434,-0.059283631245640366,0.001509285948414375,0.39958601219224055,0.0,0.044375133411224045,0.06113485396968841,0.0215828217467122,0.006448002680821682,-0.0007734974306765641,0.00885290426136939,0.007875987517677532,-0.02735989046332506,-0.006563619717220526,0.03494711201761958,-0.0002387210903011459,0.0,0.07372909925243303,-0.0023848050793957424,0.0,0.022943630127802046
2024-04-10,0.005283518839864297,0.008988813017567501,-0.026866211503222746,-0.15086606022452573,0.14559238006033648,-0.06284659267199377,0.0015000555957612296,0.26823258281348317,0.0,0.048285150358064535,-0.02706361533135673,-0.10460198313781949,-0.013854518984151874,-0.0004943610838143905,-0.00038709349588746935,0.009004551047301652,0.038798038967627006,0.001871819086121392,0.001443807660145362,-0.0001977447159720303,0.0,0.03313208475966055,-0.005698373298650801,0.0,0.022269409267698357
2024-04-11,-0.007136779584540628,0.00937247128601274,-0.0066599944576132,-0.01552058143362219,0.1476392709802598,-0.014068984615693246,0.0015000555957612296,-0.1411562924877427,0.0,0.03859032522898355,-0.028252150911241086,-0.13112197050846852,-0.00773389530882538,-0.0017125973314171111,0.004144651154550168,0.009357642107864654,0.02041884672014256,-0.006872805027901423,0.013359993759237779,-0.00010150641573527092,0.0,0.024289036649438208,-0.012883528576947337,0.0,0.012867435743022208
2024-04-12,0.0008649320504731833,-0.0023678961610804792,-0.03516924633357884,-0.16320733314456015,0.1303587740502943,-0.059232952751085456,0.0015000555957612296,0.27723373466983386,0.0,0.03307074754101036,0.06177133295018745,-0.1539609946136064,-0.024911299241605275,-0.0004943610838143905,0.018019814478566723,-0.08221830213256903,0.03546356144517133,0.004543478479440132,-0.0013536827357371356,-0.0001977447159720303,0.0,-0.00839055535030136,-0.006711736334507607,0.0,0.016446807667363277
2024-04-15,0.001675763881222092,0.0026559858234274144,-0.03516924633357884,-0.17778849050609705,0.16061079624827368,-0.059232952751085456,0.0015000555957612296,0.3073724469013382,0.0,0.02792279527650443,0.06320474724018078,-0.1542334123114127,-0.005741630780679869,-0.0004943610838143905,0.018019814478566723,0.022009318206238228,0.041586388871454806,0.005766357442887938,-0.0013536827357371356,-0.0001977447159720303,0.0,-0.008022173384174807,-0.006331732108068793,0.0,0.016610596898761865
2024-04-16,0.0010671398100560651,-0.0023678961610804792,-0.03516924633357884,-0.16846908802235583,0.13281649792959516,-0.059232952751085456,0.0015000555957612296,0.2700898693202997,0.0,0.016433755981175996,0.06177133295018745,-0.14069513428428068,-0.02473624172287532,-0.004180577560462967,0.018019814478566723,-0.08221830213256903,0.04693641560871449,0.004877485073071504,0.010602983994610831,-0.0001977447159720303,0.0,-0.008022173384174807,-0.014215667011283203,0.0,0.016446807667363277
2024-04-17,0.006233229600608909,0.0037885389991385806,-0.027063770631022742,-0.18387870365970285,0.14472939687660846,-0.03068887482039161,0.0015000555957612296,0.2541930201102667,0.0,0.025434266120156465,-0.04721822404451807,-0.0927529848141605,-0.024797427373474602,-0.0004943610838143905,0.018019814478566723,0.02370078844326147,0.0480210793884731,0.003013388884713758,-0.0013536827357371356,-0.0001977447159720303,0.0,-0.008022173384174807,-0.014215667011283203,0.0,0.019450966946113826
2024-04-18,0.005446304056458121,-0.0012353429853693132,-0.027063770631022742,-0.153370309112694,0.13641241048059383,-0.060487613717343014,0.0015000555957612296,0.25983229150920395,0.0,0.026243435925178988,0.0692580424519118,-0.09035813454643182,-0.02473624172287532,-0.004180577560462967,0.018019814478566723,-0.08221830213256903,0.05147284601603049,0.004877485073071504,0.010602983994610831,-0.0001977447159720303,0.0,-0.008022173384174807,-0.014215667011283203,0.0,0.019287177714715237
2024-04-19,0.009148029300750383,0.007972632538294664,-0.027063770631022742,-0.11843275376271671,0.19646757702165063,-0.07860384986802055,0.005710082774957787,0.4119117448679348,0.0,0.026953638692334754,0.04871814702801996,0.07374526905385925,-0.02473624172287532,0.006301917898762931,0.005796168894063922,0.10689110691294848,0.04290286435110891,0.004718535998170086,0.004358470623074288,-0.0001977447159720303,0.0,-0.0004300963671605329,-0.02988958923908198,0.0,0.029148155064237607
2024-04-22,0.006360498871724434,0.0038034012537099854,-0.04698515103872524,-0.13000414372064428,0.20100286775894607,-0.07860384986802055,0.005710082774957787,0.29289721116015244,0.0,0.03093693425007551,0.06700686708283043,0.051642377044239234,0.007147121454893662,-0.009182266891596937,0.021960523520336523,0.024124083131479367,0.04749755283999232,0.005443490848054022,-0.011520953978997672,-0.0001977447159720303,0.0,-0.013283101132272821,-0.03195486458781981,0.0,-0.0403015182870649
2024-04-23,0.001798049268156155,-0.00900371477283686,-0.011808120990721928,-0.06470776572981049,-0.41400122924418686,-0.031566986918586226,0.001509285948414375,0.12048445904890118,0.0,0.013677506987220039,0.0031902176514956074,-0.007207758897759171,0.00470340431211732,0.014313771156112315,-0.006248067820511485,-0.04104491376775606,0.06955018728528553,0.007901225958724676,-0.013798944137979429,0.0014046113472467121,0.0,-0.01673903344481764,-0.012663768988566512,0.0,-0.03934595500085912
2024-04-24,0.001351584388143337,-0.007080490299481224,-0.004345568638391991,-0.07369730211453088,-0.39648847462154124,-0.023859737240264876,0.001509285948414375,0.10919742802817492,0.0,0.013564217220314359,-0.05788800761399899,0.024462653040841543,0.004409747553799344,-0.012731628725365004,-0.016517588822233104,-0.0031210093662626076,0.06208759925782317,0.014303217969127868,-0.004302386910220522,-0.0002794758497530358,0.0,-0.01673903344481764,-0.029138492676371263,0.0,-0.03908710398696249
2024-04-26,0.0015591171824438166,-0.007926196964705907,0.0016478246802471947,-0.048772822381001786,-0.43709845308027784,-0.031566986918586226,0.001509285948414375,0.16324026005611267,0.0,0.01987137500276027,-0.028278143567573615,0.029352406373797477,0.004428231102495462,-0.00986562333804002,-0.01129620258378961,0.000612571793915276,0.04864007336429697,0.0052909794210288874,-0.0415966394682899,0.0003860730168977736,0.0,-0.017685108905770908,-0.014044772228969715,0.0,0.01083330217649616
2024-04-29,0.0017037704728335786,-0.007912431836680995,-0.005167873554147966,-0.09173002600536825,-0.5016783016465385,-0.0324380636199156,0.001509285948414375,0.14934034217090322,0.0,0.020081194384633252,0.016660791167520415,0.012642380305138083,0.005096706807652594,-0.0018942179199992002,-0.010625166562579804,0.0029734059789131052,0.04522015147947012,0.016244757110875047,-0.03420635266518011,0.000426416974332999,0.0,-0.018874101871198614,-0.011769946358189363,0.0,0.020902772290359795
2024-04-30,-0.006396946493323735,-0.00550909057687085,-0.007032044346837179,-0.03181443341043847,-0.4332492376401158,-0.031424227468900084,0.000708883404278613,0.18570273242285407,0.0,0.020249995322703728,0.015924640956730265,-0.03853008815787609,0.004804542609977833,-0.0011777175302574723,0.021501509816885356,-0.012269422910166115,0.06336947070661225,0.0007995801428335277,0.0037042568035539694,-0.0007194350802970964,0.0,-0.014111268664871746,-0.01063925817161586,0.0,0.01500524616505395
2024-05-01,-0.005923849675834957,-0.00550909057687085,-0.007032044346837179,-0.033410573400594765,-0.47143671214543953,-0.031424227468900084,0.001509285948414375,0.22385739337901853,0.0,0.02892842318982586,0.015924640956730265,0.04662922541284959,0.004804542609977833,0.0056185614523198485,0.017560800775115556,-0.012269422910166115,0.04771460078352452,0.0007995801428335277,0.009416410162365392,-0.0007194350802970964,0.0,-0.008052329102267643,-0.01063925817161586,0.0,0.024702434283177727
2024-05-02,-0.005853124436521414,-0.008208940887741956,-0.0054253753127712434,-0.09763195062846793,-0.4999480389033122,-0.02976211652016856,0.001509285948414375,0.14844554928986808,0.0,0.013230338548586037,0.015849283981768696,0.022083734427306535,0.004574002205217295,-0.008268795389916468,-0.005410298822952043,0.00352053326156861,0.0630756331066482,0.00648676926994356,-0.041523214427489054,-0.0005273911389533369,0.0,-0.018243457578515542,0.004750814258825491,0.0,0.013275519713964902
2024-05-03,-0.007221520859413848,-0.009482627533469389,-0.0014695640078559759,-0.0698722433975861,-0.2711676260167913,-0.009469008580531168,0.001509285948414375,0.06611506802282935,0.0,-0.0410980326007363,0.0009751679427659599,0.0021687907545991547,0.0049587278311058235,0.05928782898740262,-0.006215115469051986,0.014921966686813972,0.16297557490834033,0.08998515117801911,0.013584520799861569,0.001029668414146992,0.0,-0.01607048651238968,0.053136607369299975,0.0,0.008311833330181772
2024-05-06,-0.008288946176442461,-0.007912431836680995,-0.0007213607510965662,-0.07790110600262902,-0.29547046545409195,0.0004229858104582441,0.001509285948414375,-0.12268891664318107,0.0,0.022628257368351976,0.0019618087318789856,0.009584387388060733,0.012604760585624984,-0.0033076350620053654,-0.009583493423946899,0.002989540783808294,0.07863590882703016,0.01948015507912771,-0.040845009289383755,0.000426416974332999,0.0,-0.04805488509025582,0.014757377941018347,0.0,0.016902673684318612
2024-05-07,-0.0017186973556726672,-0.007912431836680995,-0.0004666642298922589,-0.07482672993565029,-0.3464506165750392,-0.011018077142661896,0.001509285948414375,-0.014661960518140765,0.0,0.016777306000757414,0.0011145799404823035,-6.868441678654153e-05,0.012604760585624984,-0.0033076350620053654,-0.010180940835458813,0.014660590658163938,0.11371388700254008,0.019497495493699255,-0.03895038936805381,0.000426416974332999,0.0,-0.03703059153187336,0.018339696764349253,0.0,0.017500350327111336
2024-05-08,-0.001965445969489947,-0.0007150495557279994,-0.0008500724084287795,-0.06260128923407535,-0.3601369044664871,-0.01190829132252664,0.0006225852086746049,-0.05109260819438544,0.0,0.007326795812088663,0.011815469250866614,-0.006392915441843439,-0.004739553733058504,-0.0172442355881403,-0.0015121814808563968,0.015549297076708043,0.05938765465210945,-0.0063784184402828166,-0.005835884015189129,0.000426416974332999,0.0,-0.011613383974322964,0.021929933368006454,0.0,0.006185684382941583
2024-05-09,-0.001982977943522908,-0.0010676565602254842,-0.0005820615363174391,-0.12354164748815111,-0.3121397001881172,-0.0094766142051822,0.0006225852086746049,-0.02680060147458577,0.0,-0.01241274537518289,0.0029111546160696393,0.014980117927819194,-0.005376126192079579,0.021610186434418893,-0.001470965259643793,0.003673741944667317,0.08055035761908878,-0.019875858214610152,-0.001506649404494622,0.000426416974332999,0.0,-0.011459720643371613,0.08777197970316704,0.0,0.0032133667387439866
2024-05-10,-0.0018480948978805186,-0.0010676565602254842,-0.0008500724084287795,-0.11522032210171973,-0.26360197569966665,-0.012589003535403221,0.0006225852086746049,-0.09858828878957646,0.0,0.012501867990279442,0.011080588289683625,0.016322142267835734,-0.005376126192079579,0.0008496092885271039,-0.004420820514621833,0.003227861477966997,-0.06516541425881361,-0.01428455333521065,-0.008891351342256094,0.001029668414146992,0.0,-0.011599376154268487,0.02609104415405686,0.0,0.002706573596180383
2024-05-13,-0.05242975493098654,-0.007912431836680995,-0.004285103430758108,-0.09087184071683416,-0.4530178594252434,-0.024511232145459444,0.001509285948414375,0.18032374035190005,0.0,0.02124586061704642,0.028500629831421292,0.024003729359784697,-0.001619424459505819,-0.01221212210234769,-0.007790878198620425,0.0036154562646933995,-0.03132995265780178,0.001211847440091254,-0.04053796944692019,0.000426416974332999,0.0,-0.017602133698253374,0.015043648825107022,0.0,0.009245115490174802
2024-05-14,-0.05242975493098654,-0.021933551149461026,-0.004285103430758108,-0.07749771037478032,-0.430154533223328,-0.024511232145459444,0.001509285948414375,0.2070486494785824,0.0,0.03071674535438184,0.02853968524429373,0.027339021510712998,-0.001619424459505819,0.00016230229095376476,-0.011715487343814652,0.0019394593427026364,-0.03562399351730049,-0.004888676596565058,0.03487234815197418,0.00036745725299405123,0.0,-0.007447730529907367,0.01101517507483196,0.0,0.0186607133677981
2024-05-15,-0.001409199348844555,-0.022286158153958513,-0.0023674922018918727,-0.11078225019366231,-0.21754432841344268,-0.01065280901135544,0.0007088834042786128,-0.014199585447457969,0.0,-0.07159740745491949,0.014044528338130781,-0.016613718523785417,-0.002264570037442574,0.011254566178579709,-0.011869347061151002,0.0012604158639413095,-0.07350320435423183,-0.02184190271052489,0.013026618533972505,0.00036745725299405123,0.0,-0.005456885974015541,0.006612954384260558,0.0,0.006440087574587724
2024-05-16,-0.002030946234779753,-0.0021355038357650335,-0.0023674922018918727,-0.10610879013278887,-0.21109560090668664,-0.007289017970214526,0.0006225852086746049,-0.06934610040008053,0.0,-0.04972286570515129,0.01404759739351752,-0.007521757636711224,-0.002264570037442574,-0.0027470615685877414,-0.0049522805633207745,0.001716710798220679,-0.051190755884624295,-0.01600122487757822,-0.005682590501208332,-0.00018820981250914818,0.0,-0.004656214287211838,-0.006195233677905565,0.0,0.0028725869817730803
2024-05-17,-0.002030946234779753,-0.010491296446550129,-0.0023674922018918727,-0.10538246244696031,-0.174391887392001,-0.011577047928954745,0.0006225852086746049,-0.09569957172788614,0.0,-0.0759644702902507,0.010864051727044806,-0.0065833868076362965,-0.002264570037442574,-0.0002918207691763114,-0.0049522805633207745,-0.00024455009432240954,-0.0362444536645078,-0.008375183332187976,0.0052767386420111044,-0.00018820981250914818,0.0,-0.0050152344165693445,-0.009397408286521925,0.0,0.002462161023466434
2024-05-20,-0.002603480151437201,-0.009349758534484458,-0.004274795941841202,-0.10344543470802228,-0.20101308745378038,-0.011577047928954745,0.0006225852086746049,-0.07694508423485678,0.0,-0.04086301173256746,0.010906729959706181,0.005898619434440042,-0.002331223344439498,-0.0006209549544171424,-0.0049522805633207745,-4.5929634205234085e-05,-0.03347889814575395,-0.013669045628642454,-0.0006873756429097567,0.00021331788095160285,0.0,-0.005338895050846878,-0.009404712149140872,0.0,-0.02874269445290832
2024-05-21,-0.002603480151437201,-0.009349758534484458,-0.004274795941841202,-0.11339340119204842,-0.20101308745378038,-0.007289017970214526,0.0006225852086746049,-0.07612997173759656,0.0,-0.03955927147309769,0.010906729959706181,0.014264515847974068,-0.002331223344439498,-0.0006209549544171424,-0.0049522805633207745,-4.5929634205234085e-05,-0.03340375804322907,-0.020979576333675597,-0.0006873756429097567,0.00021331788095160285,0.0,-0.005338895050846878,-0.006994134191610678,0.0,-0.02874269445290832
2024-05-22,-0.018364254801111757,-0.009349758534484458,-0.004049347497725168,-0.11792472727785687,-0.19153677094930438,-0.006863035113710943,0.00039028727795944784,-0.06662595188077933,0.0,-0.0355520795875024,0.01047238014015363,4.0576819465959905e-05,-0.002331223344439498,0.0007227132686289207,-0.0011740090062590837,0.00012400720012821641,-0.03449477144944291,-0.015573520408187186,-0.0005921608438481242,-0.00018820981250914818,0.0,-0.005338895050846878,-0.005696120519297794,0.0,-0.027797586397787212
2024-05-23,-0.002395596717100889,-0.009679592363111663,-0.00493258939652822,-0.12439549206453343,-0.09388907349060689,-0.010673655807097714,0.00039028727795944784,-0.1417010901686988,0.0,-0.06287799830362721,0.015693559576261014,0.0003687848394035834,-0.002331223344439498,-0.0005795728539219675,-0.002204250233747984,0.0005946878865463666,-0.030062983548444777,-0.022921409826205216,0.00034652177207141155,-0.0006718078728693659,0.0,-0.005177781226556658,-0.00516287577935282,0.0,-0.029439306124155688
2024-05-24,-0.0026006729640445873,-0.0026175289134051497,-0.004274795941841202,-0.11933498242930482,-0.19241348064501168,-0.007289017970214526,0.0006225852086746049,-0.07896155930459368,0.0,-0.07076814566629484,0.010700606860448074,0.015695980939055332,-0.002331223344439498,-0.0018241780360721347,-0.0024304640028342825,0.00023767053759891224,-0.030619864734172626,-0.01612449303476961,-0.0037012948422311997,-0.00018820981250914818,0.0,-0.004578977235196067,-0.006460889451665705,0.0,-0.012439522985933035
2024-05-28,-0.002703855879120522,-0.0019872764733995106,-0.004274795941841202,-0.0796452131459075,-0.2441143640262561,-0.007289017970214526,0.0006225852086746049,-0.06040667203191606,0.0,-0.05278356189368545,0.011435487821631063,0.014291034279913992,-0.0016946508854184224,-0.0018241780360721347,-0.0024304640028342825,0.003209382122780443,-0.05030329387295372,-0.02336898611779697,-0.0013251269390821977,-0.0002648818992023621,0.0,-0.004595921110614178,-0.011248607650843833,0.0,-0.011000079324598209
2024-05-29,0.00026278471416162183,0.0005572541018965969,-0.013636254372719458,-0.1106048870452014,-0.143374767191202,-0.05294071490981305,0.000708883404278613,0.2951753791172633,0.0,-0.08114601956322307,0.05969385661463752,-0.025100693167528287,-0.0019027803978225635,0.004622760836722094,0.018539066684731743,0.019491538928771344,-0.021706237737312877,0.008639987367964999,0.007566921123616856,-0.004272763936890169,0.0,0.04428219664986352,-0.007389134139529757,0.0,-0.027954178019482648
2024-05-31,-0.001500655126240379,-0.0013435246301282803,-0.005690046199629714,-0.106803227036538,-0.25526753661585516,-0.010055107053526628,0.0006225852086746049,-0.021903434999269975,0.0,-0.10416954481077076,0.011435487821631063,0.01325128154063533,-0.0019113535167382429,-0.0011926826613762544,4.058825188654027e-05,0.00991231838670244,-0.04727009799627949,-0.0220267894295845,0.008484774236958538,-0.00010150641573527092,0.0,0.014948021668821608,-0.008872310569478912,0.0,0.006109315781069825
2024-06-03,-0.0013321040808362316,-7.375837335276841e-05,-0.007809765865957531,-0.10406394970789999,-0.30787417306501585,-0.015352239773280003,0.001509285948414375,0.012239262750228306,0.0,0.028308939499940275,0.011672491063817984,0.017047796335604676,-0.005022909671375248,-0.0011926826613762544,-0.001123033277609823,0.010312806306438634,-0.03389173304195825,-0.011662708249584553,0.034976741586886954,-0.00010150641573527092,0.0,0.010080294046261625,-0.006421571262274302,0.0,0.06007327141983648
2024-06-04,-0.0013321040808362316,-7.375837335276841e-05,-0.007809765865957531,-0.11506225674878515,-0.31714576067330424,-0.01395342441034665,0.001509285948414375,-0.014026738115237504,0.0,0.019190660072568956,-0.0010933619550370787,0.014932213098762501,-0.00472998659891206,-0.0024264812827270704,-0.001123033277609823,0.010446514600538422,-0.0505995850991283,-0.01240639815552266,-0.03968781017474948,0.0001365234438090258,0.0,0.010080294046261625,-0.006421571262274302,0.0,0.00720832445190836
2024-06-05,-0.0018340594999871754,0.00027069961113627446,-0.007809765865957531,-0.1236909230305028,-0.21513594022229082,-0.014843638590211395,0.0006225852086746049,-0.1273113766604923,0.0,0.0174069957155952,-0.0016425864965100643,-0.002911324629538512,-0.005366559057933135,0.012155428070779652,-0.003434731627086362,0.0134937758421618,-0.056787100555267395,-0.016830173416201244,0.00887282937245229,0.00036745725299405123,0.0,0.002073960842526151,-0.00947085816559887,0.0,0.004689099016475776
2024-06-06,-0.0018340594999871754,0.00027069961113627446,-0.0075631733315787925,-0.12517632743237656,-0.21659519919683823,-0.014843638590211395,0.0006225852086746049,-0.10562498103969833,0.0,0.015986084409322858,-0.0016852647291714419,-0.005652327984936159,-0.005299905750936211,-0.0027470615685877414,-0.003434731627086362,0.0003341812256803461,-0.0357632572271269,-0.010823332865670878,-0.006979604319270685,0.00021331788095160285,0.0,0.002073960842526151,-0.008172844493285985,0.0,0.0025435749378790442
2024-06-07,-0.0018340594999871754,0.00027069961113627446,-0.007415946177080149,-0.12616443828688043,-0.24813949418383008,-0.016242453953144748,0.0006225852086746049,-0.11137946446673697,0.0,0.01602397200871566,0.011080588289683625,0.015525552276807283,-0.005592828823399399,-0.003950284650242734,-0.003434731627086362,0.0015719955991395666,-0.03335421994217387,-0.005671208982525069,-0.008252279333425743,-0.00018820981250914818,0.0,0.002073960842526151,-0.009877856608472142,0.0,0.0020913866585383447
2024-06-10,-0.0029682271126905287,0.00027069961113627446,-0.009301186146075885,-0.1214213419941327,-0.24344433093927498,-0.020193770148308005,0.00039028727795944784,-0.07910020605486005,0.0,0.01659466910297747,0.011080588289683625,-0.017035636679675826,-0.005435541866139194,-0.0008210423269837492,-0.003434731627086362,0.0022397335005617715,-0.04481223787506028,-0.009685682234878808,-0.002722560782700218,0.00021331788095160285,0.0,-0.00022103030190860065,-0.005772904595139554,0.0,0.0033443991693721696
2024-06-11,-0.0028048705229992347,-0.00029688906180559737,-0.009301186146075885,-0.11049011484465916,-0.25755142109333334,-0.01930355596844326,0.000708883404278613,-0.040274555588958635,0.0,0.018393432250212085,0.011815469250866614,-0.053772034343001526,-0.004798969407118119,-0.003537933837602333,-0.004061124493092299,0.0027679902710318173,-0.0484701377749617,-0.004104581431340197,-0.012236012206270947,0.00036745725299405123,0.0,0.00778530290182687,-0.003971199611831846,0.0,0.004590028937225236
2024-06-14,-0.026152575381825086,-0.009157724501239483,-0.0050694476060905045,-0.12885397892534634,-0.12918628977412447,-0.014030544190286,0.00039028727795944784,-0.08718895257597732,0.0,-0.04547596726466253,-0.007577646407836225,0.001195869955696473,0.005052896691837573,0.00018255484966505587,-0.0027994514808378835,-0.021014370549355024,-0.04576602034821469,-0.019534908032532515,-0.0031116619560579276,0.0013116248946497156,0.0,0.002409577136583545,0.0025568172312985145,0.0,0.0011080994698904234
2024-06-17,-0.0036737329493898964,-0.014073606958153672,-0.005360660599285928,-0.12378971501095545,-0.2075961172710998,-0.011792138560939065,0.0006225852086746049,-0.0730161362203944,0.0,-0.014589841819031796,-0.0026107127634234966,0.01629472380073351,0.0117269786788275,0.0003498253270813975,-0.0028208391359622136,-0.019924979404653383,-0.04556014766436848,-0.020010265639335827,0.004321845526300754,0.0013116248946497156,0.0,-0.02631039037787931,0.0029520284338340136,0.0,0.0028378610179659305
2024-06-18,-0.0042309307153175655,-0.009324379502238508,-0.005219032712766798,-0.11867209275972107,-0.15296662267055125,-0.01380051109146368,0.0006225852086746049,-0.11841120296702615,0.0,-0.04747852827987721,-0.0028640078590818716,0.010709484243391748,0.00557704005960765,-0.000820580859423328,-0.0028208391359622136,-0.024612527724245565,-0.04765407366591225,-0.003007319681208539,-0.004236509198682204,0.00036745725299405123,0.0,0.0024200349617045894,0.003775354351773563,0.0,0.0019353912585266385
2024-06-20,-0.0036616369322801413,-0.013720999953656186,-0.005294896050206538,-0.08838581612523988,-0.17546950179983192,-0.012185034440168361,0.00039028727795944784,-0.10920927968714754,0.0,-0.029650268041751873,-0.006720248470109875,-0.012081711495497078,0.006265819036577986,-0.0036338159095249314,-0.0028177411820207807,-0.02056341029435744,-0.045107145270604256,-0.01710596254593831,0.0024878753434871156,-0.0006718078728693659,0.0,0.0014187079462529863,0.00242761647123452,0.0,0.002577158508886976
2024-06-21,-0.004015092876474866,-0.009161327642987412,-0.004977252420749407,-0.0878932241854789,-0.2075994103722666,-0.013190953923872416,0.00039028727795944784,-0.07380087249963667,0.0,-0.0748662944963178,0.01172511489409317,-0.0017486337021656816,0.006265819036577986,-0.0036338159095249314,0.0005063225977200926,-0.020875104416741275,-0.0406391800764117,-0.016797013599963377,0.0033244165696092107,-0.0006718078728693659,0.0,0.0024110500463592945,0.0017247932744688145,0.0,0.002810368811867035
2024-06-24,-0.004105133007952518,-0.008697401196267444,-0.006852813502721235,-0.09432354627641028,-0.1676655392764409,-0.01657559176075561,0.0006225852086746049,-0.13084602467431136,0.0,-0.056636186862336846,0.01661233775894813,0.016932385680275053,0.006751008798843814,0.00029144888783543655,0.0012726007813564702,-0.01932578587784293,-0.055578743499031934,-0.01109018155602051,0.001626787587724632,-0.0006718078728693659,0.0,0.001597944624465951,0.010710283575954,0.0,-0.014226160944407316
2024-06-25,-0.019407792276473265,-0.008697401196267444,-0.006309721429148072,-0.0874219957901245,-0.23536328911644225,-0.012764971067368833,0.0006225852086746049,-0.06118833653236397,0.0,-0.046423195235435984,0.01139115832284075,0.015334631168039379,0.006751008798843814,-0.000820580859423328,-0.0016214337479943616,-0.02160309670371775,-0.05555967689200895,-0.011056707268475364,-0.003012731522881032,-0.0006718078728693659,0.0,0.001597944624465951,0.01366225901996189,0.0,-0.007614383035122032
2024-06-26,-0.020206075784236274,-0.009173663174939244,-0.00618647946451076,-0.11289701062273043,-0.17656199038720577,-0.01383578498732581,0.00039028727795944784,-0.05671104926312763,0.0,-0.06661008475354231,0.010631241088319197,-0.008720563850876007,0.0057918806466294055,0.00018255484966505587,-0.0016214337479943616,-0.020853440016757055,-0.04662980297669017,-0.01393762154293618,-0.0022189931455451587,0.0013116248946497156,0.0,0.001225672496442782,0.015214410925703704,0.0,-0.008761211864241903
2024-06-27,-0.019970608176887457,-0.008843829346312039,-0.006649871254377961,-0.11897870171298904,-0.21885442327804158,-0.01477334359789345,0.0006225852086746049,-0.05848856204514725,0.0,-0.04018892713792438,0.010656277361657761,0.015241281112544554,0.006114436339822739,0.0008496092885271039,0.0009574324210994758,-0.025108848894174245,-0.06039322372903067,-0.007814481859044434,-0.0006630308506698966,0.00021331788095160285,0.0,0.0016056801072871307,0.0217519496473878,0.0,-0.007462250888750268
2024-06-28,-0.002657613545753094,-0.008843829346312039,-0.005566804234992401,-0.11258751065773251,-0.2651122444593714,-0.015199326454397033,0.0006225852086746049,-0.046870928982878604,0.0,-0.04762066727968647,0.010879934488161743,0.017817572157080522,0.0057918806466294055,-0.0013522303053856222,-0.0015324791568236663,0.09449428844776303,-0.014559758186766757,0.09337376667480948,-0.0007925086500856004,-0.00018820981250914818,0.0,0.002409577136583545,0.028157999056462824,0.0,0.006247349072840988
2024-07-01,-0.017501739379871314,-0.007827768246512925,-0.0030487128882655903,-0.1166189234506364,-0.23546186460331486,-0.014606778572776083,0.0006225852086746049,-0.04618306212411777,0.0,-0.037338453523223784,-0.017269447801330613,0.016991568156734093,0.005593350535169188,0.0008496092885271039,0.0013536238165075504,-0.02462571777274849,-0.04920357984542762,-0.0036395557626699303,-0.005658245708968472,-0.00018820981250914818,0.0,0.002409577136583545,0.03589253216165061,0.0,0.049295567924400645
2024-07-02,-0.003811855452791481,-0.00884562855863297,-0.0034021246754909677,-0.11602128583834163,-0.229105248094007,-0.013275728201193795,0.0006225852086746049,-0.031590421306877656,0.0,-0.04629185543095329,-0.008712529146014846,0.016991568156734093,0.005611834083865306,0.0008496092885271039,0.00033112965235226226,0.09362394194964338,-0.03421883358429596,0.09026244157062269,-0.004236509198682204,0.00036745725299405123,0.0,0.002409577136583545,0.023216109935157256,0.0,0.0016023289849237642
2024-07-03,-0.0037746047859771896,-0.00884562855863297,-0.005566804234992401,-0.11004090420539804,-0.19770696276024535,-0.013190953923872416,0.0006225852086746049,-0.08430933561873712,0.0,-0.04662645982303154,0.011065590907871748,-0.007398254188162756,0.0057918806466294055,-0.0006209549544171424,-0.003393515405873758,-0.02472868035818342,-0.035981872245829376,-0.00906722314050571,-0.0030678916874303714,0.00021331788095160285,0.0,0.002409577136583545,0.0018325979014098244,0.0,0.001672684722363515
2024-07-05,-0.002230784705093358,-0.00884562855863297,-0.005360660599285928,-0.11032695500260191,-0.19606447853891104,-0.010945321233391375,0.0006225852086746049,-0.08208139238220719,0.0,-0.0853461518553198,0.011047948948548937,-0.00784465559845885,0.014817002322607872,-0.0006209549544171424,-0.003393515405873758,-0.02370392129737373,-0.03576607840429772,0.005590023881399747,-0.004685827781236685,0.00036745725299405123,0.0,0.028775066384472782,-0.008583359774694538,0.0,0.0009143531267122888
2024-07-08,-0.0177449389997044,-0.00884562855863297,-0.004751803976633374,-0.11082656998888178,-0.1902805576356512,-0.010519338376887791,0.0006225852086746049,-0.07421408915616791,0.0,-0.08240321294935245,0.010665199292999406,-0.00784465559845885,0.014265159253345119,-0.0006209549544171424,-0.0033703476300100607,-0.02388723655973121,-0.03447671156413357,0.005274513041042637,-0.0060035067886197325,0.00036745725299405123,0.0,0.028775066384472782,-0.008583359774694538,0.0,0.0007376831120626615
2024-07-09,-0.01734924253144543,-0.00884562855863297,-0.005135212155169894,-0.11326747865116774,-0.17985153591606115,-0.009120523013954437,0.0006225852086746049,-0.06821707839280876,0.0,-0.05258979655335248,-0.0035643812650685376,-0.00784465559845885,-0.006870374041374652,-0.0006209549544171424,-0.0033703476300100607,-0.024270950302343147,-0.03864980570590717,-0.0010912708465318282,-0.0030678916874303714,0.00021331788095160285,0.0,0.019907662805387163,-0.008583359774694538,0.0,0.0008437285234947677
2024-07-10,-0.0012350681684887652,-0.014113636683165225,-0.005360660599285928,-0.1041390784791112,-0.27648682129116164,-0.010055107053526628,0.001509285948414375,-0.011151925683298779,0.0,-0.016184020920566335,0.01477940929931377,-0.0029533962746727898,-0.03195250808275501,-0.0024264812827270704,-0.004019908271879695,-0.009061482099490082,-0.05408222313067163,-0.013505772763512542,-0.012823826635753252,0.0013116248946497156,0.0,0.023776291396764574,-0.005261308345613076,0.0,0.004974073944073153
2024-07-11,-0.0009675198814039988,-0.0013551127022092247,-0.005678304228743059,-0.11483946516398924,-0.14995232534904135,-0.013439744890409817,0.0006225852086746049,-0.09223735265021789,0.0,-0.11244211912635355,0.019984900033343952,-0.004126340313218598,-0.0062338015823535774,0.0013969195609408005,-0.0004963782087221054,-0.01026049468421765,-0.05532070413278611,-0.011394048483329264,0.008437650963348064,-0.0006718078728693659,0.0,0.02170803846449534,-0.005841729266621289,0.0,0.007280542498130028
2024-07-12,-0.0018350882368343882,-0.000823825869852226,-0.005360660599285928,-0.10978917355325789,-0.19075954177687607,-0.010945321233391375,0.0006225852086746049,-0.0946440634442264,0.0,-0.05999390320452074,0.010843585047496704,-0.006034382521953208,-0.006870374041374652,-0.0002918207691763114,-0.003393515405873758,-0.020592568744381097,-0.03486945691440251,-0.008704244631745201,0.004147457100583132,-0.0006718078728693659,0.0,0.013695432923526579,-0.008583359774694538,0.0,0.002617312462162422
2024-07-15,-0.0008949837342051364,-0.014113636683165225,-0.005678304228743059,-0.11119073392232515,-0.20020022816891106,-0.013439744890409817,0.001509285948414375,-0.08170451135499011,0.0,-0.03846080283067812,0.0167778186319364,-0.002451181699350878,-0.0062338015823535774,-0.0024264812827270704,-0.0040168103179382625,-0.008219662113455315,-0.05185040826661956,-0.017757475845293018,-0.01023838154623839,0.0013116248946497156,0.0,0.020745892238472802,-0.005261308345613076,0.0,0.0053312948170794305
2024-07-16,-0.0014173961025624186,-0.00939250228253552,-0.005360660599285928,-0.10394501373533822,-0.25146141986744935,-0.010055107053526628,0.001509285948414375,-0.014520613928952169,0.0,-0.06255404562356112,0.011598932688227795,-0.00141950949621946,-0.0062338015823535774,-0.0024264812827270704,-0.004019908271879695,-0.00943158134900008,-0.050536104706308614,-0.014683243437312905,-0.012823826635753252,0.0013116248946497156,0.0,0.021339809942540904,-0.0083501270447926,0.0,0.004409149243261593
2024-07-17,0.00387041593917457,-0.0029129420813262196,-0.016178873996866735,-0.1261132698503709,0.09836250010045552,-0.05096211322528808,0.0015000555957612298,0.2903461073752776,0.0,-0.22251576786350077,0.05367012611290192,-0.032574319824101014,0.002266687272964337,0.002010614382570826,0.02291589351984356,-0.007104438855012203,-0.025140908205228997,0.007005724931016711,0.006711773772858176,-0.00018820981250914818,0.0,-0.011389851484823441,-0.008873566208406895,0.0,0.012409118930322528
2024-07-18,0.007879341609049833,0.003264114721168182,-0.020863522687741626,-0.10868404017617224,0.20438598901623786,-0.06889469435128429,0.005710082774957787,0.29189037244895594,0.0,-0.0851035919562553,0.06733005132452928,0.05989764872577617,0.0010965243471113646,0.006301917898762931,0.022020904042197417,0.008466236904602395,0.016542910172919954,-0.006802421067172872,-0.015540693359110387,-0.00010150641573527092,0.0,-0.013489881087852082,-0.02806488567947718,0.0,0.015953620670011777
2024-07-19,0.003727414675070202,-0.002920861289742748,-0.020863522687741626,-0.12072636419018248,0.18049525989025467,-0.06889469435128429,0.005710082774957787,0.2962258220758985,0.0,-0.19184229385268098,0.06744924636505555,0.060008911975645854,0.002279537043944102,0.006301917898762931,0.018080195000427617,0.0017706915904794234,0.015501227206075031,-0.006932331339955905,-0.015540693359110387,-0.00010150641573527092,0.0,-0.004957641515723158,-0.03039048384817936,0.0,0.012510410823970615
2024-07-22,-0.0030845732953931537,0.0032680351101201004,-0.039416405756927314,-0.01060590595214399,0.21426191413856155,-0.06971183197030212,0.005710082774957787,0.37760625050930735,0.0,0.048114377987757875,0.0731299145632494,0.05826194299236202,0.0009137050445001844,-0.0017907922880155227,0.018819947743970042,0.011726312945938148,-0.02283200086187545,-0.006655872965701628,0.010794199093184177,-0.00010150641573527092,0.0,-0.007368636543544179,-0.007506846169054357,0.0,-0.05525800917283106
2024-07-23,0.0022938241556357142,0.0032680351101201004,-0.040309390231893866,-0.09777959108909144,0.15772465722102752,-0.05910971300382392,0.005710082774957787,0.33091953646442457,0.0,0.046024437467491526,0.05515420027019204,0.04643706508520939,0.0008615410977393171,-0.011096666753622423,0.018819947743970042,0.01410526211691488,-0.02234066695558058,-0.006780241535997715,-0.011309526574001997,-0.00010150641573527092,0.0,-0.007926985216288812,-0.007461128140042138,0.0,-0.023482750780990724
2024-07-24,-0.017348280536295942,0.007243250202453416,-0.015353980909296395,-0.1283132383352386,0.1850467524842698,-0.06942384736949755,0.0015000555957612296,0.30586304899529404,0.0,0.032606322808625646,0.06723646892837838,-0.03834344215820242,0.001973621902070684,-0.0004943610838143905,0.018019814478566723,0.020838359106027736,0.034019089898839755,0.007228011739954491,-0.006334667677144135,-0.0001977447159720303,0.0,-0.005089517463489039,-0.02988958923908198,0.0,-0.03372378018361035
2024-07-25,-0.015264132008328348,0.002219368217945523,-0.015353980909296395,-0.11787389345650405,0.1976049587438066,-0.06942384736949755,0.005710082774957787,0.3155236613571419,0.0,0.021579546729311967,0.06493152254280334,0.05591854090346841,0.001973621902070684,0.006301917898762931,0.018019814478566723,-0.06534999207343724,0.05005605063798384,0.007228011739954491,-0.018403986403895314,-0.0001977447159720303,0.0,-0.0048395552098630884,-0.02988958923908198,0.0,-0.07252713437799409
2024-07-26,-0.02460935733271775,0.002219368217945523,-0.0019876435833575037,-0.10950563773070783,0.16594729977086778,-0.06942384736949755,0.005710082774957787,0.34722115867481096,0.0,0.04514128040731638,0.06493152254280334,0.0661611602244346,0.0018846509704981726,0.004768775078990695,0.021960523520336523,-0.08140320952490876,0.036679831385540596,0.00766709770898691,0.023218283746047695,-0.0001977447159720303,0.0,-0.012739258220787688,-0.03195486458781981,0.0,0.027373378171305227
2024-07-29,-0.031359012455684426,0.002204505963374118,0.002381886314672728,-0.1402846860002521,0.16791438133764314,0.008995267377335088,0.005710082774957787,0.2643107421249207,0.0,0.038069034962770046,-0.07311999218867196,0.05568417219387568,0.001931490249020167,-0.009182266891596937,0.017924958266323898,-0.0834243892367027,0.020890068119435654,0.005835188146610642,-0.04007933234970899,-0.0001977447159720303,0.0,-0.006881274312119144,-0.03138402559894601,0.0,0.02704205804194377
2024-07-30,-0.030312754855731105,0.0114124814870381,0.002381886314672728,-0.10912835548566562,0.1798738581410952,0.008995267377335088,0.005710082774957787,0.39230857501516914,0.0,0.047527090110207205,-0.04498592273981188,0.07358750218686834,0.001931490249020167,0.006301917898762931,0.005796168894063922,0.1424201913407812,0.04343880308883949,0.004332771680985318,0.013920287085693638,-0.0001977447159720303,0.0,0.0012219645245442892,-0.029318750250208175,0.0,0.0273871984289518
2024-07-31,-0.019469417209307654,0.06549489300820828,-0.0019876435833575037,-0.1366653505205083,0.18122045159965922,-0.04913300146909282,0.005710082774957787,0.33537152711115104,0.0,0.058287338660014974,-0.04499270642331619,0.04128125113205011,0.001007318597933587,0.013761367465945406,-0.0037793956421253642,0.006558295778397925,0.02328616049160034,-0.002518251258181926,0.027519080871133632,0.0003860730168977736,0.0,0.022816705409583648,-0.01584048787140408,0.0,0.02833978920990825
2024-08-02,-0.005752551159092749,0.02645371169277166,0.03529960638356801,0.4094256437484643,0.18874058830656446,-0.013375853675132643,0.0018010706516200688,0.40007282821963513,0.0,0.0327131970171229,0.044516596866280365,0.011050319366689473,0.001288790799267214,-2.8054247343168417e-05,0.014121563837034525,-0.039063406875242505,0.05628592044868454,0.010843918597446213,0.002699403310770886,-0.0001977447159720303,0.0,0.006119573352267033,-0.0008931704380941144,0.0,0.010756318324940678
2024-08-05,0.0020225671809569697,0.015122363763831477,0.036732393351286294,0.4665551044502519,0.18715365703567965,-0.015282298111269998,0.0008054289582181014,0.4287591908522319,0.0,0.037228959097328575,0.010931766500656543,-0.015000414467814893,0.0033868334519698896,-2.8054247343168417e-05,0.0008443136389392399,0.05977595853215792,0.049760076334807425,0.02766121699935128,0.0032781890210697687,-0.0001977447159720303,0.0,-0.006092768547375496,-0.0012937329579209588,0.0,0.011386968973173801
2024-08-09,0.0005374685720151848,0.011469590805838504,0.011773125068479093,0.35822778948805745,0.1930616321189532,-0.014960948792779167,0.0018010706516200688,0.30560999065821903,0.0,0.024339207181092355,-0.13690704094193323,0.024436664795851014,-0.0033836049540425035,-0.0017544717552657062,0.024899763532830476,-0.06254445004542032,0.050533617115113914,0.01497180212329873,-0.006698376473126799,0.0002217630811615843,0.0,-0.01275511950195036,0.0006275420753052503,0.0,0.00927487708797457
2024-08-12,-0.007096283076611222,0.012923009621238692,0.011773125068479093,0.3386573362379709,0.19174064740768432,-0.017494261637987743,0.0018010706516200688,0.26297289532534135,0.0,0.02370477343693817,-0.15278126894461747,0.013874798762231189,-0.0033836049540425035,-0.0033670835023764897,-0.03656641068917424,-0.06254445004542032,0.06243645104600505,0.01497180212329873,-0.0002902907731139979,0.0002217630811615843,0.0,-0.01275511950195036,0.018345917437713626,0.0,0.008582088113616965
2024-08-13,-0.008062968037942382,-0.05276424996534554,0.046797837592364284,-0.1388904063959286,0.16885317562400595,-0.06236598780492864,-0.04955536122552648,0.22519484870013723,0.0,0.028276187881559486,0.06086179980457001,-0.0016287683264098957,0.0032438420089660274,0.014124396792718158,-0.0010268717121937549,0.007153500446155431,0.06352738879949978,0.012424369337381726,-0.04151783301594543,0.0003860730168977736,0.0,-0.03445912756632908,0.02197685870644772,0.0,0.009738403792351144
2024-08-14,-0.00610965230886607,0.015628787344692044,0.02067692047574196,-0.06302718045211855,0.1956024521715785,-0.015271561903181134,-0.010949314322095281,-0.05124027710413495,0.0,-0.026367282448669455,0.025929206526272883,0.021159539245847885,0.0021211554937805234,0.010831102472225457,0.03400076609652436,-0.00926168632001365,0.13245662558329468,0.06420171496396178,0.03674302528495743,0.0002217630811615843,0.0,-0.01199975591947588,0.0724137458693801,0.0,0.008165444075175455
2024-08-15,0.000775213777429919,-0.05626677926776432,0.007141906981157935,0.04029179985281625,0.17128013389133237,-0.016041061394340413,-0.010949314322095281,-0.079960291734764,0.0,0.03260348142273522,0.0282765657476785,0.044523991380099465,-8.858908900654033e-05,0.04156364367754507,0.04401995351467365,0.008996599164123728,0.18406286462854568,-0.014670436205033869,0.021836877738818854,0.001029668414146992,0.0,-0.015154779749872851,0.1167669675403485,0.0,0.0007339401002909676
2024-08-16,-0.004905791763495102,0.007784207699853063,0.0041865200997099755,-0.017227659075163052,0.1447614145588089,-0.01604806818958293,-0.010949314322095281,-0.15308308051731292,0.0,-0.08328299989956699,0.01922353767214695,7.531864028603074e-05,0.002540997262398178,0.02610898589436755,0.016183625946656777,0.0024193347920197917,0.16966481395590643,-0.02213039319664535,0.007897506393847545,0.000426416974332999,0.0,-0.010880960808016807,0.16198453634353566,0.0,0.003861670597744334
2024-08-19,-0.0006680312702272809,0.0036929644173844733,0.006645574358182123,-0.05627397758114668,0.10446573416325043,-0.01737474223057618,-0.005379901249922255,-0.1403722815186907,0.0,0.009952872010074143,-0.0238679550727042,-0.01231805793048134,0.0015357715496348986,0.02610898589436755,0.042626070593411135,0.0018849401976333176,0.17397484383465914,-0.012979383631885971,0.009478706414226998,0.00021331788095160285,0.0,-0.015915663836629883,0.13012270910237855,0.0,-0.08928685696413158
2024-08-20,1.736316360607852e-05,0.005381195433908834,0.018766773041747516,-0.004941155411360277,0.21507855650575033,-0.016209828281584626,-0.010949314322095281,-0.07162998454601806,0.0,0.026316038873575223,0.02370732236091463,-0.03457206446262822,0.0018142610060332596,-0.028984036545922947,0.014726299946700862,0.0026380054582633376,0.1449891884415071,-0.012463284541742442,0.009607737717826992,-0.00010926037804838186,0.0,-0.01605173584177971,0.08818912452745516,0.0,-0.09620037343502387
2024-08-21,0.0002950936708868995,0.005381195433908834,0.018766773041747516,-0.07314275615967678,0.13005391930890303,-0.015544546824641793,-0.005379901249922255,-0.14049470358365246,0.0,0.015173947391664146,0.02370732236091463,-0.044381292330647394,0.0017132579905085195,-0.00012055343838162792,-0.00376188002488387,0.0017791959902345206,-0.08340232550080552,-0.014322534193937272,-0.0008048424073199454,0.00021331788095160285,0.0,-0.015848287777536253,0.0038062737991079727,0.0,-0.11138725310154159
2024-08-22,0.0005899183485827897,0.0047653825485208835,0.018766773041747516,-0.07232707217211741,0.11928428351611778,-0.011542873029347346,-0.013018339634642093,-0.1389715881679291,0.0,0.0232167477168712,0.02370732236091463,-0.027953417716133685,0.0017132579905085195,0.0018973210769763153,-0.007163203444910111,0.0003179893227216766,-0.02876691910662828,-0.01366612527634258,0.010161082619043874,-0.0005273911389533369,0.0,-0.027933426383053697,-0.0028078304794482076,0.0,-0.16130882013265066
2024-08-23,-0.0003704201477681803,0.002441916393693483,0.01579133232052299,-0.01629485504793818,0.16160519137148996,-0.012060123995295107,-0.005379901249922255,-0.08662741863270618,0.0,-0.09901238442624512,0.023316626442396814,-0.04465610968459746,0.003986735514912523,0.004820672661041619,-0.003720663803671266,0.0008708251670549951,-0.07642466126359108,-0.01714137954880562,-0.0019246565817968527,0.00036745725299405123,0.0,-0.00819996127767519,-0.009375382024832984,0.0,-0.010675038508193024
2024-08-26,0.00047942649836711887,0.008503139908088812,0.01579133232052299,-0.06820411961326944,0.16704535113041447,-0.011373357879673819,-0.04955536122552648,-0.05761109910192674,0.0,-0.008962266107382632,0.02278183933978194,-0.02934220911403704,0.004925817160670268,-0.0032385546411761194,-0.006358806994002562,0.005311707835930665,-0.07156451816528367,-0.015560337096057699,-0.0036995528070252717,-0.00010926037804838186,0.0,-0.020744948403577684,-0.0037628394246989483,0.0,-0.0035053495872219924
2024-08-27,0.0001469647678065126,0.009110857091198295,0.015047760806007436,-0.020874740363266468,0.13950814403894624,-0.012263572059538564,-0.010949314322095281,-0.1335172387685874,0.0,-0.007962898772381228,0.023785500867520692,-0.024388516366287635,0.004087738530437262,-0.00012055343838162792,-0.00039350206998895956,0.0044100346628653956,-0.0655950743302029,-0.0214664632995912,0.0011399898229925041,-0.00010926037804838186,0.0,-0.009149584018859827,-0.009332672133518266,0.0,0.014711559708932067
2024-08-28,0.0006275554014475061,0.008495044205810346,0.018766773041747516,-0.03953819108140869,0.18209731048751757,-0.013512647959698509,0.005710082774957787,-0.15086437190117233,0.0,0.035013729948832124,0.023291730298826016,0.09364612651783152,0.0018142610060332596,0.04048758076738031,-0.00863168286374405,0.0061658283751098285,0.02382884308701212,-0.002592227061480422,0.014930396392027805,-0.00021840869417056035,0.0,-0.02488164728774264,0.007389275494913149,0.0,-0.010086284878886966
2024-08-29,-0.00036531597229375523,0.0029177853780088985,0.015469677416148355,0.0162558756597279,0.1799783445745761,-0.012263572059538564,-0.010949314322095281,-0.09012125094338358,0.0,-0.11098122000256125,0.023489103845958342,0.059990207664359814,0.004087738530437262,-0.003449883134207219,0.00036967815970598484,0.00016089222103181464,-0.06061903278806305,-0.017980838641829016,0.0007332477450120031,-0.00021840869417056035,0.0,-0.008403409341918647,-0.004585868663838454,0.0,0.009995320141739884
2024-08-30,-0.0019618556028349176,0.0029258810802873644,0.01724186660948541,-0.05264526785329771,0.13005248773736802,-0.010008278508044513,0.0006199063168634703,-0.10199297844837289,0.0,-0.11540011114471414,0.024375382247066115,-0.024985407962092605,0.0008676283063865028,-1.964071658505739e-05,0.00036967815970598484,0.00034746948523165503,-0.05377072194483077,-0.017211283724592984,-0.0029163587945851906,0.00036745725299405123,0.0,-0.009143534266121677,-0.011663622281972477,0.0,0.02189467232844126
2024-09-03,-0.0033775043534204794,-0.007796994812348695,0.014882253061827689,0.3468601653776329,0.2071729197518361,-0.021529598067965155,0.0008054289582181014,0.3927384427503727,0.0,-0.01928813256699633,0.05363219142481335,-0.03177365180411166,-0.00017893803870235335,0.0007814062008522662,0.01881463461799235,0.0077373676362529195,-0.04476653241447196,0.009237638290190617,0.0009159083746755608,-0.0001977447159720303,0.0,-0.008339961030972171,-0.006646913096535936,0.0,0.016711011814731523
2024-09-04,-0.0063069883899199404,-0.007796994812348695,0.012193404370019593,0.3768395534536324,0.20363664225387565,-0.016287805316573225,0.0008054289582181014,0.3736313726780471,0.0,-0.032682256752902546,0.031810116890053336,-0.026521714991954784,-0.00017893803870235335,-0.0017082731626729992,0.01881463461799235,0.0034492029774581684,-0.04861692504502897,0.009191960680139504,0.00574227687410223,-0.0001977447159720303,0.0,-0.008339961030972171,-0.006646913096535936,0.0,0.016923501075013683
2024-09-05,-0.006322609448795776,-0.012264653030803006,0.010780381161168976,0.2612193393027577,0.20107370166696534,-0.05401353049544203,0.0018010706516200688,0.3566705698911356,0.0,0.0386176188579474,0.07898363274560055,0.028226460111496453,0.0016542617177231222,-0.0018731950926444065,0.01881463461799235,-0.06144086023424602,-0.028591249064252547,0.009220461845806759,0.010904345910223621,-0.0001977447159720303,0.0,-0.00826986288139562,-0.008346573231970066,0.0,0.014572387363733596
2024-09-06,-0.021591657959812435,0.011027421079052559,-0.012480411367789402,0.39577332439015406,0.19539588138496883,-0.01852858595960835,0.0018010706516200688,0.39758907856430903,0.0,0.0346948596194738,-0.0004681125151910882,0.03071519019471407,0.0007268660253151794,0.0033945725184306857,0.01881463461799235,-0.06150486560213673,-0.04552446465576655,0.008878869156923777,0.002833370721418997,-0.0001977447159720303,0.0,-0.004971963869584219,-0.008346573231970066,0.0,0.016418523135787778
2024-09-09,-0.008921747220812471,0.002204505963374118,0.022278612369965263,-0.187066689057468,0.18427628517288658,-0.03978615822926261,0.005710082774957787,0.3073225483936859,0.0,0.034043382952134736,-0.047926108426818236,0.051979993910617944,0.0006226970978026726,-0.006542365363632282,0.018819947743970042,-0.06276941553633375,-0.023492052583660092,0.005306826888054646,-0.042006333757818266,-0.0001977447159720303,0.0,-0.006035592924442303,-0.02659623202491119,0.0,0.013691009929098006
2024-09-10,-0.008921747220812471,-0.0005404991417427238,0.022278612369965263,-0.1893257056589525,0.18535689401138844,-0.03978615822926261,0.005710082774957787,0.2975960793381175,0.0,0.034043382952134736,-0.047926108426818236,0.051979993910617944,0.0006226970978026726,-0.009784191879137866,-0.0066884685511384954,-0.06315153116521009,-0.02241144374515823,0.005306826888054646,-0.042006333757818266,-0.0001977447159720303,0.0,-0.015869328381881133,-0.02659623202491119,0.0,0.013691009929098006
2024-09-11,-0.023899916029891465,0.003927159076711586,-0.00801319565452295,-0.07352653180560609,0.1667849426260929,-0.015897884298419387,0.005710082774957787,-0.11262326004918774,0.0,0.03668488948107206,0.023486386627396043,-0.007191532647645633,-0.0011759898932907039,-0.00202979046627342,-0.007163203444910111,0.008098185203898378,-0.021930920734334353,-0.009415425334328872,0.0076654305547456955,0.0003860730168977736,0.0,-0.01913294197475949,-0.025784966885720052,0.0,0.011881893859646482
2024-09-12,-0.024227273584977647,0.023674313859934033,-0.00801319565452295,-0.07806896211398696,0.16713262368444076,-0.016788098478284132,0.0012616493869080981,-0.1808041807769559,0.0,0.036126572980350415,0.02199643292721735,0.04732413836780932,-0.0011759898932907039,-0.00015337033353189755,-0.0027601666690073587,0.015738499090352784,-0.05760316393267266,-0.017468394711562325,0.0020431934212191147,0.0003860730168977736,0.0,-0.0032164617625239475,-0.029060991531425728,0.0,0.01099960145895552
2024-09-13,-0.019653841937471047,0.023714032556433746,0.0008672648930811339,-0.05694466686088922,0.18854107448729088,-0.014462016806530443,0.0012616493869080981,-0.12716940205832136,0.0,0.027928680892923368,0.02113285993636952,0.048262096316164654,-0.0011759898932907039,-0.0017895627636518845,-0.0022999136863369593,0.016828093092102807,0.06032191953209094,-0.018159036532001818,0.0025159821459436404,0.00036745725299405123,0.0,-0.0032164617625239475,-0.038893948731840204,0.0,0.004825096397692023
2024-09-16,0.006518448139281077,0.01115634084574777,0.0003143849166111227,-0.07196913326974519,0.178031321953515,-0.015655436529240768,0.0012616493869080981,-0.16444959670805676,0.0,0.03648816077537125,0.02199643292721735,-0.016780711520596285,-0.001160247504363527,-0.0005863396819968922,-0.00376188002488387,0.01436668809155564,0.06366394045696419,-0.017303770566906063,0.0019170020749581184,0.0001981791926260052,0.0,-0.010383934990228222,-0.022494819553548488,0.0,0.004689539458758073
2024-09-17,0.005273620517110075,0.0077244111054208635,0.009259449668006813,-0.06796903453839644,0.19130333411480996,-0.015853521061384105,0.0012616493869080981,-0.0956718671416102,0.0,0.03486129201756188,0.010944595120112394,0.03628267409127662,-0.0017317423739882213,-0.004584947576730864,-0.0014378628198533725,0.0184934257841341,0.0798103399806297,-0.00881769324791915,-0.017943902166472764,0.00036745725299405123,0.0,-0.010383934990228222,-0.033924328965831425,0.0,0.014681147123230225
2024-09-18,0.005516728950871093,0.0005270288244678676,0.009259449668006813,-0.0712766164065492,0.17316676779071208,-0.01496330688151936,0.005710082774957787,-0.08660938904547287,0.0,0.04413223908432093,-0.023617787003503476,0.05131956932267137,-0.002984136459427946,0.0006609836989921966,-0.0101068771966851,0.005618162734471748,0.024866445021380513,-0.006834271580003096,0.023901563768660834,-0.00018820981250914818,0.0,-0.019333897628695054,-0.01410176126869075,0.0,0.025260627642044974
2024-09-19,0.004822442077983728,8.601627910974676e-05,0.008059895526104179,-0.08121940499687201,0.12400473077674251,-0.01508589088763884,0.0012616493869080981,-0.11529935178016247,0.0,-0.11501809105914554,-0.02338710853760664,0.025995626471958744,-0.0007264013239511197,0.009712858947606836,-0.0024165875308336075,-0.030428285016372434,-0.07446446392073462,0.0005569123163417741,0.001169247326722248,0.00036745725299405123,0.0,-0.00568967455655328,0.0012874376120804647,0.0,-3.0501969427291244e-05
2024-09-20,0.004787994102086842,0.0005615822695910406,0.008293789771707518,-0.05300423381520865,0.10459551851935693,-0.014643319203407135,0.0012616493869080981,-0.11284247519954246,0.0,-0.16831389322166299,-0.03467001229088792,0.055914861781535034,-0.0007448848726472375,-0.0032671440104362565,-0.0027717608084713214,0.0007819655912120909,-0.06699591910446206,-0.0203236956970178,0.0030384799703224393,-0.00018820981250914818,0.0,-0.00615304706914279,0.0007839826213455711,0.0,0.004981455310284874
2024-09-23,0.0020349116489577807,8.781549143067567e-05,0.0020868321553038113,-0.04014245919688763,0.13629686112622202,-0.01441829726453421,0.0012616493869080981,-0.057235777539939026,0.0,-0.10045274379238174,-0.023647025895732646,0.05521258708445211,-0.0007961854406326633,-0.0007859655870030778,-0.0024165875308336075,-0.01928235963508553,0.03344179237545422,-0.0031316050736024336,0.0004404251637022052,0.00036745725299405123,0.0,-0.006111420117934007,-0.023262532164614057,0.0,0.0007340893805197737
2024-09-25,-0.0014686805966036504,0.005682364821335808,-0.002613693875215533,-0.015946309096501788,0.10973905737996023,-0.014887806355495505,0.0012616493869080981,-0.27363552128435864,0.0,-0.009319978915758998,0.021602919172771545,0.026852508412128082,0.009576763922350573,-0.00443755019694098,-0.002024417965447603,-0.026956283184998653,-0.06755601597971271,-0.006095756428775804,0.0004264818684791089,-0.00010926037804838186,0.0,-0.010496306617580518,-0.005072061920516165,0.0,-0.00410493518102145
2024-09-26,-0.024656644900564687,0.005682364821335808,-0.002671828881082632,-0.014943777346225902,0.10805775448323951,-0.01494132263090378,0.0012616493869080981,-0.28272091767934876,0.0,0.031880978109930264,0.02098087186806184,0.027518674781511477,-0.0021971545478684904,0.000850226843116912,0.00129666528249015,-0.025207102422743193,-0.07428859250289108,-0.001975419254225639,0.005224407308676368,0.00036745725299405123,0.0,-0.013118602186407296,-0.004378811353446462,0.0,-0.013128633811066019
2024-09-27,-0.01729737941186496,0.006272791502341604,-0.0011273459152245473,-0.05544499506421079,0.17717289186874102,-0.014461823498991921,0.0012616493869080981,-0.09037897885249467,0.0,-0.0019191923782371347,0.02101065038395434,0.0556420470783776,0.00174321055581751,-0.003234327115285987,0.0013210334694176017,-0.027007662240425365,-0.06693168238463217,-0.001498903616688765,-0.005075476688930079,-0.00018820981250914818,0.0,-0.005946075012694891,0.0029797320321391274,0.0,0.027879289224240968
2024-09-30,-0.02077441525982624,0.0077244111054208635,9.02862321539387e-06,-0.06152723673464795,0.17057491487345633,-0.015807149555852443,0.0012616493869080981,-0.13519150143278916,0.0,0.03179864226085394,0.021186825387391944,0.060028849177092294,-0.0022064242290525003,0.000850226843116912,0.00129666528249015,-0.02599041233357527,-0.05487695076301754,0.015692679212196324,0.004300738086400399,0.00036745725299405123,0.0,-0.010182979336292657,0.00040791341468528934,0.0,0.07387560115620256
2024-10-02,0.006000200995313515,0.0005270288244678676,-0.029451800125927904,-0.12671703077582386,0.19526135240251805,-0.07807612729965695,0.0015000555957612296,0.3152503900140207,0.0,0.04476596842436855,0.0689762211128749,-0.020237849094485526,0.009165940715141017,-0.004582387816676192,-0.007341700452100829,0.00679537608339362,-0.02753206392441264,-0.006135283298040807,-0.010456599815224298,-0.00010926037804838186,0.0,-0.02182968135995262,0.00774314866453144,0.0,0.01506228278302089
2024-10-03,0.003147326460627217,-0.05588766786138843,-0.020421511966345125,0.4114992123149245,0.17855133202429657,-0.02506695970433148,0.0008054289582181014,0.38532137984104853,0.0,0.046093596048644096,0.04754998795346849,-0.07887691187036021,0.007243240099094774,-0.002320030462729529,0.020361226072223813,0.00674034463172178,-0.05205779660827002,-0.006067905826338667,-0.0058248471294516406,-0.00010150641573527092,0.0,-0.016360532625553172,0.006649878969310152,0.0,0.01335752908319966
2024-10-04,-0.00039224993144671414,-0.022610903709686495,-0.018213976613517965,-0.201976340346451,0.12496508945026957,-0.050158546720475566,0.0015000555957612296,0.21410312869059908,0.0,-0.11321605694612619,-0.03292518435737118,-0.10593677351167845,0.0029959895888540256,-0.001988439294341975,0.01006907133313882,-0.010454939832338424,-0.035009176974866114,0.002446350349607232,-0.006142012539311043,-0.00018820981250914818,0.0,-0.01736280347096633,0.009901768007350271,0.0,0.006169007457778014
2024-10-07,0.0016819928886026238,-0.0171387934189994,-0.015081409876482115,0.38066777057988704,0.16634029416028895,-0.015863005715825784,0.0008054289582181014,0.3780097754997133,0.0,-0.1331422585702114,-0.014445770433041467,-0.06987754792757858,0.0035427114709547774,0.000269708795866865,0.03465878147795635,0.002620784140782307,-0.05603291595434731,-0.009615332881903292,0.003791535388550466,-0.00010150641573527092,0.0,-0.005264022577930946,0.04847431342301551,0.0,0.006489826499751122
2024-10-08,0.001197154085682579,-0.005321058639159901,-0.014058702324621334,0.3606689216035469,0.1488509518680005,-0.015308996635342242,0.0008054289582181014,0.3482388516698791,0.0,-0.17758917559758036,-0.10123257063435225,-0.06363750997310454,0.0032386366700615284,-0.0005983575322853615,0.005554439214659674,0.0032632709023551754,-0.05544337174287823,-0.008911203556619616,-0.0033227259132534636,0.0001365234438090258,0.0,-0.007359845147545118,0.04964767823692255,0.0,0.00499587986052793
2024-10-09,0.001197154085682579,-0.005313139430743371,-0.014058702324621334,0.3022752745595397,0.13774980721487767,-0.015308996635342242,0.0008054289582181014,0.3374941657898547,0.0,-0.20215704047617342,-0.08889621929865818,-0.06363750997310454,0.0032386366700615284,-0.0005983575322853615,-0.035240910685766576,-0.005357981688050158,-0.055085873191080076,0.0009026894463176384,-0.0036999032355286283,0.00021331788095160285,0.0,-0.007359845147545118,0.008782992262928209,0.0,0.005131436799461881
2024-10-10,0.005576318332084635,-0.01827096437637773,-0.005953226622065251,0.34552751555195405,0.14810967039046663,-0.015308996635342242,0.0008054289582181014,0.29905650542568507,0.0,-0.21726068394323408,-0.026889310425899503,-0.01613482202116625,0.0035427114709547774,-0.002127966544175779,-0.03554278179191394,0.01884924341213153,-0.04677611578584938,0.017359323490866396,-0.003400217648359906,-0.00018820981250914818,0.0,-0.007359845147545118,0.000809991347556727,0.0,0.008042431450031362
2024-10-11,0.0070939534303619284,-0.01827096437637773,-0.014761435530230247,0.27342774294657,0.15956558020620762,-0.019036949817232467,0.0018010706516200688,0.3793421867143186,0.0,-0.23259828780838818,0.04878652016763978,0.0278491338325251,0.0037748150134201065,-0.0026485454568837027,-0.03147598662390466,-0.005065293459880045,-0.04985050572024347,0.0021393231605353795,-0.006316004482957395,0.00036745725299405123,0.0,-0.007280515560302075,-0.004442497484238116,0.0,0.00798319649640744
2024-10-14,0.005907824724141561,-0.01827096437637773,-0.006741556744539687,0.2545239802591201,0.13567603394608266,-0.05076486896178912,0.0008054289582181014,0.2832114892780074,0.0,-0.22949199180585605,-0.03006568868727876,-0.0024246737056657754,-0.003991654894029073,-0.0011183081212221449,-0.03420505751639175,-0.004349434682710352,-0.030636227567161823,0.0023828910837677625,-0.0036999032355286283,0.00021331788095160285,0.0,-0.007280515560302075,-0.004442497484238116,0.0,0.007048018901430963
2024-10-15,0.006295538864550911,-0.01827096437637773,-0.00390677491054779,0.33475946472040163,0.15288768847789716,-0.016046576512675256,0.0008054289582181014,0.3751449724454609,0.0,-0.2500021788760811,0.048266340115538105,-0.02044945465301201,-0.005734472227339576,0.0007814062008522662,-0.03147598662390466,-0.003853792903651955,-0.050170792414335245,0.003578599318373303,0.0019023272225221711,-0.00018820981250914818,0.0,-0.006532472702825295,-0.005697012846466956,0.0,0.008290916087874217
2024-10-16,0.004769249152835152,-0.0072488729277251415,-0.008062049199444421,-0.139820851811008,0.1323095534690325,-0.06905574410800074,0.0015000555957612296,0.25820567728716914,0.0,-0.23886643585971712,0.0666348565743313,-0.00946074836600408,-0.006387280686394771,-0.002924239015972307,-0.007101092134597691,-0.008023710109000692,-0.024332879460328513,0.003412456778751152,-0.0053486482288762375,-0.00010926037804838186,0.0,-0.015410168827071096,0.007495509568794286,0.0,0.00806567029947069
2024-10-17,0.004646420799121907,0.000586628430116215,-0.01402687402713931,-0.13786940762070649,0.13022127303639747,-0.05168678470777088,0.0015000555957612296,0.2776868915689871,0.0,-0.24574121201335514,0.0666348565743313,-0.06108602031211596,-0.0033983788857733614,-0.004236713890456868,0.004596101511662986,-0.006803151857149809,-0.02387361802908894,0.004732188400506345,-0.0053486482288762375,-0.00010926037804838186,0.0,0.07173518938134854,-0.004369958838522174,0.0,0.007947018979403394
2024-10-18,0.005048878269261623,0.000586628430116215,-0.01402687402713931,-0.10181712574201231,0.13028390792220204,-0.06980302085844846,0.0015000555957612296,0.2817214283038661,0.0,-0.2456618824261121,0.067506388669913,-0.009418195788350656,-0.022568047346698768,-0.002924239015972307,0.007923263245345294,-0.0031602239517280646,-0.024332879460328513,0.00490484905846005,-0.006427227064296935,0.00036745725299405123,0.0,0.07181451896859158,0.0072875632309224135,0.0,0.007947018979403394
2024-10-21,0.0023052673238250685,-0.0002978499050344108,-0.02144050522785562,-0.10337773581766628,0.12133421382864558,-0.06980302085844846,0.0015000555957612296,0.2764273349374928,0.0,-0.18308664146964507,0.06483081804697158,-0.00873206232350103,-0.02212196824832749,-0.004236713890456868,0.008491123562908208,-0.004032042434494757,-0.02288431155887695,0.005616008324650228,-0.004012645281990193,-0.00018820981250914818,0.0,0.06730445990208042,0.00826178827340511,0.0,-0.05948700534889921
2024-10-22,-0.054168787787744706,-0.01301420388337833,-0.010582055610758232,-0.14612125472188792,0.11684618786682563,-0.05141289428873664,0.0015000555957612296,0.1944236257381331,0.0,-0.14703882351769257,-0.021559850024677286,-0.06071223600509128,-0.022379734785340232,-0.004236713890456868,0.007136909371302736,0.0048200842104709415,-0.03322282399363077,-0.004204823985144996,-0.004012645281990193,-0.00018820981250914818,0.0,0.0662849289983581,-0.004369958838522174,0.0,-0.05706186913946809
2024-10-23,0.0018789035670872317,0.001953279336220118,-0.014383250725183497,-0.14924510177404146,0.1326372007300168,-0.05301050231116935,0.0015000555957612296,0.23948307156348975,0.0,-0.1189093708568359,0.04041499443436441,-0.05262282374480627,-0.003220176682388482,-0.0004943610838143905,0.018056194707270608,0.0011095004502522136,0.014266878587933657,-0.006978622065201812,-0.005665980596893475,-0.00010150641573527092,0.0,0.0509840331178028,-0.014561062499881998,0.0,-0.08547227919642326
2024-10-24,0.0008878120074454856,0.0012930758362476702,-0.0229924168016401,-0.13123934280625274,0.15712060768131308,-0.07169143843012893,0.005710082774957787,0.26184635693345887,0.0,-0.11618093212990359,0.06395928595138986,0.050926337794044076,-0.0029522997874020817,-0.009182266891596937,0.007596134085262066,0.002998207219508648,0.02155229000006863,-0.0063841579758514375,-0.002873353163965654,-0.00018820981250914818,0.0,0.06627763152508094,-0.03262121720479352,0.0,-0.08449287243109996
2024-10-25,0.0038315570355408274,-0.014913278989936997,-0.018837142512743467,0.42310521949147,0.17307465780920778,-0.016632803506406533,0.0008054289582181014,0.4076000598631789,0.0,-0.10644781943240074,0.04559076949259665,-0.015089330304395718,-0.0022994913283468877,-0.002317462449201814,0.0188852097734675,0.0006737957531693307,0.007028564737246741,-0.00632924387362494,-0.003921711215169556,-0.00010150641573527092,0.0,0.02142849885338417,-0.010579401507841061,0.0,-0.026175077404628013
2024-10-28,0.005569561005460655,-0.05345488229684323,-0.036079199614538024,0.31417522418602045,0.19288041063253644,-0.05855595013757224,0.0018010706516200688,0.2534522345460045,0.0,0.05075938031813687,0.073869007752884,0.02620397854821032,0.007587271247932362,-0.0023945595506742853,0.0128500704535097,0.0017183761198943277,0.013896429700946967,-0.0023516435373022184,-0.0026726626301514437,-6.992664195096441e-05,0.0,0.03403895444753506,-0.010274253420868656,0.0,-0.03383985693969144
2024-10-29,0.006004641912715794,-0.036575319090455354,-0.05277374685038648,-0.1361151618135283,0.1865880204390947,-0.0784926424006152,0.005710082774957787,0.3269633127430425,0.0,0.03711281355255307,0.06545108799110773,0.053847605892082574,0.006934462788877166,-0.0017907922880155227,0.008335886828804488,0.005243063344300946,-0.020369474161178888,-0.004982069511357641,0.007006834820851174,0.0001981791926260052,0.0,0.07694234699606074,-0.02448360680355968,0.0,-0.08102231926239681
2024-10-30,-0.10080386002078182,-0.05345488229684323,-0.03151230101922701,0.38455986730867553,0.18514091446178005,-0.0208946878674131,0.0018010706516200688,0.29501390741694683,0.0,0.046544208024837774,0.04431691062757572,0.02877182920708459,0.007587271247932362,0.0033945725184306857,0.01356733147148777,0.0028541350556847184,-0.026828259514081666,-0.003437509182376865,-0.001582494265068511,-0.00010150641573527092,0.0,0.03403895444753506,-0.007187695985051316,0.0,-0.04369828191101867
2024-10-31,0.0052906840458015044,-0.014305859684343385,-0.03029060380287679,0.4220841575961539,0.20551395771979433,-0.024942965600909386,0.0018010706516200688,0.3531793898580941,0.0,0.03090128666612211,0.032344266914404715,0.02869716638954583,-0.004642743223253395,0.0027853832319018716,0.01833741312329344,-0.0645902887223653,0.0295792047888247,0.008467747495363866,-0.006457613325148287,-0.0001977447159720303,0.0,-0.0059469817308811295,-0.010887853696853807,0.0,-0.043192001592952174
2024-11-01,-0.01993914774718614,-0.014305859684343385,-0.007839500189968162,0.40288381396874173,0.1880485584136473,-0.02521645335428132,0.0018010706516200688,0.3529733178985626,0.0,0.03512628588414111,-0.019289158386490143,0.029049437406363274,0.004358634621372645,-0.0006095507634813519,0.03446949227618195,-0.06260423701449454,0.04297462056876487,0.007750329088434725,0.0031609829892317834,-0.0001977447159720303,0.0,-0.006893057191834394,-0.011715718431084375,0.0,0.017939348210196975
2024-11-04,0.008078214474827452,-0.014320721938914788,-0.012983466797625355,0.3757035694748537,0.21212547393738193,-0.02514392125484495,0.0018010706516200688,0.35548314642088796,0.0,0.03603290129792081,0.03286444696650639,0.03189982826163021,0.004882286406433465,-0.002482384379173218,0.01833741312329344,-0.06341932962215481,0.028946194083093187,0.008987883787111866,0.012831347318332884,-0.0001977447159720303,0.0,-0.007094012845769959,-0.010317014707979999,0.0,0.031171412704081265
2024-11-05,-0.022053245019108738,-0.009853063720460475,-0.02131104736875943,0.3244735788930191,0.20251483249935243,-0.026250955132976605,0.0018010706516200688,0.3684559215288924,0.0,0.054600745354591446,0.04749024451699391,0.01303586455249085,0.006564309861818385,0.00585277076962113,0.020232317392310316,0.005549534317078131,-0.004374118699353392,-0.00042957253939763596,0.01467982958892058,-0.0001977447159720303,0.0,-0.01212637601754367,-0.007972178708122052,0.0,0.019310785699511213
2024-11-06,0.02520249501013238,0.017805490835733913,0.015112374197299012,-0.14523689487954536,0.1642450338673024,-0.0484127199393502,0.0015000555957612296,0.312459252989199,0.0,0.04866519157027408,-0.07139086946248177,-0.10573745102456,-0.013612802002110827,0.04585371403945706,-0.01250551032034927,0.004277755843217391,-0.023770863146862355,0.0076859550332548845,0.008604417531387307,0.00036745725299405123,0.0,-0.04197609311293753,-0.00880791426853433,0.0,0.013702172212866086
2024-11-07,-0.024382720226870384,0.012753068000534152,-0.0003712064651125356,-0.00943483424146987,0.07393507037901709,-0.009144973613175426,0.005710082774957787,-0.0448257018882171,0.0,-0.16488868192078832,-0.036020245836523815,0.05811515522032211,0.00736672580224161,-0.0019040855936100335,0.024361245988215558,-0.017038327424160216,-0.03614922955842345,0.0041348793588306286,0.009926678759659992,0.00036745725299405123,0.0,-0.03918145001152673,-0.011556991304855694,0.0,0.008086472121382554
2024-11-08,-0.014871165126657239,0.009185510790627445,0.004869434665972216,-0.030259594100249653,0.021720628878524627,-0.01163222233395261,0.0015000555957612296,-0.03180152903725424,0.0,-0.07213841730268282,0.007496663714438081,-0.016546556704125918,-0.022810256898595286,-0.0016785411541473273,0.09086514221323701,-0.012097380273400453,-0.06274946427244062,-0.021806228521436218,0.004575070380495716,0.0013116248946497156,0.0,-0.03882577539545678,-0.006572087062803784,0.0,0.005105890707143708
2024-11-11,-0.00662849951430541,0.018067109550495692,0.00014637855984038267,-0.07146659650895507,0.10037357892782788,-0.012677895665419927,0.0015000555957612296,-0.04034642952515862,0.0,0.00623709912709288,-0.01467996262820966,-0.12928195651756164,-0.007636060729670093,-0.002686283009440725,0.023882753015213167,-0.00967087443139834,-0.08515322930372975,-0.004962018587450951,-0.004602678202950583,0.00036745725299405123,0.0,-0.070745312607538,0.013858229271492061,0.0,0.008486380522563666
2024-11-12,0.000686648922777591,0.018067109550495692,0.0035845937883998242,-0.04705426440457513,0.13076092393764369,-0.00875742538686296,0.0006199063168634703,-0.06858975974065804,0.0,0.04116587263449785,-0.014652296739274446,-0.08928218365094268,-0.007688224676430961,-1.7227903287226846e-06,-0.002738742942363721,-0.017581428211600934,-0.09565995912127277,-0.001999153461024742,0.009350559331246665,-0.00018820981250914818,0.0,-0.0714433167911795,0.016809256359757604,0.0,0.010751093647555216
2024-11-13,-0.005527295408247772,0.008350976854569656,-0.006720190881454815,-0.08040443269311505,0.08962123364801057,-0.015208833791666909,0.0006199063168634703,-0.15214549624354068,0.0,-0.11686807536399642,0.019730642828331542,-0.09621486704851465,-0.022870349804038063,-0.003133414393489416,-0.0010227046095710912,-0.030567311143320623,-0.08987125636178829,0.002850156969277337,-0.0005943919332769895,-0.00018820981250914818,0.0,-0.01637762496470614,0.018244190063040146,0.0,-0.003937159957939998
2024-11-14,-0.005004806317198652,0.007976504703166198,-0.006720190881454815,-0.0657742227924576,0.1175464516647061,-0.006856759162969444,0.0006199063168634703,-0.15441671298137102,0.0,-0.010018980995937368,0.018998746794548386,-0.059964570175244425,-0.022879886206955677,-0.0014082314712903846,-0.003826894086967769,0.004717505530450933,-0.08548702487323974,-0.02498260330320168,-0.00028761493413029444,-0.00018820981250914818,0.0,-0.01417036970591797,0.019258108467221053,0.0,-0.0008395308578641209
2024-11-15,-0.0032950265610997742,0.013542550260013594,-0.006505993768917524,-0.09732487399258613,0.12454215504404399,-0.009803844979647345,0.0015000555957612296,-0.16065935388108457,0.0,-0.02822694122075043,0.018607786260066525,-0.11059363156879154,-0.0228181858572772,-0.00507913301705898,0.013851409978320803,0.0077197958906829595,0.02974922968154458,-0.016691910138180884,-0.0026735247409124994,-0.0005273911389533369,0.0,-0.015148236804769639,0.029282609567185158,0.0,0.010875526251945997
2024-11-18,-0.002898832824514794,0.008501218738717226,0.0008559104191229995,-0.032765827409881036,0.1204161741945309,-0.01332999855252613,0.0015000555957612296,-0.21265645496885538,0.0,-0.08838959674220671,0.01931505076624293,-0.006852584830534193,-0.0228181858572772,0.0015339357620446955,0.013851409978320803,0.0014345851935530674,0.03491828108474014,-0.022790877513591958,-0.0035132672990711186,-0.00018820981250914818,0.0,-0.015217807721669054,0.07462479487932314,0.0,0.008623442741125868
2024-11-19,0.0033479007468487218,0.005061369789973795,0.0034849454761119395,-0.10517037083169006,0.17511196278196384,-0.06969229676732043,0.005710082774957787,0.24174204081046763,0.0,-0.23103718015471075,0.06461432283946447,0.07237549691139293,-0.025172263927590068,0.003065407648280612,0.015013655326171332,0.0028671089178576993,0.03231306583798273,-0.009063115632252493,0.0037826193291568408,-0.00018820981250914818,0.0,-0.011367356371815664,0.03940438646743021,0.0,0.01253407247755076
2024-11-20,0.007253792006631938,0.005053450581557265,0.0032505680467255927,-0.10916675934653676,0.17137786114342818,-0.06985334652403688,0.005710082774957787,0.32505866947134937,0.0,-0.2320893187926967,0.06461432283946447,0.07240760715127827,-0.02555694914732018,-0.003103267162500083,0.01897518447807376,0.005505682644539714,-0.024983123658386786,-0.010977601174679788,0.007261065820713797,-0.00010150641573527092,0.0,-0.011367356371815664,0.015232269672770015,0.0,0.01299994161833265
2024-11-21,0.007253792006631938,0.0007175197351583419,0.0032505680467255927,-0.11098429821392525,0.15033609869441775,-0.06905574410800074,0.005710082774957787,0.30329053675263923,0.0,-0.30724185110064806,0.06461432283946447,0.0703106218122385,-0.02555694914732018,-0.0017907922880155227,-0.005196561646152034,0.00552026427576998,-0.024583774611640557,-0.008980048998545195,0.010742404067480267,0.0001981791926260052,0.0,-0.02117469012104443,0.0073137868396090586,0.0,0.011994645127076568
2024-11-22,0.04513733636342532,0.0007175197351583419,0.0009985657972739878,0.020226927759906473,0.1534195064761539,-0.011325976628646133,0.0006199063168634703,-0.01852253432939386,0.0,-0.18875775628378125,0.018919208810520078,0.030046203987142583,0.009790245516423584,-0.003037532321566818,-0.01001175070577091,0.005011221956786307,-0.05806226581881299,-0.019538084141195435,-0.0055204108184648115,0.0001981791926260052,0.0,-0.010631753440636337,-0.0035807127595870554,0.0,0.006549905677908907
2024-11-25,0.03795624910249783,0.0013291573072197445,-0.007056805975138017,-0.09067486761234424,0.1070718566990908,-0.009023472335054048,0.0006199063168634703,-0.060183404909250525,0.0,-0.18008066233102293,0.0022200719015746627,0.01896553723620388,0.01018416066803399,-0.0003206408109482348,-0.003702374102488369,0.01425508957508704,-0.061712864981871965,-0.024114332866152926,-0.0017407766019160744,0.0001981791926260052,0.0,0.0004732909307557316,-0.011010831525620718,0.0,-0.011573482184089321
2024-11-26,-0.027007769931629382,-0.0009210327304018064,-0.007056805975138017,-0.0923518720431222,0.006808376222754794,-0.010236883946957404,0.0006199063168634703,-0.08126889904563525,0.0,-0.08511164964096755,0.019135303702956578,0.017081128038104007,-0.0224338071085844,-1.964071658505739e-05,-0.004332814051673105,0.018186359745408453,-0.058771244707514686,-0.04156444186613823,0.003604885813283398,0.0013116248946497156,0.0,-0.013292797232184931,-0.008944297599110945,0.0,-0.02028564039095869
2024-11-27,0.0009255750592723974,0.0013291573072197445,-0.007282254419254051,-0.07292869978231495,0.09412661495228512,-0.008543802089494965,0.0012616493869080981,-0.13094686563111568,0.0,-0.18413788616904203,-0.0014526737037703855,-0.02265228643798095,0.008427127085093971,0.0016375341651383088,-0.003720663803671266,0.014735300924464364,-0.06029137459093468,-0.03624405339079761,0.0011849686503673795,-6.992664195096441e-05,0.0,-0.013430322878706179,-0.011219747821275085,0.0,-0.012597549353701318
2024-11-29,-0.0035543223970582937,-0.0010891377669308775,-0.0028386693339386582,-0.07630523136648584,0.006784975608177234,-0.008543802089494965,0.0012616493869080981,-0.1856282801819809,0.0,-0.08413988416464274,-0.0010048168355520659,-0.00018304000058111188,0.008614022269546742,-0.00012055343838162792,-0.0043511037528560035,-0.011317220560652206,-0.05983308363015673,-0.022663155684809866,-0.004970335572351645,0.0005171503746331833,0.0,-0.013354666107897466,-0.010446375623143265,0.0,0.0008763590889930518
2024-12-02,-0.0035543223970582937,-0.008998475550724087,-0.0028386693339386582,-0.09042557821888363,-0.000722517140718461,-0.008543802089494965,0.0012616493869080981,-0.17911973373204923,0.0,-0.05872018071809314,-0.0036984426955647943,-2.4516095215660565e-06,-0.022823261809850958,-0.00012055343838162792,-0.004534131645354084,-0.010744448843333518,-0.05994126844918665,-0.02740999394964759,-0.004150120697792934,0.0005171503746331833,0.0,-0.01180867626310401,-0.010450243412950954,0.0,0.046678375399585276
2024-12-03,-0.0035543223970582937,-0.008998475550724087,-0.0028386693339386582,-0.08498927767697963,-0.0021344968475178897,-0.010662866803460987,0.0012616493869080981,-0.222641732089439,0.0,-0.05873505561380151,0.01579765677018678,0.010739915760102726,-0.02224691192413162,-0.0022466600525522266,-0.004534131645354084,-0.010531757600057444,-0.06884411550984211,-0.026383889633723078,-0.004150120697792934,0.0005171503746331833,0.0,-0.01180867626310401,-0.011728518803403318,0.0,0.004015443093847836
2024-12-04,-0.0035543223970582937,-0.008998475550724087,-0.0028386693339386582,-0.08368061030050794,-4.2276298172955625e-05,-0.010662866803460987,0.0012616493869080981,-0.2140652712507522,0.0,-0.06514427256975333,0.01579765677018678,0.002649564588070606,-0.02224691192413162,0.0002085807468592031,-0.004534131645354084,-0.03969987713534715,-0.06685365419609494,-0.011695592677168812,0.007870127441096582,0.0013116248946497156,0.0,-0.01180867626310401,-0.013026532475716205,0.0,0.005055073936312268
2024-12-05,-0.0035543223970582937,-0.01038312232418059,-0.006897095111405058,-0.0732635384831596,0.006004404324389247,-0.010662866803460987,0.0012616493869080981,-0.22033965994635887,0.0,-0.056394572110638065,0.01849285084198589,0.017750836018699225,0.009595710989983222,-0.003449883134207219,-0.0043511037528560035,-0.04197759425108129,-0.06528188360010793,-0.0044372523882682665,-0.003035741127663639,-0.0002648818992023621,0.0,-0.011311616352810517,-0.013433530918589474,0.0,0.0031094131769112045
2024-12-06,-0.02603188933669214,-0.010674988374624751,-0.0062557082328020324,-0.13739170443457016,0.011041218691981136,-0.010236883946957404,0.0012616493869080981,-0.19150238845587897,0.0,-0.06783199494635526,0.014751411138379258,0.01747689757214485,0.006351725683632733,-0.0013237765200366204,-0.0011886802104888788,-0.04186360837859573,-0.05107309417077855,-0.005102313375843081,-0.0048832027364508635,0.0005171503746331833,0.0,-0.009379841800877062,-0.014727676801094674,0.0,0.002797175130509323
2024-12-09,-0.006128795755666465,-0.015969199269546687,-0.006481156676918066,-0.059115069454031256,0.10559953655420233,-0.012558727554177843,0.0012616493869080981,-0.26603306398485965,0.0,-0.08688643173447905,0.021244134966059692,0.022537043047288915,0.009016861280145897,0.00417589395185882,0.002693695364736483,0.000993947255693163,0.07794473957974929,-0.015454338811232904,0.010201401184001806,-0.00018820981250914818,0.0,-0.012098971096023845,-0.043397756550383255,0.0,0.0038965387735400503
2024-12-10,-0.0019768688216868376,-0.03889767036440347,-0.006979888177370104,-0.054866495928208324,0.12317400202756995,-0.012558727554177843,0.0012616493869080981,-0.25444396719092766,0.0,-0.002850860690415862,0.021254516788336567,0.019875563515155317,0.0157179499077104,-0.0008879042428147468,-0.004551245664052579,0.0015889575968803169,0.07450364241672267,-0.014514987593813831,0.013969639496436311,-0.00018820981250914818,0.0,-0.04365129143142357,-0.026227132678074836,0.0,0.007496602750992322
2024-12-11,-0.0022229044958832498,-0.015969199269546687,-0.006979888177370104,-0.07940120785437463,0.08963697863171645,-0.013226321177282473,0.0012616493869080981,-0.28592744255917824,0.0,-0.09249980548854685,0.021305804999982265,0.018425719531683014,0.009595710989983222,-0.0013237765200366204,-0.0018696873505558496,-0.002010266446661767,-0.06634650711223526,-0.01942930809173648,-0.001529060385726885,-0.00010926037804838186,0.0,-0.011609196875224274,-0.015239083356954534,0.0,0.003076992764413213
2024-12-12,-0.0076506405835351475,-0.01624630611875719,-0.008859800464242298,-0.0663428598344869,0.10137000498528698,-0.010485319479699955,0.0006199063168634703,-0.1816812588314778,0.0,-0.08463683928917651,0.017485239051369516,-0.044144044347878324,0.009595710989983222,-0.0014443069247550373,-0.004551245664052579,0.00039767796331028216,0.07474846683135393,-0.015454338811232904,0.009247436844477996,-0.00018820981250914818,0.0,-0.011772999722982819,-0.02684771873159086,0.0,0.003345108898643193
2024-12-13,-0.0020501135328814726,-0.01635953454613609,-0.006632621184746949,-0.0845614450236241,0.06808027490873204,-0.011152913102804586,0.0006199063168634703,-0.19365217674768243,0.0,-0.12223416550750486,-0.018651132889092415,-0.025293162741951383,-0.0005383635679188346,-0.0021457473307556593,0.0004348737980553654,0.012775614621543507,-0.05037344774315703,-0.03132172228572487,0.0036600923498850448,-0.00010150641573527092,0.0,-0.0076046887961983166,-0.01222756087432354,0.0,0.0025011251975866292
2024-12-16,-0.0007117280971831828,-0.008456828968309215,-0.0035533190199105477,-0.08297075270228452,0.068374994408117,-0.021969583778333555,0.0006199063168634703,-0.23427864929271303,0.0,-0.14565661375151345,-0.018651132889092415,-0.006778944385404791,-0.004986880614590709,-1.964071658505739e-05,0.005153724046928337,0.015531877161745667,-0.04993209832353236,-0.032576591923215326,-0.0005557331170915326,-0.00018820981250914818,0.0,0.03544992489429682,-0.014180562857308334,0.0,0.003508428324054194
2024-12-17,0.004332639514353951,-0.007985026833310592,-0.007568321269438547,-0.016162052483589533,0.15698708220600524,-0.014165488173720061,0.0006199063168634703,-0.09100852318255201,0.0,-0.21543229291711127,0.021452296724086436,0.020052828030306592,0.01671230593331577,-7.9171337886453e-05,0.0028491628983171226,0.01336121400716413,-0.056007304478012325,-0.02920242709438297,-0.0015984267187120393,-0.00010150641573527092,0.0,0.04261012705004063,-0.03015358733405683,0.0,0.006439697633121278
2024-12-18,-0.007374924774299937,0.01697481879596106,-0.0124468997077671,0.5036199072632562,0.1765447525285498,-0.021569503965184263,0.0008054289582181014,0.3793087609830746,0.0,0.0423271516656084,0.035590427839800404,-0.07171594482597586,0.004565115530343588,0.00017221691432345302,0.007323610532330772,0.022748736174518426,0.04506225424460184,0.007282395831644758,-0.002283563286688097,-0.0001977447159720303,0.0,-0.010643895484174071,-0.008612002592793846,0.0,0.01402778254686834
2024-12-19,-0.007374924774299937,0.015521399980560872,-0.0124468997077671,0.4994631645977909,0.18050008464076409,-0.023036431522504085,0.0008054289582181014,0.3817912622729148,0.0,0.03893261835976674,0.035590427839800404,-0.07150560822552346,0.004549373141416411,-0.002947390120873717,0.006158607960354429,0.022748736174518426,0.042875764227300404,0.010276300820163736,-0.0018649677710545984,-0.0001977447159720303,0.0,-0.010442939830238508,-0.0019151643959599916,0.0,0.01402778254686834
2024-12-20,-0.00011151742772306828,-0.005491257932650288,-0.00702382539302323,-0.12027971876144164,0.17358998049790075,-0.05742741292770178,0.0015000555957612296,0.18610767183077193,0.0,-0.14841090142937613,0.06715967181068104,-0.008803281438466617,0.0063819125448602194,0.0062398981544508686,0.002347163233761661,-0.032047523168700714,0.02533383937408125,0.031727037776207535,-0.0037588003995880784,-0.0001977447159720303,0.0,-0.02711648490570395,0.0035132173182221196,0.0,0.008210622030762327
2024-12-23,0.015604679624114798,-0.004092647302601406,-0.013002796036982562,-0.0788703479432376,0.12201010765938267,-0.01059694894281218,0.0015000555957612296,-0.16112923036426158,0.0,-0.11080415493891356,0.02170958460170758,-0.07777325307975139,0.007928043015022227,-0.00011576938329354725,0.0011849178859111328,0.0009579071725115411,0.027383099006925888,-0.022062038529368565,-0.0036110078919285265,-0.0001977447159720303,0.0,-0.031567418021274114,0.017686474416136765,0.0,-0.008348952682184092
2024-12-24,-0.0014055558754874965,0.007261508752672115,-0.00106771147584734,-0.05530667652203105,0.07352033943451466,-0.011497866816237753,0.0006199063168634703,-0.1425620239771828,0.0,-0.16257411132570862,0.013504044514627887,-0.031947136588164,0.00910821199726769,0.02255903485331106,-0.022200489346507864,0.008593059280974116,0.10700256179058572,-0.028672457242765053,0.0036352873136174285,0.0002217630811615843,0.0,-0.016269771422007702,0.06289901597835648,0.0,-0.0046814678701534536
2024-12-26,-0.00741197613359861,0.007606129132308654,0.0018954102948841455,-0.06095708805455921,0.14319756543502554,-0.014559873092570516,0.0012616493869080981,-0.031070757426225462,0.0,-0.2045888727460091,-0.035111302225829026,0.0389584592355275,0.007469092711256533,-0.03018725962757794,0.015021886680766264,0.003699106826964823,0.11941438432105891,-0.023060485495829366,7.664542294252952e-05,0.0003860730168977736,0.0,-0.015893978593635963,0.08466131842785114,0.0,-0.012383349051349177
2024-12-27,0.0014379451405575087,0.011398904532085538,0.007846215933757299,0.019859858765856005,0.20351418299742524,-0.005143194442342276,0.005710082774957787,0.04973037505649412,0.0,-0.16391841334125518,0.009532430794352455,0.08486691857733958,0.006721663519450653,0.0017171459655183335,-0.0008925300671898505,-0.015369364203203534,0.0946912717240642,0.10168835933792558,-0.02018395068905009,-0.0001977447159720303,0.0,-0.03531046301256153,0.11196269413803121,0.0,0.009632564420991358
2024-12-30,-0.02119815402234795,0.011912085283007757,-0.007691255926859544,-0.11210016134388973,0.18973937990306353,-0.0666074154262248,0.005710082774957787,0.1734154937738704,0.0,-0.14054816404425036,0.06256550425528871,0.07367347563772346,-0.025750044160741052,0.0021151711237974618,-0.004371467343729334,-0.032141520255962085,0.0774693031503446,0.029709420631169152,-0.018023091222202196,-0.0001977447159720303,0.0,-0.034046568728241126,0.08146604533388933,0.0,0.021511129944760086
2024-12-31,0.006824145328930662,-0.004037839117250101,0.0006363246442745284,-0.11059709943510163,0.18236394577258552,-0.0666074154262248,0.005710082774957787,0.18757476755950622,0.0,-0.16515721371695946,0.06256550425528871,0.07650758090898468,-0.025750044160741052,0.0021151711237974618,0.002442019446004494,-0.032047523168700714,0.0822702480946196,0.028782227639340054,-0.018023091222202196,-0.0001977447159720303,0.0,-0.02702749242438394,0.04060135935989502,0.0,0.014843341146046978
2025-01-02,0.00390934562878919,-0.004037839117250101,0.0032505680467255927,-0.14459772171397228,0.16825776982533147,-0.04211019087862365,0.0015000555957612296,0.16834832831647623,0.0,-0.12837499383328738,0.062349009047781616,-0.06772255009804867,-0.02619612325911233,-0.004180577560462967,0.005508559120260774,-0.032047523168700714,0.07697497252609005,0.02254545246225092,0.005830586472384532,-0.0001977447159720303,0.0,-0.02707872241883023,-0.010731939661322219,0.0,0.011129822977763906
2025-01-03,-0.011056948124727054,0.003459352734788316,0.011767143814130483,-0.07118686634959488,0.09167022316872447,0.03502083882946183,0.0015000555957612296,0.002449338392933482,0.0,-0.14926748825887334,0.021150941978386267,-0.04093718287124285,-0.028498715373332716,0.009207680566941703,0.017012805864819912,0.01402100330036697,0.13916448960079664,0.0692228185473586,0.004110086414748396,-0.00021840869417056035,0.0,-0.011744201487997463,-0.03329367743207645,0.0,0.0019535460074366785
2025-01-06,-0.003318608223786151,0.002305273370953554,0.00014681140039486017,-0.019814122986344718,0.15329154485694246,0.032749346222840606,0.005710082774957787,0.08148854764675584,0.0,-0.06875761896002931,0.021150941978386267,0.08436881531402624,-0.028498715373332716,-0.009580292049876066,-0.005488293234466405,0.015489587229777895,0.13027613814836053,0.06820741458170897,-0.00034946446847198377,0.001029668414146992,0.0,-0.021222687083553876,-0.023643825197288044,0.0,0.00546132835777408
2025-01-07,-0.00048232405571705154,0.0022766459883572384,-0.0005300621417216855,-0.1403974082682881,0.13903527939847882,-0.059567401395646806,0.0015000555957612296,0.16103382121511045,0.0,-0.16695043715447652,-0.040241828373402025,-0.02139283314391573,-0.020472269583269156,-0.0004943610838143905,0.011711175054029814,-0.003521460987933832,0.07472515011552808,0.018305343763590762,-0.006126080257963439,-0.0001977447159720303,0.0,-0.019906168364656737,-0.00251472449164081,0.0,0.006984750617499187
2025-01-08,-0.000845573507041354,0.0022766459883572384,-0.0005300621417216855,-0.14280992977055107,0.1387321603808455,-0.059567401395646806,0.0015000555957612296,0.12844336336216566,0.0,-0.15749799768544037,-0.05611605637608625,-0.010538969598940452,-0.020472269583269156,-0.002322314028431381,-0.008959649267548624,-0.0031332943036391113,0.07921155589928912,0.01844895589156056,-0.006500904377557811,-0.0001977447159720303,0.0,-0.019906168364656737,-0.004579999840378645,0.0,0.006024105199039181
2025-01-10,-0.010607921627064063,0.005166523803535032,0.011173063337978982,-0.142000904766043,0.16346754917818526,-0.050387398897123806,0.005710082774957787,0.20740140486260997,0.0,-0.19817954843045704,-0.03780449285185994,0.07242645079698908,-0.008619669998913166,0.006301917898762931,0.038152983195085935,0.02103606769614999,0.07357443589297893,0.022386503387349502,-0.018023091222202196,-0.0001977447159720303,0.0,-0.01613137246982201,0.0013798746482147383,0.0,0.00851335662344836
2025-01-13,0.001875346063084847,0.011762850870438596,0.03235876796991104,-0.15729859093165005,0.18219862462462078,-0.049722195236579635,0.0015000555957612296,0.2912412190501356,0.0,0.03414585563835406,0.05297809270456075,-0.06805502648227266,-0.00933698698776304,-0.002322314028431381,0.018019814478566723,0.02248585120146697,0.047255706220777856,0.008069807925795914,-0.012425259922390512,-0.0001977447159720303,0.0,-0.012932983643765416,-0.007725847245670824,0.0,0.006814225991752931
2025-01-14,0.0014710586476488052,0.006738968885930698,0.03235876796991104,-0.13030004341722853,0.17920123542855504,-0.04823742787646471,0.0015000555957612296,0.2858249931389835,0.0,0.015710415046912528,0.06926558115899084,-0.05691159872286934,-0.028506655448688446,-0.002322314028431381,0.018019814478566723,-0.063702499977998,0.047255706220777856,0.008069807925795914,-0.012425259922390512,-0.0001977447159720303,0.0,-0.012932983643765416,-0.015229777922446421,0.0,0.0066504367603543455
2025-01-15,-0.010135851464331989,0.005745122319696985,0.014995253812160176,-0.04969575719574884,0.1484434701890997,0.03446104121181637,0.005710082774957787,0.08829977601739299,0.0,-0.09200623132857623,0.024663081969539386,0.05845027663513323,0.0029481051089826015,0.018121915233583908,-0.0062514734641613496,0.014913431127771373,0.19292991133659418,0.06266031587615441,0.021873888860498722,0.001029668414146992,0.0,-0.021168211241958692,-0.058933492411399384,0.0,0.006052826302362457
2025-01-16,-0.010130747288857564,0.005745122319696985,0.014995253812160176,-0.07380976592276724,0.12862356340033404,0.03446104121181637,0.005710082774957787,-0.13283577659823628,0.0,-0.05525150951024042,0.021533397367889943,0.048528718358973405,-0.028489178970415103,-0.01244629743720105,-0.005488293234466405,0.001477484190897199,0.10802631291161556,0.0692228185473586,-0.0024800224764144575,-0.00021840869417056035,0.0,-0.021168211241958692,-0.053971135054344956,0.0,0.003355073337374153
2025-01-17,-0.003186378105952058,0.006352839502806469,0.0031894330871759403,-0.05068353660175442,0.13360763178448087,0.03304803693807289,0.0012616493869080981,0.009531722015905663,0.0,-0.05553951209350546,0.02194898942997856,0.045080179748163716,-0.028939537471231954,0.0016179891381055043,-0.0013017903863979353,0.01642037289000184,0.16475519074685432,0.0722822601542156,0.0050261301199204505,0.001029668414146992,0.0,-0.009083072636441267,-0.08582151014769726,0.0,0.005115538270817679
2025-01-21,-0.0010443648095092722,0.0074283019069172965,-0.007891152466889345,0.02442407571753799,0.15683322531558802,-0.01356378103661749,0.00061990631686347,-0.15231547821439115,0.0,0.019978375723995242,0.022689281577862038,-0.03304732102661702,-0.0021802520353425775,-0.00012055343838162792,-0.00376188002488387,0.002450994313127993,-0.062088834893110526,-0.01752151159820356,-0.0020368583789424307,0.000426416974332999,0.0,-0.013168532533686102,-0.012698858850917863,0.0,-0.10977424034565447
2025-01-22,-0.0016406777053453406,0.00409480570810274,-0.007280137484552232,0.019903823721367776,0.24126274960315347,-0.012642173665014462,0.0012616493869080981,-0.12314262717541793,0.0,-0.07352036697752334,0.022390199593636417,-0.0173250391839327,0.021451394763208877,-0.00012055343838162792,-0.0033062673808044738,0.0003721207103551329,-0.06446163445098461,-0.007611054290145508,-0.0013772076794044304,0.00036745725299405123,0.0,-0.0074937260379242965,-0.015030668508391453,0.0,-0.06378186881321357
2025-01-23,-0.0016437292253959062,0.0006549567593593079,-0.007280137484552232,-0.03598073064370009,0.10627977280093362,-0.012642173665014462,0.0012616493869080981,-0.1610081075853389,0.0,-0.07338121766321758,0.02233223997677392,-0.0173250391839327,0.0009051319255845054,-0.00012055343838162792,-0.003720663803671266,0.00030514646145660774,-0.06775864665904785,-0.01714137954880562,-0.0019246565817968527,0.00036745725299405123,0.0,-0.0074937260379242965,-0.015030668508391453,0.0,-0.06365144527588487
2025-01-24,-0.0016437292253959062,0.0010572696202369811,-0.007280137484552232,-0.035244941070464726,0.2127736624112677,-0.012517800692434454,0.00061990631686347,-0.11480295728336129,0.0,-0.09870293860330534,0.02233223997677392,-0.03548569756075884,0.021458494151083574,0.0016375341651383088,-0.003720663803671266,-0.00016284023513753388,-0.06646063298673496,-0.011981547496736277,0.002110961504161446,-0.00010926037804838186,0.0,-0.005497272924554428,-0.013726443347307158,0.0,-0.007130605084029793
2025-01-27,0.006252223448014551,0.0005207323345103307,-0.0036842407367835305,-0.1266352413341729,0.17974900932202484,-0.07485956040393939,0.0015000555957612298,0.30865055919214224,0.0,0.040931601782967744,0.0670393599972101,-0.03679931393891012,0.0019907347972752064,0.0010590088572713248,-0.004481284620719597,0.02562239494188345,0.03898482671003695,0.01562337892271945,-0.00034728243818966665,-0.0005273911389533369,0.0,-0.014911793330787444,-0.015157429848921787,0.0,-0.0688463394632349
2025-01-28,0.0028185518186447343,0.0005207323345103307,-0.006771257151391225,-0.07089698609399649,0.17426868447921137,-0.014765222349376024,0.005710082774957787,-0.17184235141575066,0.0,0.034269009239618446,0.021488511118955004,0.05044880380750935,-0.0013526032098923203,-0.009580292049876066,-0.005624365667921843,0.008641884176729118,0.03043699648620516,-0.0006817350485644723,-0.008496533055064807,-0.0005273911389533369,0.0,-0.019188596639114004,-0.031840958845227356,0.0,-0.021838936322364402
2025-01-29,0.005785364909936283,0.003265737439627173,-0.0036842407367835305,-0.1060557291543994,0.2148530180344612,-0.0777852715473866,0.005710082774957787,0.34717072843099833,0.0,0.04733077203890308,0.0689333205223457,0.07994324853952903,0.001124959186420738,0.040885605925659436,0.021865667308093698,0.028392692347420888,0.022994805981712843,-0.0018680327398045088,0.014773653227958976,-0.00021840869417056035,0.0,-0.012198007172204943,-0.026875256681674765,0.0,-0.02555931356453681
2025-01-30,0.003050986916730184,0.0018123186242269863,-0.006771257151391225,0.012789570582683232,0.22102706956600437,-0.011266706534088955,0.005710082774957787,0.03711268002237043,0.0,0.03280296176552646,-0.005544296994643152,0.07879671336147467,-0.0022064242290525003,-0.00954623587260628,0.021059200049818094,0.009096621543397427,-0.06383692284822517,-0.01879715664713807,-0.00927567196771827,-0.0005273911389533369,0.0,-0.015212845090343714,0.0010442219131548158,0.0,-0.02276325887036902
2025-01-31,-0.0011655063908218252,0.0018123186242269863,-0.008649327055810698,-0.06770893965806021,0.14269084857017755,-0.009861040852416392,0.0015000555957612296,-0.10737045636610137,0.0,0.02466786928039787,0.004572879002502494,-0.1206492827871742,-0.0013683455988194972,-1.7227903287226846e-06,0.017118491008048294,0.005754234556927027,-0.022457564518879716,-0.003396373940608651,0.005804569958985856,-0.0005273911389533369,0.0,-0.010049224871403572,0.0008738539358504314,0.0,0.011953207973871125
2025-02-03,0.0017578071160727264,-0.0020986618631431983,-0.001765538714779512,-0.12711910069979385,0.18105047271539124,-0.05858371681137411,0.0015000555957612296,0.314233859579145,0.0,0.03722717796285599,0.06897219864398929,-0.16228272326022194,0.0019640854991530713,0.00011157051526578818,-0.007341700452100829,0.008191414400872558,-0.016545402465752163,0.012556944733307937,0.0024245746359254036,-0.0001977447159720303,0.0,-0.016121312008473845,0.0022940728874715527,0.0,0.0355095927773051
2025-02-04,0.008844244580340511,-0.0009661086874320318,0.006339936987776573,-0.09980645376897639,0.21834471643896627,-0.0779150775429405,0.005710082774957787,0.3293357555795286,0.0,0.0486231522582221,0.0689333205223457,0.06577167895848916,0.001109216797493561,-0.009613996957942416,-0.007341700452100829,0.012156201732641453,0.012251045641088854,-0.00531211518776818,-0.03614176299822237,-0.00011358596839983575,0.0,-0.016717922874057368,-0.0036487064776283547,0.0,0.02100131971132138
2025-02-05,0.0055111597906699495,0.006231273593520962,-0.0006910785077532625,0.02198157742001182,0.23273401763260443,-0.015266193076573911,0.0012616493869080981,-0.04638313016196471,0.0,0.037074029191919926,0.0229784648191337,0.05990266702204672,-0.0022064242290525003,-0.0007859655870030778,0.0020247077767170446,0.024726070324650986,0.05348477467915392,-0.036491080230210436,0.005667651602249483,-0.00011358596839983575,0.0,-0.010182979336292657,-0.023784350226068625,0.0,0.014256899118997085
2025-02-06,0.0049117953747833155,4.629758261003421e-05,-0.001173695515456798,-0.007755616443924408,0.17426593248622999,-0.014887806355495505,0.0012616493869080981,-0.12437809565304389,0.0,-0.10996059791635837,0.02330182242986946,0.02522529391818248,0.0010879512281956856,0.0008830437382671812,0.0020659239979296485,0.010221058984412529,-0.07175287337858556,-0.04195693585045159,-0.0009839432811376,0.0002217630811615843,0.0,-0.00568967455655328,1.6629970467645653e-05,0.0,-0.0006962015368640454
2025-02-07,0.005536145003031166,-0.007151084698342962,-0.0004301240009412427,-0.048854518070495415,0.1605693027509462,-0.00561270353330357,0.005710082774957787,0.035002122118433364,0.0,-0.10791759746399952,0.02288730185524302,0.07873830316234076,0.002371758779723577,0.0015516471507569856,-0.008348709065847637,0.001616432083655081,-0.04431786843545216,0.09475103607751684,0.00022145171397099705,-0.0001977447159720303,0.0,-0.013960594094029761,0.029234627835034263,0.0,0.011067477926252187
2025-02-10,0.004906691199308891,0.0015283437806065364,-0.004575152872044491,-0.015870003622555622,0.17106814025137196,-0.014887806355495505,0.0012616493869080981,-0.11322727679568582,0.0,-0.10547676548764717,0.021639391326129232,0.0264961015597953,0.0010879512281956856,0.0008830437382671812,-0.002024417965447603,0.0009413211027844663,-0.09824369766691733,-0.025519114914609668,-0.0017631870755455876,-0.00021840869417056035,0.0,-0.00568967455655328,0.017733647236813983,0.0,-0.00024018528561231762
2025-02-11,0.004906691199308891,0.001499716398010221,-0.0004301240009412427,-0.001819576472587891,0.18632298556299304,-0.015069691832511669,0.0012616493869080981,-0.07554337480412616,0.0,-0.10725951731227254,0.021639391326129232,0.05751384142755783,0.0016134272585278141,-0.0003201793433878135,0.0013027437682347038,0.012897041402095123,-0.09946877832841748,-0.04238665413471799,-0.000279210797142523,-0.00011358596839983575,0.0,-0.005871560033569444,0.015365036690313928,0.0,0.00784782595622451
2025-02-12,0.0048627726144563396,0.001499716398010221,0.007977102460139133,-0.010684713376831172,0.1678494452480096,-0.01508589088763884,0.0012616493869080981,-0.10651759574815069,0.0,-0.11424660522529755,-0.021105969885698034,0.05932872111913379,-0.0007264013239511197,0.0007918504038709511,-0.0015223329383565536,0.010563184996709449,-0.07847445917786848,-0.036725563600288995,0.003646231508867961,-0.0001977447159720303,0.0,-0.00568967455655328,0.015537039491285693,0.0,0.00022914784383242466
2025-02-13,0.001143801203630041,-5.14906467721472e-05,-0.00296616982879845,0.021921035254211147,0.15839312917814877,-0.015267776364655004,0.0012616493869080981,-0.11589127466710264,0.0,-0.17341137423539865,0.01840689484316663,0.036181595654788165,0.0016134272585278141,0.007823594170881689,0.0013027437682347038,0.0003279082194636118,-0.1018521890081589,-0.025899838517484574,0.005751112899343123,0.00036745725299405123,0.0,-0.005845158325359383,0.022495540348039952,0.0,0.005039137278540927
2025-02-14,-0.00048435012016023667,-0.000542303304090693,-0.0027873299020118375,-0.0722235207446725,0.0937395707762404,-0.016036521249359892,0.0012616493869080981,-0.2392921174002801,0.0,-0.11906380240834263,0.02149289960202506,0.0008690171303647254,0.0018276983282565734,-0.004878006308507053,-0.002024417965447603,0.0004054160293373604,-0.0869444493457802,-0.024973466966801125,-0.0035684430489118075,0.000426416974332999,0.0,-0.006772765727614684,0.05981982504506022,0.0,0.004116011614833022
2025-02-18,0.004906691199308891,0.0015394350945099335,-0.004089568712644447,0.02341492255944656,0.15886401686843987,-0.014866243768268212,0.00061990631686347,-0.12900617848831727,0.0,-0.10979260107795366,0.021550643243946593,-0.03414230358446579,0.002579078588927944,0.002553233886217613,-0.002024417965447603,0.00038594335940462913,-0.11017139246722309,-0.030163901241450023,-0.0009445837348134832,0.00021331788095160285,0.0,-0.0056681119693259875,0.02514673023429899,0.0,-0.0009522086932962242
2025-02-19,0.004906691199308891,0.0015394350945099335,-0.0076053094401699346,0.034008756449944326,0.19051997530200585,-0.014220212732390875,0.0012616493869080981,-0.10864019075605487,0.0,-0.1028994908678823,0.022227460791779372,-0.018136747995193294,0.0010879512281956856,-0.0005863396819968922,-0.003720663803671266,0.0016741810064773203,0.07349697274768577,-0.029759866726287238,0.009338965086733458,0.00021331788095160285,0.0,-0.005902831255252435,0.013831921787964377,0.0,-6.842297308945955e-05
2025-02-20,0.0010007999395256735,0.0015394350945099335,-0.007688102506134981,0.007102402768782647,0.1804943691300096,-0.01195301745468254,0.00061990631686347,-0.10048952660642697,0.0,-0.10293571075306869,0.02371741449195807,-0.048074803745843706,0.001512424243003075,-0.001029887544281164,-0.0013966465986407688,0.0022689043654504945,0.07974651814422654,-0.01616065811141551,0.008018761206748467,-0.00018820981250914818,0.0,-0.005881268668025143,-0.03825486232776502,0.0,0.0002285557495773729
2025-02-21,0.008548407906710982,0.0032323152330849974,-0.010243239497445517,-0.14893431253492234,0.16976285423538767,-0.03042768813234981,0.005710082774957787,0.1746311300819648,0.0,-0.09689673273807956,-0.045766130040692764,0.027878022783433157,0.0021780016913590687,0.0010590088572713248,0.01817505121267044,-0.000681996406988796,0.06631255853607242,0.016667128800211685,-0.0007474187236344317,-0.0001977447159720303,0.0,-0.004860286600984689,-0.009860161846062471,0.0,0.017394410869910722
2025-02-24,0.0064544312075974315,0.003247177487656402,-0.04732318392925331,-0.15673901398403997,0.17274707729527927,-0.045072281097128394,0.005710082774957787,0.26170980181017844,0.0,0.02681440741748111,-0.0017975521799474638,0.07456507730215264,-0.0006881563016051012,0.006301917898762931,0.018019814478566723,0.002024618077367308,0.054300695916717746,0.010333242363165868,-0.018403986403895314,-0.0001977447159720303,0.0,-0.0048395552098630884,0.006451242412603968,0.0,-0.08005784197009655
2025-02-25,0.006252223448014551,0.003247177487656402,-0.04732318392925331,-0.1979105948323449,0.15983743680957968,-0.045072281097128394,0.005710082774957787,0.26764344378359817,0.0,0.018907609555067848,-0.04722830542591725,0.016513641806791858,-0.0006570594120102834,0.0010590088572713248,0.018019814478566723,0.002024618077367308,0.05209396055262892,0.008813299404690039,-0.0011283139053275527,-0.0001977447159720303,0.0,-0.0048395552098630884,-0.005660571896932992,0.0,-0.08005784197009655
2025-02-26,0.0064544312075974315,0.003247177487656402,-0.05753331186972058,-0.19743810015599347,0.16221158813375466,-0.045072281097128394,0.005710082774957787,0.23071256196474976,0.0,0.028826798583787987,-0.04722830542591725,0.018692631454367316,-0.0006570594120102834,-0.0028430682395302912,0.018019814478566723,0.002024618077367308,0.06218593732750514,0.007749369516143648,0.01136556590580171,-0.0001977447159720303,0.0,-0.005625354064000718,-0.0060405761233718065,0.0,-0.06451791116726696
2025-02-27,0.005119388669928476,-0.014305859684343385,-0.030628636693404862,0.46184999842900454,0.16939560064695658,-0.016710799544960252,0.0008054289582181014,0.3006756998647427,0.0,0.020909765912239,-0.017955619409383172,-0.02009951126134425,-0.00011033752990953251,0.00017221691432345302,0.018432269335536263,-0.06488394340431375,0.05564968186041241,0.008095044349331604,-0.004971026425265586,-0.0001977447159720303,0.0,-0.003727604592080954,-0.006606552518902403,0.0,-0.03520916216238389
2025-02-28,-0.007458520586867928,-0.014305859684343385,-0.015399176000746235,0.2940959977191444,0.14758288561878133,-0.021812961198739045,0.0008054289582181014,0.26657933064849254,0.0,-0.016331331133025866,-0.04111533204971597,-0.036263069886053996,-0.00011033752990953251,0.005513013545955347,0.02032717360455314,-0.05773960017606646,0.058284241933171055,0.007846058819824264,-0.0020010860468896064,-0.0001977447159720303,0.0,-0.005848669046002779,-0.00743441725313297,0.0,0.015162949990909795
2025-03-03,-0.020997179970369265,0.016964660428656297,-0.013485874792153787,0.3641471683733933,0.1850608791807735,-0.018367536202891895,0.0018010706516200688,0.3850743382780706,0.0,0.03551212059387994,0.010014587403547695,0.032480979114090605,0.0005440467227039993,0.0027853832319018716,0.015466410105787679,0.061994812703250024,0.051698468441215596,0.009705440251222346,-0.0009448866502435421,-0.0001977447159720303,0.0,-0.0029295001897953576,-0.005094270571183123,0.0,0.027597895163713606
2025-03-04,-0.020997179970369265,0.016964660428656297,-0.014162692339986564,0.3783093040173431,0.18195891380956103,-0.018367536202891895,0.0018010706516200688,0.4024473980428995,0.0,0.035470935799763924,0.009337769855714918,0.01238925092039292,0.0016107010686288686,0.0006018734243287241,0.015466410105787679,0.061994812703250024,0.056812497146010874,0.008778247259393246,0.002699403310770886,-0.0001977447159720303,0.0,-0.0029295001897953576,-0.009177489601915624,0.0,0.01802016202802668
2025-03-05,-0.018073549831666962,0.02403710717743991,-0.014162692339986564,0.3719191203349876,0.18734138507527304,-0.027138710763981125,0.0008054289582181014,0.4039252640026901,0.0,0.03875285001977128,0.032333696584743374,-0.005347251384815872,0.0014786011635093109,0.00585277076962113,0.014065435171123613,0.049361813191964046,0.05380668580701218,0.0071430124440458815,0.0038017804187039862,-0.0001977447159720303,0.0,0.001778354161377218,-0.010672250720866826,0.0,0.01802016202802668
2025-03-06,-0.002424633604954404,0.02403710717743991,0.036250768683528986,0.40044876726240813,0.19361925383417292,-0.019692259864152392,0.0008054289582181014,0.4276420325495669,0.0,0.04106311996466082,0.03280721263207482,0.0010851219017764143,0.004376801118198416,0.0006018734243287241,0.0029567763679181213,0.0494988875125805,0.05156071819455457,0.013812987886844166,0.002699403310770886,-0.0001977447159720303,0.0,0.0026320651957599376,-0.00984438598663626,0.0,0.010920107556339266
2025-03-07,-0.005348263743656707,0.02403710717743991,0.036250768683528986,0.37125364860276394,0.19278070789801077,-0.018621354797043577,0.0008054289582181014,0.42353800123524443,0.0,0.04106311996466082,0.03675783757302215,0.004094356662947688,0.004376801118198416,-0.00010487160984415774,0.014065435171123613,0.0494988875125805,0.05217147878155434,0.0071430124440458815,0.0038017804187039862,-0.0001977447159720303,0.0,0.0026320651957599376,-0.010672250720866826,0.0,0.010920107556339266
2025-03-10,-0.002424633604954404,0.018589887063324134,0.036250768683528986,0.4114857459392678,0.1883304828971744,-0.019692259864152392,0.0008054289582181014,0.42502541194882204,0.0,0.04106311996466082,0.03280721263207482,0.0010851219017764143,0.004376801118198416,0.0006018734243287241,0.0029567763679181213,0.05789322474157854,0.05352998945520003,0.013911060405036719,0.0032781890210697687,-0.0001977447159720303,0.0,-0.006092768547375496,-0.00984438598663626,0.0,0.010920107556339266
2025-03-11,-0.002424633604954404,0.015312680372907039,0.036250768683528986,0.3436462085955978,0.16962180421985384,-0.019778707026775,0.0008054289582181014,0.42502541194882204,0.0,0.04106311996466082,0.03258717381758198,0.0010851219017764143,-0.09379388375051768,0.0006018734243287241,0.0029567763679181213,0.05789322474157854,0.05878176840665633,0.013911060405036719,0.0032781890210697687,-0.0001977447159720303,0.0,-0.006092768547375496,-0.00984438598663626,0.0,0.010920107556339266
2025-03-12,-0.006415253107224027,0.015312680372907039,0.030458211807213045,0.2940682478262612,0.18522600888829582,0.0033716124542932406,0.0018010706516200688,0.43539498217200784,0.0,0.04130715773133201,0.010447131330461375,0.013170224483805377,-0.09369288073499296,-0.00010487160984415774,0.0029567763679181213,0.06443752908214383,0.057423257733010644,0.028895297204264595,0.0038017804187039862,-0.0001977447159720303,0.0,-0.006296216611618952,-0.01067651454728199,0.0,0.010920107556339266
2025-03-13,-0.006415253107224027,0.018589887063324134,0.030458211807213045,0.35524134824358533,0.1930709829291011,0.003458059616915847,0.0018010706516200688,0.4264301223442381,0.0,0.04130715773133201,0.018429719138670492,0.030430673186139436,0.0045089010233179735,0.0027853832319018716,0.0029567763679181213,0.06443752908214383,0.05649941338549056,0.028741829013471217,-0.0009448866502435421,-0.0001977447159720303,0.0,-0.006296216611618952,-0.01155366192823758,0.0,0.010920107556339266
2025-03-14,-0.002465434186859964,0.018589887063324134,0.030458211807213045,0.31750162365995854,0.18593721347962464,0.0026945954717844966,0.0018010706516200688,0.40828522650072396,0.0,0.043862140905027006,0.018429719138670492,0.023863147009378045,0.004419930091745463,0.009809821788737636,0.014065435171123613,0.067290701187493,0.06219714762550558,0.028287347681958255,0.01296984124702024,0.0003860730168977736,0.0,-0.006296216611618952,-0.012761530888906962,0.0,0.010920107556339266
2025-03-17,-0.006179108771396887,0.01633460775691966,0.036250768683528986,0.38019993125365265,0.1775130483799528,-0.0200207473044054,0.0018010706516200688,0.34165843123181844,0.0,0.03621877573149755,0.037539419036205134,0.017966309717063405,0.004293254412235642,-0.0005687467702044061,-0.029625622453956477,-0.08058371920476262,0.056172223965793716,0.02092047881363867,-0.007324874732814379,0.0002217630811615843,0.0,-0.013062044354976076,-0.011524272046358674,0.0,0.008276805693827926
2025-03-18,-0.006179108771396887,0.01633460775691966,0.036250768683528986,0.38784448905102104,0.1743144615456292,-0.0200207473044054,0.0018010706516200688,0.370827303872734,0.0,0.034625196825476864,0.03622323390605933,0.029860337608631774,0.004293254412235642,0.0027853832319018716,0.011169727446469786,-0.08140958771518174,0.055312978734818025,0.0131881439673302,0.008616929812375808,-0.0001977447159720303,0.0,-0.013062044354976076,-0.012401419427314264,0.0,0.010756318324940678
2025-03-19,-0.0032554786326945847,0.01633460775691966,0.036250768683528986,0.26369636328042856,0.16395504455464316,-0.052568496731393854,0.0018010706516200688,0.3143733433532001,0.0,0.038556563608190264,0.06202125761422793,0.025945451253806366,0.004293254412235642,0.005348091615983936,-0.029625622453956477,-0.08205150356655018,0.05184516978200208,0.019266686908992796,0.01296984124702024,0.0003860730168977736,0.0,-0.013343671915515366,-0.013229284161544832,0.0,0.010756318324940678
2025-03-20,-0.005487736552523807,0.019348847159973783,0.036250768683528986,0.26166848324191183,0.19134891239125093,-0.05390295375775293,0.0018010706516200688,0.3250476621341105,0.0,0.039587576729087436,0.04660530125537956,0.032441681101231315,0.004388833202150644,0.00987835072114642,-0.02861595355824365,0.009063072161873853,0.050058068331006754,0.023948291700350146,-0.0061400954047682475,-0.0001977447159720303,0.0,-0.013218632539505814,0.0007693861215573969,0.0,0.009562365102854105
2025-03-21,0.004395822108196853,0.010122029168690332,0.0360458744126246,-0.1398045584998498,-0.04639926059527925,-0.05325234215273919,0.005710082774957787,0.30193689906245397,0.0,0.028452017611631575,0.029597555111018827,0.07380460445638395,0.003722739500686103,-0.0056263541605560815,0.0021091556677095276,-0.00893097047861484,0.05881674538866142,0.021674399570492338,0.025134777184571102,-0.0007194350802970964,0.0,-0.03460377702159463,0.004599512071940297,0.0,0.01894017964805271
2025-03-24,-0.0037440530278322923,0.010431876062975277,0.027346660401182908,-0.08005190909182067,-0.4010999968971648,-0.018135573409490267,-0.006152095258560814,0.13773469889852216,0.0,0.011942829503808112,0.019364539907538756,-0.0020321153469726565,0.0011321722107813684,0.059327531233990975,-0.0037589601520553314,0.021972355650490997,0.07579697800260504,0.03115220253415902,0.0019174164759091087,0.008342062924404616,0.0,-0.034577573330103986,0.005097220888404531,0.0,-0.018142698409824343
2025-03-25,-0.001974569981041809,0.010431876062975277,0.017815610741786534,-0.08007563046157254,-0.06547155371758318,-0.006907892888065796,-0.013018339634642091,-0.23899230720631617,0.0,-0.04528081234041033,0.011372783930698828,-0.030678816960843958,0.001110018369847497,-0.0011235112385869453,-0.0011248806421814788,0.0060461882617598665,0.0646911580751927,0.0400470560807801,-0.009397688793726293,0.0016155186739637306,0.0,-0.036945473381840024,0.008408639699599615,0.0,-0.018818253533979805
2025-03-26,-0.005104788492421682,0.017739947420849136,0.050939232572249284,-0.13157728815080852,0.1816226095731647,-0.0501823721803934,-0.013018339634642091,0.25384224903765973,0.0,0.03201198524646925,0.07920270476337937,-0.060779491487761295,0.0023726233816322986,0.0022941834295964075,0.0023002900214885522,0.01348060343282464,0.05331746548887088,0.02283530331386918,0.00642882917880437,-0.00021840869417056035,0.0,-0.0348964369123939,0.004319531218314081,0.0,-0.0018145695221070922
2025-03-27,-0.006373852892623209,0.017739947420849136,0.05019003264028348,-0.1067913690761161,0.20673616782270376,-0.06106310592182988,0.005710082774957787,0.2800841389174357,0.0,0.03243165528761169,0.07449586041365887,0.058947906531006095,0.00506725757535093,-0.013619753751678438,0.0023002900214885522,0.01348060343282464,0.05358445056662883,0.02283530331386918,-0.0021697244830598044,-0.00021840869417056035,0.0,-0.034629451834635956,0.004911809273022095,0.0,-0.009238496782526407
2025-03-28,-0.002544093216830232,0.015402571358507056,0.0376637918923796,0.40405118182384514,0.18676130462204413,-0.01803654512770501,0.0018010706516200688,0.4009168144461579,0.0,0.03714409464123511,0.0231598785972476,0.02866749911871822,0.0031700804076298093,0.002155455560229972,0.014121563837034525,0.009443880343392998,0.05525666907717818,0.020664464819723893,-0.0010810049260785502,-0.0001977447159720303,0.0,-0.01136312254233232,-0.0004780142634622827,0.0,0.01546845553216752
2025-03-31,-0.005467723355532535,0.01684112791933584,0.0376637918923796,0.4112768195225432,0.1852800642851892,-0.015996869422765937,0.0018010706516200688,0.361111961412115,0.0,0.03610322231241745,0.016471481364943776,0.028988544918679124,0.003112206365652116,3.053703192723411e-05,0.014121563837034525,0.008628787735732724,0.059071897877285166,0.029374645280529847,0.0032971012650667916,-0.0001977447159720303,0.0,-0.01136312254233232,0.017102668606780003,0.0,0.02489621969410245
2025-04-01,-0.005467723355532535,0.017551148205618646,0.036712629592418625,0.4429857219184696,0.18564267740937615,-0.017854659650688845,0.0018010706516200688,0.3427787615051849,0.0,0.035637331575422246,0.021178325714664294,0.026017091883563572,-0.00010790385839864367,-0.0017544717552657062,0.017267266763559917,0.011682271790311286,0.06814373105610963,0.027564758248011988,-0.011406011437567332,-0.0001977447159720303,0.0,-0.006984304116370786,0.01811931058489385,0.0,0.012838973927302752
2025-04-02,-0.005443817068934415,0.017551148205618646,0.036712629592418625,0.43361890144294707,0.18458000828615853,-0.013375853675132643,0.0018010706516200688,0.37108813748747305,0.0,0.036505388676817296,0.015079700214697416,0.011957801306282309,-1.893292682613242e-05,0.0005352161855644283,0.019162171032576798,0.008008381080564932,0.06506964730561696,0.010843918597446213,0.0038017804187039862,-0.0001977447159720303,0.0,-0.008159293109339346,0.01770950639001405,0.0,0.015318486558415504
2025-04-03,0.0019222384536453974,-0.05311328498314742,0.036250768683528986,0.40220787395698726,0.15410064644430155,-0.015299784218252982,0.0008054289582181014,0.38652434857907736,0.0,0.031104181489149372,0.023180057137258955,-0.0011229612524870187,0.0044078980077932334,-0.0010763822175960539,0.0017917737959417784,0.05977595853215792,0.06569320609835491,0.02766121699935128,0.0032781890210697687,-0.0001977447159720303,0.0,-0.0037264778514364376,0.01862630923462498,0.0,0.006298885581390889
2025-04-04,0.0018880453675207778,-0.005766926571936374,0.0363347115665266,0.48349138461390095,0.1681606371180726,-0.01530386069849729,0.0018010706516200688,0.40278918221580123,0.0,0.027381891475557175,0.019102211882441406,0.006773388303535712,0.0015562067000951894,-0.0010763822175960539,-0.011877992505686358,0.061231183918268914,0.0656645196254742,0.025517187390524446,0.0032781890210697687,-0.0001977447159720303,0.0,-0.0037480404386637306,0.026659204139669407,0.0,0.009851908252487685
2025-04-07,0.0018880453675207778,-0.005766926571936374,0.0363347115665266,0.4893734606599621,0.167711457971047,-0.01530386069849729,0.0018010706516200688,0.39978293104269486,0.0,0.027381891475557175,0.011121457900235818,0.007008805782884952,0.0015562067000951894,-0.003655960867460812,-0.011877992505686358,0.061231183918268914,0.0656645196254742,0.030968950788896055,0.004380566129002869,-0.0001977447159720303,0.0,-0.0037480404386637306,0.028003333060156597,0.0,0.009851908252487685
2025-04-08,0.0018880453675207778,-0.005766926571936374,0.0363347115665266,0.5232676722283505,0.16150174362468847,-0.015179487725917283,0.0008054289582181014,0.39299017274363257,0.0,0.036284440361671,0.011121457900235818,-0.016144362890162356,0.0015728424908874996,-0.0010763822175960539,-0.011877992505686358,0.061231183918268914,0.0656645196254742,0.030968950788896055,0.0032781890210697687,-0.0001977447159720303,0.0,-0.0036236674660837217,0.020615272339640556,0.0,0.009851908252487685
2025-04-09,0.0020225671809569697,-0.007180483898452208,0.0363347115665266,0.5653240941056442,0.17037670747909714,-0.01530386069849729,-0.01563072029798845,0.38162438364308093,0.0,0.03588497234187414,0.011360325349838267,0.00020978913883643271,0.0015251098105003719,0.01031450094237483,0.003230447448802837,0.023585224416521663,0.0659627962429789,0.02315070466048641,0.004491489648336969,0.0003860730168977736,0.0,-0.008814946369377099,0.006313059779455541,0.0,0.00834302958631941
2025-04-10,-0.0023411991729502704,-0.005987948520517497,0.030939836474970353,0.4668068940094284,0.19083479953732563,0.003505745308445379,-0.01563072029798845,0.44191865364439126,0.0,0.041660751181949895,0.021755660362804786,0.0022255022424449776,0.0034567395778998112,0.0006018734243287241,0.002009316210915583,0.05934845012768952,0.04503487408067745,0.01740595664295559,0.0032781890210697687,-0.0001977447159720303,0.0,-0.003929925915679894,-0.007528757716293803,0.0,0.00834302958631941
2025-04-11,-0.0025896951259058117,-0.007635408319275776,0.025953003303181014,0.5268609681615473,0.16778764296980025,0.003165964714672451,-0.006989972744535663,0.3949420811592217,0.0,0.04098792000978979,-0.05626169361180949,0.001508398291330253,0.004884265492685674,0.01031450094237483,0.030873823514861072,0.06111258846461221,0.04248860979604976,0.01756490571785701,0.01394238259162222,-0.0001977447159720303,0.0,-0.005125305773275897,-0.009279629706778703,0.0,0.009341100980466054
2025-04-14,0.0018076257834331695,-0.006630943978095046,0.02745394449317775,0.617252934549141,0.17421484503817714,-0.016018076123423996,-0.006989972744535663,0.36627064436821444,0.0,0.038740495609235905,-0.06935080323599838,4.547364586588726e-05,0.0047720910314673305,-0.0005687467702044061,0.0302926434069896,0.025236671684129925,0.03956657501180082,0.01973795532924942,-0.008134433458420085,-0.00011358596839983575,0.0,-0.01036726621878401,-0.009279629706778703,0.0,0.006861588349353297
2025-04-15,0.0012476654218907589,-0.04890197645109274,0.024686399306444676,0.4031233782060125,0.14706031571142228,-0.016035562230406978,-0.006989972744535663,0.3552783614651109,0.0,0.03370182760224464,-0.13046535081388191,0.0006286488043168089,0.01611823956475105,-0.002441580385896272,0.028952455053584094,0.06207600213900562,0.04745092979932365,0.01973795532924942,-0.008134433458420085,-0.00011358596839983575,0.0,-0.005125305773275897,-0.009217605906705303,0.0,0.005313424455314076
2025-04-16,0.0020225671809569697,-0.009265155210934593,0.036732393351286294,0.47017239883066536,0.1638176220542502,-0.015406088572814992,-0.006989972744535663,0.39863167227263885,0.0,0.039970013514533644,0.006030012360994934,-0.0032375867132020306,-0.10097004038720896,0.002608843505887474,0.002009316210915583,0.06628092115254955,0.05245159190090004,0.025714386408318406,-0.011611145452848956,-0.0001977447159720303,0.0,-0.0037264778514364376,-0.007524493889878638,0.0,0.005863516955206654
2025-04-17,-0.004866292266935087,-0.052787002649156034,0.016570535080036638,0.37995000479779983,0.14562917023538977,0.003716062726299605,-0.006989972744535663,0.31280980311685036,0.0,-0.08389392893120114,-0.031443326889447204,-0.014166928252544434,-0.0816500893173698,-0.0005687467702044061,0.018158058806459362,-0.04200739725981795,0.06378148680933107,0.02848284935241845,-0.0015923856430207321,-0.00011358596839983575,0.0,-0.010084183998233968,-0.014687805086111028,0.0,0.0039719082316439355
2025-04-21,-0.0017738261345705655,-0.014743270219509545,0.033380869222928565,0.49022920270870696,0.1953545617562636,0.0043741380140214815,-0.006989972744535663,0.3884203774198969,0.0,0.040754345467370424,0.023622331059938488,-0.018182696256860968,-0.10230886100289711,0.002608843505887474,0.003230447448802837,0.010463080547437645,0.048465368594120206,0.02173538712803248,-0.0008793890212929379,-0.00021840869417056035,0.0,-0.008500195012901224,-0.007524493889878638,0.0,-0.006239097166546325
2025-04-22,-0.000723731066310685,-0.014743270219509545,0.033380869222928565,0.48798818531483107,0.19330694604817864,0.003133738051274744,-0.01563072029798845,0.38525602460114855,0.0,0.040754345467370424,0.019695432005269072,-0.0035696214070590625,-0.10121841449632477,0.009850625782014602,0.003230447448802837,0.010463080547437645,0.05071133620657781,0.02173538712803248,-0.002247857155278883,-0.00021840869417056035,0.0,-0.00870364307714468,-0.010932911513289621,0.0,-0.006239097166546325
2025-04-23,-0.001078454720159761,-0.05204870029528838,0.02267085173261396,0.4267667834411503,0.16083044261015222,0.003128324285467856,-0.01563072029798845,0.34664058351912885,0.0,0.0343465830270917,-0.03637731136988087,0.014000129059093277,-0.08181264406179865,0.005388895609260882,0.016107932337059316,0.011684656176353033,0.05889336782058009,0.019331615053306474,-0.0053914842860623745,0.001029668414146992,0.0,-0.010277525513778883,-0.013403764562632947,0.0,-0.008947181869999208
2025-04-24,-0.0016462800189591005,-0.05062941253115585,0.029845700233136777,0.40316516320536794,0.1586085621972024,0.0025942460541319885,-0.01563072029798845,0.32251347752022497,0.0,0.035026984733764775,-0.09062499141411375,0.013624472845433128,-0.03218873904838755,0.008024813001544711,0.010770215188124935,0.010309994155333025,0.058408942961680435,0.011901258253172618,-0.0009299958002857783,0.0002217630811615843,0.0,-0.010277525513778883,-0.014711039871741258,0.0,-0.01128891441443621
2025-04-25,0.001917654836332361,-0.05436571250355363,0.03696390884476861,0.4225389082039764,0.16212945594596181,-0.016651424932073,-0.01563072029798845,0.361418860711876,0.0,0.03808270260013801,0.028430088829371616,0.01738567631832394,-0.0950895753926588,-0.0023945595506742853,0.015743327489836503,0.012284325449290983,0.048267119652080796,0.012551327960104502,-0.007819426711381305,0.000426416974332999,0.0,-0.010570714283027466,-0.014711039871741258,0.0,0.007037123424852229
2025-04-28,-0.006119646359304337,-0.05437050732749949,0.03696390884476861,0.44731235742589276,0.15742934481788173,-0.018911250023909643,-0.006989972744535663,0.34605569855993085,0.0,0.0385583750537931,0.03334643137508866,-0.00506341789932976,-0.0950006044610863,-0.0027371558307045935,0.015743327489836503,0.00973267346541376,0.04791398283232155,0.012941211528147815,-0.001692389919675795,0.000426416974332999,0.0,-0.010570714283027466,-0.01388317513751069,0.0,0.016858829317324433
2025-04-29,0.004521039879183386,-0.05437050732749949,0.02526078336506795,0.4294437340669736,0.1571760058416006,-0.020426772147551366,-0.01563072029798845,0.35380123425954557,0.0,0.042869820471551974,0.03334643137508866,0.019670668145517003,-0.0950006044610863,-0.0023945595506742853,0.015743327489836503,0.01301839749086539,0.053325688363596295,0.012014018536318718,-0.008100475619688598,0.000426416974332999,0.0,-0.010570714283027466,-0.014711039871741258,0.0,0.008531550997927207
2025-04-30,0.00438615068762932,-0.05437050732749949,0.02526078336506795,0.4862090834292169,0.1429703671905931,-0.015184979396159433,-0.01563072029798845,0.34801844842136104,0.0,0.04590242755023769,0.005558173379208261,0.019670668145517003,-0.09496950757149147,-0.00426739316636615,-0.0032660930904180123,0.013812559991700524,0.06058362171569018,0.008892426816098337,-0.010739116135784594,0.001029668414146992,0.0,-0.010570714283027466,-0.01388317513751069,0.0,0.008531550997927207
2025-05-01,0.003587736121818301,0.020830893357970285,0.023847760156217333,0.5814460828782646,0.1730980379420539,-0.012108158928979618,-0.006989972744535663,0.3396221365877778,0.0,0.05020723156189764,0.012644919481039523,-0.01263526192150787,0.0045089010233179735,-0.0008643222150127276,-0.0032660930904180123,0.01272474280891695,0.06106081838859784,0.011489414996727915,-0.001692389919675795,0.000426416974332999,0.0,-0.01070427819711958,-0.0119837898563903,0.0,0.005984249706101082
2025-05-02,0.0032881131961190247,0.020841984671873683,0.009787786029185586,0.3778256581266157,0.20113234509373534,-0.019124509628876223,-0.01563072029798845,0.36934905381407046,0.0,-0.11381154463785426,0.045329132266895764,0.020955211990820025,0.0007327894853516404,0.0005932810586218807,-0.029978833894167972,0.006411246056426537,-0.05137575433370839,-0.005175169940794553,-0.005154846571606052,0.00021331788095160285,0.0,-0.01138618880827961,-0.008423641627598136,0.0,0.0049740225441636384
2025-05-05,0.0026420288019772804,-0.008450085029976337,0.014667116927861405,0.3891448837825228,0.18917586118590113,-0.01794572351295977,-0.006989972744535663,0.374183766754124,0.0,-0.02413983324347751,-0.040929322310428215,-0.015927850118899488,0.015542242853015099,0.0025972224636805355,-0.03436029425049548,0.007840536109528697,-0.05002977549826288,0.0008160645130288606,-0.004987152346792255,-0.00021840869417056035,0.0,-0.008397702923676578,-0.0052000492417155625,0.0,0.006533536354452056
2025-05-06,0.004422074159803197,0.004300297249927673,0.023847760156217333,0.375033859596563,0.19683754115133578,-0.02098634903364931,-0.01563072029798845,0.4317849951351329,0.0,0.0395386789558806,0.03110066781885362,0.028395372011146437,-0.07788977877686819,0.011117467679347131,-0.0019445322607876145,0.008549322060923374,-0.04910050893310181,0.01393752241426137,-0.004211459165005957,-0.00021840869417056035,0.0,-0.007297124804907626,-0.00921545564305799,0.0,0.0062282539346630176
2025-05-07,-0.004310514587964206,-0.008450085029976337,0.02637024240756207,0.36651372757266226,0.19072175729118146,-0.02093609681751698,-0.01563072029798845,0.388797992536941,0.0,-0.008471421218520209,-0.040929322310428215,0.02141051285744946,0.015346731100021724,-0.0026485454568837027,-0.03436029425049548,0.011835046086375004,-0.050295145495206535,0.0007293542586401068,-0.01263336646520382,-0.00021840869417056035,0.0,-0.008145719297083864,-0.007157475962640129,0.0,0.006668659486877562
2025-05-08,-0.005625099652970708,0.003380836465160632,0.020219804575523557,0.3316233786562527,0.1932104899365872,-0.019409173359454874,-0.006989972744535663,0.36622278867297664,0.0,-0.013168712843797217,-0.13512834161874437,-0.0017100941162518984,0.015138235089043479,-0.0009231463975304309,-0.0392798093827916,0.010969676898404694,-0.05058061785548257,-0.005321239963554919,-0.00498912309982388,-0.00018820981250914818,0.0,-0.008020679921074312,0.00021989016306747368,0.0,0.0055608258275028815
2025-05-09,0.004963353200520648,-0.009892412531473129,0.017104040979940414,0.30357207431271716,0.20951859109126955,0.004433771028651676,0.0018010706516200688,0.4319015369110841,0.0,-0.0232925538704408,0.04648127937585338,0.027724266777743835,7.84052327381077e-05,-0.0038502677983910895,0.009716267937553093,0.006624373421965983,-0.04911975464546289,-0.0051430952919388016,-0.01156786308340541,-0.00010926037804838186,0.0,-0.010205085139997204,-0.0002932209905794554,0.0,0.008941710114396678
2025-05-12,0.022088846123815897,0.010263037875784703,0.02468953274416411,-0.16648526038621772,-0.06810943068842637,-0.028775695596463664,-0.013018339634642091,0.2584053657147915,0.0,0.031567017571871386,-0.12338823914529626,-0.04371723188871374,0.004007618975899864,0.046204963351583146,-0.012569815955366654,0.001553363548013077,-0.03511753956464546,-0.010531604880227662,0.010703857988996235,0.0013116248946497156,0.0,-0.0416387050223564,0.008622512595951494,0.0,0.00740250799281157
2025-05-13,-0.009622923633275764,0.017805490835733913,0.010175227089702385,-0.07708762970534537,0.09289105422213112,-0.011653170869483358,-0.013018339634642091,-0.11281204498031273,0.0,0.03086180943186327,-0.0466142029808959,-0.09845858056919882,0.01014672619992248,-0.0016785411541473273,0.026276997867919993,-0.011666000526197281,-0.0402795676462278,0.01253428639529359,0.009995006115045281,0.00036745725299405123,0.0,-0.07076376749016255,0.00932276705551129,0.0,0.009539673693922182
2025-05-14,-0.009622923633275764,0.017805490835733913,0.010746016267010758,-0.07204081899462454,0.09811974328732037,-0.01292095042551287,-0.013018339634642091,-0.10962731722343232,0.0,0.03884731971637716,-0.049661472048597194,-0.11098914153231283,0.011694535525246276,-0.0016785411541473273,0.026276997867919993,-0.011666000526197281,-0.03963625177475272,-0.0016179232712665867,0.009995006115045281,0.00036745725299405123,0.0,-0.06502764193256264,0.012489901252684978,0.0,0.009958994090008302
2025-05-15,-0.010550365138615838,0.012753068000534152,0.004987787921501199,-0.05202289275340598,0.0960885196093908,-0.014289031815695767,0.0012616493869080981,-0.033077051328098496,0.0,-0.16134222018853936,-0.04620753391279552,0.058898532889738786,0.004024487282195299,-0.0009682858719796977,0.02647660037686523,-0.02190001322069238,-0.09495670154515834,-0.00018542993719997236,0.007179700089727806,0.00036745725299405123,0.0,-0.038926018515995975,0.0188449282301775,0.0,0.006589012403708106
2025-05-16,-0.011560349364954293,0.007630985574236964,0.004987787921501199,-0.06443268788544805,0.08845278213799519,-0.015179245995560512,0.0006199063168634703,-0.0779400672522158,0.0,-0.14346282920615958,-0.04620753391279552,0.02693964567175835,0.004024487282195299,0.0026541466080141824,0.02775925292305925,-0.03048072995954341,-0.10192214361320037,0.002449188724756926,0.0018449067965207436,0.00036745725299405123,0.0,-0.014859408517915411,0.06594403580874093,0.0,-0.00014372555351684714
2025-05-19,-0.024842468105459137,0.00882104438265227,0.014066246765297776,-0.08624180990891685,0.119773276924327,-0.01601683355574109,0.00061990631686347,-0.08298923447743994,0.0,-0.02722719966304959,0.024735924259577064,-0.04728992076017682,-0.02320606038190029,0.0028823680714584435,-0.002006128264264705,-0.029771735437614535,-0.10721230163380452,0.002994841532652006,-0.0004778097919941002,0.00036745725299405123,0.0,-0.015766388977333456,0.034543772794198215,0.0,-0.10977326512754922
2025-05-20,0.0003755022190855056,0.005479452481559241,-0.006727907481486871,-0.07685815954322109,0.1120812459143832,-0.01689617888602012,0.0012616493869080981,-0.1281708195248062,0.0,-0.0762015232812547,0.022073161109749325,-0.03037386905238978,0.00906517732049179,-0.002417821218797296,-0.002024417965447603,-0.029254361237798447,-0.09845484911426916,5.171446098804456e-05,0.00323740072981537,-0.00018820981250914818,0.0,-0.014280681834161896,0.020810571019195975,0.0,-0.0804255343041165
2025-05-21,0.0027978264119587416,0.013152984170867025,0.018960515260700035,0.3841870452597558,0.173761141490767,-0.018806166294188596,0.0008054289582181014,0.356047451832635,0.0,-0.12404506565709267,0.055393419986527206,-0.016131292947673126,-0.0008882627272881497,0.0012110627108575373,0.01771907269458755,-0.0043989564382642945,-0.04973378240416358,0.003318519566725664,0.0010960966096630151,-0.00018820981250914818,0.0,-0.016180769710682948,0.004163297828797302,0.0,-0.11379514042531262
2025-05-22,0.0018181028197854403,0.009811392269773999,0.008807301978257723,0.3821379844170607,0.1637093918830942,-0.021086417145629387,0.0018010706516200688,0.3635322037439342,0.0,-0.1729042094223156,0.054827287263408596,0.00707196264589115,0.004824152038467173,-0.0013685159390072123,0.015824168425570665,-0.0014619190073167248,-0.031053857167492843,0.006353645546396261,0.002198473717596115,-0.00018820981250914818,0.0,-0.013474417029603997,-0.005943640208817586,0.0,-0.07288941848128953
2025-05-23,0.0027150016635816153,0.014745324915703526,0.008807301978257723,0.41393643587875384,0.19788654774229222,-0.020962044173049376,0.0008054289582181014,0.3723190484175656,0.0,-0.10695771056140742,0.043818793996837774,-0.016081206027156153,0.00029474996954458683,0.0012110627108575373,0.015824168425570665,-0.0018124252652674602,-0.04888344691674071,0.005552184836410237,0.0010960966096630151,-0.00018820981250914818,0.0,-0.010261798365536742,-0.003430107822158773,0.0,-0.027643601364565364
2025-05-27,-0.008649326886007055,0.008503139908088812,0.02504137182532298,-0.09566472199936023,0.16634409843506218,-0.014701257668831158,0.005710082774957787,-0.04714147758814555,0.0,0.03715976404005891,0.025117027287009795,-0.017915619852608047,0.012999987738937567,0.012029732892767923,-0.007736693386097908,-0.010847703284259753,-0.0696662010243857,0.013521434664118452,0.007913228175733396,-0.00018820981250914818,0.0,-0.050272171570262404,-0.0046061988317159675,0.0,-0.049763504174476704
2025-05-28,-0.008649326886007055,0.011242346981420117,0.02504137182532298,-0.06819672352870663,0.18682948238374428,-0.014701257668831158,0.005710082774957787,-0.026969415840129435,0.0,0.03715976404005891,0.025117027287009795,0.0899034192389128,0.012999987738937567,0.00714023011846792,0.021712431950780427,0.06879878740263852,-0.04462547952970782,0.07673876516788032,-0.012543524102466555,-0.00010150641573527092,0.0,-0.046497375675427687,0.007959907717913363,0.0,-0.049434209982976395
2025-05-29,-0.007019987270071598,0.011942988856832246,0.021427028151280624,-0.07545193310750864,0.18536948989769442,-0.014328294454914174,0.005710082774957787,-0.025397066047853335,0.0,-0.019835065593050517,0.02652589379989717,0.08265179815825047,-0.0017750770914540567,-0.0019040855936100335,-0.010449148957379813,0.07051631394295307,-0.04638919890508153,0.07415056898744966,0.001563111698750372,-0.00018820981250914818,0.0,-0.020563062926561522,0.006985682675430669,0.0,-0.011967335533006973
2025-05-30,-0.009577751172649767,0.002920083048501826,0.01914422116376337,-0.06241429072575301,0.15411729479084554,-0.015218508634778919,0.0012616493869080981,-0.07693116516999672,0.0,-0.11987978969150816,0.029513424492296027,0.01957001187822526,0.0008676283063865028,-0.001917525867311399,-0.003720663803671266,0.11678262130245497,-0.0205358123773755,0.13804684054079208,0.0006867314391943881,-0.00010150641573527092,0.0,-0.00826454404188083,-0.00999844895760971,0.0,0.02291003244917225
2025-06-02,-0.007201207505100126,0.009101138670460838,0.022089943684592578,-0.04720408576134879,0.17917060103836216,-0.016705802172009718,0.0012616493869080981,-0.11968671620047565,0.0,0.027772338729187013,0.02841416671063515,0.021493097712235447,-0.002243927848250503,0.0002085807468592031,-0.00376188002488387,0.12049511743137781,-0.011588664922353786,0.1370517462456909,0.008874313032356135,0.0001981791926260052,0.0,-0.015801172300448734,-0.006890955436210832,0.0,0.07123607496724023
2025-06-03,0.0006811710355561883,0.012540987619204271,0.007441095684062703,-0.06000093656526716,0.17108318604155573,-0.01636971654126262,0.0012616493869080981,-0.09619836277680005,0.0,-0.008344450544059887,0.028101384682759353,0.031098541708900095,-0.0022343914453328904,0.0002085807468592031,-0.00039350206998895956,0.1205081169639521,-0.023323513810739334,0.1348572844823875,0.005380871192286882,0.0001981791926260052,0.0,-0.015728241576228992,-0.016474795137996018,0.0,0.00207418275045259
2025-06-04,-0.019742503747013695,0.0029240818679664355,0.007142225332859075,-0.058419608798587694,0.12367189500928957,-0.01617523126605566,0.0012616493869080981,-0.09823520064634837,0.0,-0.10766884944472965,0.02887460957611382,-0.02034196996671399,0.0008676283063865028,-0.0022466600525522266,-0.003702374102488369,0.11883711042912808,-0.03335136582558846,0.13340461908430382,-0.005147082875973942,-0.00018820981250914818,0.0,-0.008754318262680402,-0.017502379634385314,0.0,-0.0019437482127877992
2025-06-05,0.0006811710355561883,0.009109057878877365,0.005925377229928519,-0.06708397609722314,0.15088267933477884,-0.01636971654126262,0.0012616493869080981,-0.13145329814783974,0.0,-0.008098680525542527,0.02728427353720515,-0.019874677948137135,-0.0009362041221571566,0.000213525037157523,-0.00039350206998895956,-0.025320145003632936,-0.06862549470522275,0.01679273782020627,0.000283018191766309,-0.00018820981250914818,0.0,-0.015728241576228992,-0.014168964656323654,0.0,0.007417219629285384
2025-06-06,-0.0007924078387316786,0.001235850851442074,0.0021565069907194044,-0.07314584892993192,0.07838809089626561,-0.01656780107340596,0.0012616493869080981,-0.24770250796146093,0.0,-0.1205956246957321,-0.025373635318580664,0.023577457032069614,-0.0009138825936578693,-0.00015337033353189755,-0.0041128333690572715,-0.03142578953293324,-0.065180035620313,0.012781563321779614,0.005408735903096557,0.00036745725299405123,0.0,-0.008725193836870433,-0.03445097027304569,0.0,0.0032133819070189777
2025-06-09,0.0001637861199814953,0.0029240818679664355,0.005925377229928519,-0.06490984689316466,0.13175194655230588,-0.01636971654126262,0.0012616493869080981,-0.14033107163565886,0.0,-0.11416248448447919,0.02740346857773141,0.044717123454052654,0.0021753520324798493,-0.0013237765200366204,-0.003720663803671266,-0.032407682555642005,-0.06446598966420439,0.008517500597814158,-0.001658091689326879,0.00021331788095160285,0.0,-0.008754318262680402,-0.03447431553449698,0.0,-0.005323052282520009
2025-06-10,0.004906691199308891,-0.014280968253022332,-0.005169177353912221,-0.06555747805539215,0.12204404118696366,-0.017112089100770847,0.0012616493869080981,-0.14162169391608737,0.0,-0.094744759026098,0.021007174016838135,0.04828401036577818,0.002680081604452683,-0.00015337033353189755,-0.003720663803671266,-0.03134612896582594,-0.06407188961866976,0.012781563321779614,0.005408735903096557,0.00036745725299405123,0.0,-0.007380865158091321,-0.03446896355474496,0.0,-0.0004730608296665789
2025-06-11,0.004906691199308891,-0.014280968253022332,-0.005169177353912221,-0.07581653527447903,0.12886731914994154,-0.017112089100770847,0.0012616493869080981,-0.14461271809414497,0.0,-0.09492974793205214,0.021007174016838135,0.049600884364337176,0.002680081604452683,0.0017795174666047115,-0.00039350206998895956,-0.031488340886460346,-0.05885266876769985,0.016526626882484394,-0.002078175518943915,-0.00018820981250914818,0.0,-0.006891090937291749,-0.03317094988243206,0.0,-0.0004730608296665789
2025-06-12,0.004913072465211431,-0.014280968253022332,-0.005169177353912221,-0.07738516732431798,0.12871079717728637,-0.017112089100770847,0.0012616493869080981,-0.11918470394736187,0.0,-0.0870440455415984,0.021007174016838135,-0.01728791716896978,0.003518160234685688,-0.00012055343838162792,-0.003720663803671266,-0.030479055503969375,-0.07552252887043888,0.013168631108323151,-0.004294528330132071,0.00036745725299405123,0.0,-0.006891090937291749,-0.01778722451758669,0.0,0.007388556693963824
2025-06-13,0.007739516229771095,-0.010495062624184716,-0.0022349731382335196,0.3549463712998643,0.20179372601927711,-0.01381599278614024,0.0018010706516200688,0.2950265059575217,0.0,-0.11361336629009075,-0.02184978011151396,0.012013384637897591,0.002029994016125667,0.0006018734243287241,0.009742595991743316,0.0015797083081130357,-0.008699746302767708,0.003975705479192566,0.0018791057597767494,-0.00018820981250914818,0.0,-0.005445264750111094,-0.00822222775070021,0.0,0.015093882278538156
2025-06-16,0.005757814935872305,0.0005270288244678676,-0.0010241484828089724,-0.09945231794385964,0.17689183111257156,-0.011391290715070803,0.005710082774957787,-0.09321943971104445,0.0,-0.04847582222199425,0.017777934154729322,0.02933055496723539,-0.0023412165106244933,-0.0011580673889560042,-0.007121987223697507,-0.0017115035932868533,0.02239238294162336,0.024548355539017186,0.020978441947633902,-0.00018820981250914818,0.0,-0.019300211316888336,-0.012396500419234353,0.0,0.015541018435320861
2025-06-17,0.008433069959683492,-0.00982126423237729,-0.004152830796655327,0.4090905970218341,0.21148477198503143,-0.022524684505226402,0.0018010706516200688,0.3559973868384887,0.0,0.0560407201081156,-0.0005886376589114565,0.03368053528324774,-0.000729406668036891,0.0027853832319018716,0.020232317392310316,0.015627806613692938,0.022902362303375546,0.01627532720652348,0.003177417471708585,-0.00010150641573527092,0.0,-0.007014617531648414,-0.008849326089077637,0.0,0.02081296580543648
2025-06-18,0.008192434614992127,-0.00982126423237729,-0.004152830796655327,0.2927102265169251,0.2160758086062046,-0.026876956336576663,0.0018010706516200688,0.3492050907741429,0.0,-0.019777876267859037,0.04739458029551706,0.03189982826163021,-0.0007977414296255033,-0.002482384379173218,0.020232317392310316,0.011926951318795075,0.003400959432913069,0.014787580846555837,0.007419405387018919,-0.00010150641573527092,0.0,-0.007014617531648414,-0.009543475585949812,0.0,0.02081296580543648
2025-06-20,0.002315901743361609,-0.017451739850271885,-0.014193440911104966,0.3572861343445397,0.16936067775465033,-0.01684417892871141,0.0008054289582181014,0.3075920476032367,0.0,-0.20438504490622125,0.04601528532322147,-0.04396141337761939,0.00036952887828005653,-0.0019003370812267497,0.018621558537310654,0.019731088916323317,-0.045383559095243026,0.018426331905338853,0.0021308961933735604,-0.00018820981250914818,0.0,-0.0029640841263721294,-0.0014547889589037251,0.0,0.007670495987615608
2025-06-23,0.004685936929557463,-0.016678239422774722,-0.010804120618630033,0.26918994431626114,0.17177198820302236,-0.050077704017710355,0.0018010706516200688,0.26532434835915164,0.0,-0.19266212360613205,0.07579856655923405,0.02671795607232707,0.00018670957566887646,-0.0006683749459990588,0.009621234382668958,0.018674914430953107,-0.031366386398517715,0.019189165174870793,0.0016937945639589216,-0.00018820981250914818,0.0,-0.004757163199042599,0.006252532976551666,0.0,-0.023791139677599882
2025-06-24,0.0021191607702829435,0.0015412343068308624,-0.007065940372014942,-0.050064951857172885,0.13036772009288833,-0.014887806355495505,0.0012616493869080981,-0.1115193162115338,0.0,-0.1080424372144966,0.023234124211302474,0.05537111715187487,0.0009051319255845054,0.005791452942540159,-0.002024417965447603,-0.02977435695021242,-0.1028758447230965,-0.0022415301919475167,0.0037616787843802084,0.00036745725299405123,0.0,-0.006111420117934007,0.018325925291522,0.0,-0.0028437735758041548
2025-06-25,0.002315018768228308,0.0012775734230071438,-0.013811492999770986,-0.06553715586920562,0.09423524774264223,-0.016329138315008967,0.00061990631686347,-0.14569381307077894,0.0,-0.1800158653332706,0.02174417051112378,-0.0436320354627092,-0.0025346188923361687,0.0008830437382671812,0.0004550667731635353,-0.03118084583668583,-0.08792955402933025,-0.0019361193263611226,-0.00426988374007714,0.00036745725299405123,0.0,0.019845142572701435,0.017743865553361732,0.0,-0.012939556733945673
2025-06-26,0.002315018768228308,0.0012775734230071438,-0.014148160722373874,-0.06390251350488156,0.09420804218351017,-0.015484435168540273,0.00061990631686347,-0.1484092621688843,0.0,-0.18115626019318104,0.021067352963291,-0.04382241090305137,-0.0017532478982079987,0.0028823680714584435,0.0004550667731635353,-0.029462192123996207,-0.10298551327249234,0.0014533854456284414,0.0018574314349004122,0.00036745725299405123,0.0,0.019496374462569792,0.02376049738509991,0.0,-0.014960065482233364
2025-06-27,0.0005736659396168193,0.0007978520795919949,-0.007257237108806903,-0.06318993180909716,0.09019971983087079,-0.017492807699064885,0.00061990631686347,-0.23637298456997227,0.0,-0.12424705973133876,0.020950147526143534,-0.022723115883668005,-0.0028106325629488585,0.0028823680714584435,0.0004550667731635353,-0.031220741141055247,-0.10409365927413558,0.002829394884281101,0.003375046600114394,0.00036745725299405123,0.0,0.020313694666935746,0.06536191779747991,0.0,0.0046428882565537335
2025-06-30,0.005102549197254255,0.001275774210686215,-0.009167809175670665,-0.06213705200744476,0.11029953457030488,-0.017492807699064885,0.00061990631686347,-0.14192227667282847,0.0,-0.16372561584972223,0.021067352963291,-0.04580157358700893,-0.0017532478982079987,0.0028823680714584435,0.0004550667731635353,-0.030116120190156224,-0.09179586938888928,0.0020403404277483652,0.00350448855361676,0.00036745725299405123,0.0,0.020300271491866206,0.06866930214592622,0.0,0.05643710189188312
2025-07-01,0.009415512033119997,0.001275774210686215,-0.008490991627837887,-0.062191639690398634,0.09910604126025507,-0.018337510845533575,0.0012616493869080981,-0.18043534346702628,0.0,-0.1719010516918934,0.02174417051112378,-0.029134619409682407,-0.0025346188923361687,-0.004548872123266225,0.0004550667731635353,-0.030258332110790626,-0.09282259913373632,-0.0006593849952779333,0.004484228859372026,-0.00018820981250914818,0.0,0.02064903960199785,0.023787029916703832,0.0,0.00560364242682088
2025-07-02,-0.014279421874421269,-0.01454462913684605,-0.008942360731554631,-0.06323632064081254,0.09285251455280052,-0.017911527989029993,0.0012616493869080981,-0.15632996774860738,0.0,-0.14112908818034128,0.0204976281151895,-0.030498491075891948,-0.0014679645464112994,-0.00012055343838162792,-0.0012228893638772307,-0.031176947962173147,-0.06987049502736618,-0.0010603532397983444,-0.005476928951344482,0.00036745725299405123,0.0,0.019629508698275542,0.004290817332235828,0.0,0.004647345748316696
2025-07-03,-0.010998661973406088,-0.01454462913684605,0.001147146701722908,-0.04852562047122321,0.10229111208793902,-0.01744958204984217,0.0012616493869080981,-0.11157021128894903,0.0,-0.14356313638209586,-0.020591824363367806,0.06230445595809594,-0.005185317324104939,-0.0013237765200366204,-0.001410449831794678,-0.03160543773059997,-0.06112320218081023,0.00886832091920575,-0.002840492310539289,0.00021331788095160285,0.0,0.019317705023390693,0.0008103113592631448,0.0,0.0038872711050587944
2025-07-07,0.0056489669121517865,0.0021775541713982957,0.0009216982576068753,-0.035358716329897344,0.13665688690129188,-0.016985350726481007,0.0012616493869080981,0.008752552815389163,0.0,-0.16065298425529223,-0.02338710853760664,0.07382628949615382,-0.005185317324104939,0.00714023011846792,0.007929307141285478,-0.02067367528520997,-0.07430006513747335,0.010898733225734718,-0.007318849155218392,-0.00018820981250914818,0.0,0.06551920531434012,0.003530758579000966,0.0,0.011040180064492353
2025-07-08,0.004679313222285945,0.001275774210686215,0.0009216982576068753,-0.05411949430163728,0.10220970792039245,-0.017875564906345752,0.0006199063168634703,-0.10986518998232614,0.0,-0.16869202950465864,-0.021105969885698034,0.039868023205393795,-0.005185317324104939,-0.002446747425118837,0.005153724046928337,-0.03039413365104732,-0.05127743042257465,0.013723404218111737,-0.0042693130401016575,-0.00018820981250914818,0.0,0.020337235927112993,0.0021083250315760316,0.0,0.00389123675808459
2025-07-09,0.00019434854950105957,-0.015024350480261201,-0.0069916203453014225,-0.03359089651355181,0.06226451488554291,-0.017677480374202414,0.0006199063168634703,-0.24616025814546288,0.0,-0.12389562783626526,0.020949430374916603,0.01745842883784367,-0.0034734033789917853,-0.0003206408109482348,-0.0012411790650601285,-0.03199375697267415,-0.05360864226946723,0.01353335188769162,-0.0035208159971630067,-0.00018820981250914818,0.0,0.019331128198460234,0.00082097002751096,0.0,0.0028635421217960014
2025-07-10,-0.0009481788882518653,-0.015024350480261201,-0.008871532632173617,-0.055911688305238544,0.0607508565888709,-0.015405987767581193,0.0006199063168634703,-0.2299567904782405,0.0,-0.12428484383970653,0.020949430374916603,-0.03731470177697869,-0.0034734033789917853,-0.0003206408109482348,0.0020859826686221786,-0.03198734659229644,-0.053393248673649286,0.013322435973591324,-0.004165255537198437,0.00036745725299405123,0.0,0.018941912195018958,-0.012561651923638817,0.0,0.002171916956352461
2025-07-11,0.004559379558450363,-0.01454462913684605,-0.007485528203473501,-0.0668799066489566,0.10432532072630923,-0.015405987767581193,0.0006199063168634703,-0.13067883699518096,0.0,-0.14804607420296906,0.021268399502582302,-0.007277476321171684,-0.003370964771958133,0.001223114784664435,0.0006097973880552886,-0.03131197760050083,-0.04970283630643701,0.013723404218111737,-0.003381339135349233,-0.00018820981250914818,0.0,0.018928489019949417,-0.00844567193649195,0.0,0.003448677897845303
2025-07-14,0.004723231807138495,-0.01454462913684605,-0.007485528203473501,-0.05209731349157229,0.11244227021894336,-0.013389450415462195,0.0006199063168634703,-0.12662424643400638,0.0,-0.1459740967606617,0.021683991564670914,0.03990779109467649,-0.003370964771958133,-0.0003206408109482348,0.0020859826686221786,-0.03152696955983654,-0.052298476965861006,0.0016868215177726063,-0.00110060913240908,-0.00010926037804838186,0.0,0.019807479244190258,0.0017139593488260869,0.0,0.003448677897845303
2025-07-15,-0.00021548115621066314,-0.01486005318784545,-0.015673796971994627,-0.05993486034126274,0.09323394619188197,-0.015405987767581193,0.0006199063168634703,-0.1149307785377625,0.0,-0.16211023373269756,0.021452296724086436,-0.08472891230528323,0.01831641159202439,-7.9171337886453e-05,0.0028491628983171226,0.11720505350437008,-0.018185849557007108,0.13870433455040426,0.0010255369814558565,-0.00018820981250914818,0.0,0.02779589259903503,-0.01750741995473653,0.0,0.0012508673191254601
2025-07-16,0.004559379558450363,-0.01454462913684605,-0.007568321269438547,-0.07727698167856147,0.11118481287477104,-0.011117957808840973,0.0006199063168634703,-0.12767036524007458,0.0,-0.14549228620920945,0.021268399502582302,0.0037252752585667653,-0.003370964771958133,-1.964071658505739e-05,0.0028491628983171226,-0.03177244535262701,-0.05780656466851104,0.009566916498842849,0.0017408492936175227,-0.00018820981250914818,0.0,0.019643676396431713,-0.01790178563748647,0.0,0.00409123736647742
2025-07-17,-0.0009430747127774403,-0.01515086823124437,-0.008954325698138662,-0.07084840855095681,0.0668044220304038,-0.011316042340984309,0.0006199063168634703,-0.2130958604557161,0.0,-0.12161205999087757,0.016713272364215243,-0.04265283425109505,-0.0034734033789917853,-1.964071658505739e-05,0.0028491628983171226,-0.03244781434442262,-0.05386543014301138,0.0058218529381380705,0.0029287046051792295,0.00036745725299405123,0.0,0.018941912195018958,-0.017891126969238655,0.0,0.0028144764249845777
2025-07-18,0.00019434854950105957,-0.015032269688677729,-0.007074413411266469,-0.05596763946174718,0.08117445289903288,-0.013389450415462195,0.0006199063168634703,-0.20085245063379986,0.0,-0.12489990594034117,0.020949430374916603,-0.001539760488059889,-0.0034734033789917853,-0.0021457473307556593,0.0020859826686221786,0.11733879606376399,-0.013992424907211075,0.1277452326975316,0.0024972658128171684,-0.00010150641573527092,0.0,0.019331128198460234,-0.032267035524724555,0.0,0.0032571635317341467
2025-07-21,0.002315018768228308,-0.01073413236152625,-0.013811492999770986,-0.06758370431008962,0.11194039590716039,-0.013389450415462195,0.0012616493869080981,-0.14198204430578878,0.0,-0.057822460269643446,0.02178877074966546,0.04560682847905919,-0.0035537840745693125,-0.0013237765200366204,0.0020859826686221786,-0.032550044908960914,-0.06352668461388727,0.006367505746033149,-0.002090715633917826,0.00036745725299405123,0.0,0.016615326145094353,-0.03359689115362069,0.0,-0.061534401617737045
2025-07-22,-0.01706695230344722,-0.01073413236152625,-0.013586044555654953,-0.06882422693693215,0.09271473946326511,-0.012522431347695163,0.00061990631686347,-0.1284797402207981,0.0,-0.052083832975914963,0.02266439936320097,-0.035786947921059,-0.003506796228391032,-0.0022466600525522266,-0.0012228893638772307,-0.03269302873152434,-0.07159654598011131,0.006367505746033149,-0.002540034216472307,0.00036745725299405123,0.0,0.016402115334957192,-0.01660725473205613,0.0,-0.061534401617737045
2025-07-23,-0.001372862688736161,-0.008294420818909286,-0.007195916521958355,-0.021166618772794105,0.006163296380020125,-0.01082599604164071,0.0012616493869080981,-0.2199449227385697,0.0,-0.059536539415422765,0.01835427101025037,0.0007196837634022999,-0.003544514393385303,0.0002085807468592031,-0.0018716190142448654,-0.040100956892216766,-0.06705218803536846,-0.001532772983805521,0.0010963522309355021,0.0013116248946497156,0.0,0.025591615412604726,-0.01296819074810565,0.0,-0.034641515148167545
2025-07-24,-4.654896303554131e-05,-0.012422363378050612,-0.0075360663471882436,-0.017716648725702177,0.06078848057175303,-0.012948414204198747,0.00061990631686347,-0.2505199082979214,0.0,-0.07243904345972879,0.021582817230335356,-0.014979883592248153,-0.0034975265472070227,-0.001917525867311399,-0.0012411790650601285,-0.03336762582139093,-0.061524236732547075,0.009711601062217513,-0.0004778097919941002,0.00036745725299405123,0.0,0.024059676321246906,-0.013717832661861029,0.0,-0.04893548768071927
2025-07-25,0.003404255810998509,-0.012020050517172939,-0.006981610051365558,-0.022413282996967286,0.08298319863613542,-0.017677480374202414,0.0012616493869080981,-0.28814625853976666,0.0,-0.09520303392852608,0.021582817230335356,0.00047935364944968106,-0.003544514393385303,-0.00012055343838162792,-0.0012411790650601285,-0.03189370342312238,-0.07509214767824143,0.01363262699526109,-0.00308748311886473,0.00036745725299405123,0.0,0.025096989115509213,-0.015937194845189743,0.0,-0.01160801808809942
2025-07-28,-0.0018526773074045196,-0.0146401351997674,-0.006850125785751943,-0.04680006667211905,0.08069047573001395,-0.009330541193277352,0.0006199063168634703,-0.24571839056244588,0.0,-0.13382921014053167,0.019033658293424727,-0.03049034248635475,0.017853516120626925,-0.002446747425118837,-0.0012411790650601285,-0.04219439898715814,-0.0680347601661776,0.008517916693692968,-0.0020612579902029786,-0.00018820981250914818,0.0,0.036192261095771235,-0.012619243133757865,0.0,-0.0063686552907520864
2025-07-29,-0.0008929692569034056,-0.014084457358954205,-0.017375376818586363,-0.041317253746971275,0.1357881017943623,-0.010639334600841278,0.0006199063168634703,-0.12765294526872625,0.0,-0.1206310589229538,0.019206559877561896,-0.07254083342723752,-0.013770663143223552,-0.0021457473307556593,-0.0012411790650601285,-0.03063199237809917,-0.059740646480917974,0.008563326149498162,0.0031090669086629853,-0.00018820981250914818,0.0,0.032702424420427464,-0.015508665203952965,0.0,0.008489877260543486
2025-07-30,-0.020473702926465363,-0.014084457358954205,-0.016070319733202554,-0.0721529787111506,0.08175526616143314,-0.010213351744337695,0.0006199063168634703,-0.12946879528555924,0.0,-0.12888036830987967,0.02047149535886111,-0.08086509267377724,-0.013770663143223552,-0.0021457473307556593,0.002663585826139159,-0.030774976200662604,-0.06862351862234588,0.011907421465682516,-0.0014923727481024236,-0.00018820981250914818,0.0,0.03616313666996127,-0.01264258839520916,0.0,0.008489877260543486
2025-07-31,-0.020473702926465363,-0.015537876174354393,-0.01749007819970022,-0.08897407124571334,0.10739916223766553,-0.011682946676560871,0.0006199063168634703,-0.05532263751765637,0.0,-0.1115282292180674,0.019883425893210967,-0.07982608893600471,-0.013815545113576874,-0.0010668384006202133,-0.0015329864205345942,0.1192208843807587,-0.037107755310245724,0.1236812410366772,-0.0022076850602640898,-0.00018820981250914818,0.0,0.032357929013680786,-0.0006493529563351254,0.0,-0.007146170854027115
2025-08-01,0.0028946739303600945,-0.012424173457000426,-0.0510818112981982,0.41488645357537923,0.14764755095144202,-0.01966411719622309,0.0008054289582181014,0.31222829915045897,0.0,-0.02794157347898813,-0.0157176801179837,-0.08851993345816087,0.006414113291112118,-0.00045771075734844297,0.017267266763559917,0.0020764622659436524,0.04379992345111476,0.0005542231959699676,-0.001005063778254457,-0.0001977447159720303,0.0,-0.014342872352335355,-0.00415005388383404,0.0,0.011286417419366328
2025-08-04,-0.02575936404921925,0.0018186151141845232,-0.01776272225237314,-0.047797584067538174,0.14472939902310744,-0.008401924660317585,0.005710082774957787,-0.05219222380427589,0.0,-0.03573974490320413,-0.00522327066246701,0.061095537030308546,0.014601529949582016,0.009909397228553003,0.021100416271030698,0.012060867003643646,-0.008220931090702972,-0.026495765909477047,0.003240260823624949,-0.00018820981250914818,0.0,-0.04100405702726299,-0.0007425016319623197,0.0,0.030278544874124357
2025-08-05,-0.025948733790285592,0.0018106959057679942,-0.022915169946327037,-0.029509184950776327,0.20074259470790562,-0.009447905004500622,0.005710082774957787,0.13614702523359942,0.0,0.05236456666684762,-0.004944142952020914,0.09781077923322865,0.014601529949582016,0.0043324112677272895,0.0138101937571082,0.02028578587544132,0.07792698329550686,-0.02266423030572528,0.026181706759214062,-0.00010150641573527092,0.0,-0.03534585816181491,-0.01813223489972236,0.0,0.023113839471097773
2025-08-06,-0.026604106519880124,7.809707069321812e-05,-0.018100755142901215,-0.07117364574345657,0.12499341751162256,-0.009167765867602325,0.00061990631686347,-0.06984970171885495,0.0,-0.10217172810676634,-0.005052060067893878,-0.04287977951955095,0.009007780146239534,0.010831102472225457,-0.023202202702384378,0.007122722258884037,0.0784967870766156,-0.026106515820237767,0.00676203123728197,0.0001981791926260052,0.0,-0.009936068751987295,-0.014636758298664595,0.0,-0.0020015798516392768
2025-08-07,-0.03050999777966334,7.809707069321812e-05,-0.01709529171853683,-0.068071878434982,0.1272731145064894,-0.009167765867602325,0.00061990631686347,-0.06899231533464292,0.0,-0.10691482271671264,-0.005156839252888424,-0.03111759552093876,0.009190599448850714,-0.013619525024605813,0.018857858131290723,0.007236491795391558,0.09132877171900952,-0.025992746283730245,0.016785623549740412,-0.00010150641573527092,0.0,-0.009936068751987295,-0.0010080986496368814,0.0,-0.0021772920734147586
2025-08-08,0.0003778079416714546,-0.0005123296103125772,-0.0030016363726046353,-0.020231428441742402,0.07158237270923408,-0.014887806355495505,0.0012616493869080981,-0.2694464903971777,0.0,-0.1106551257625181,0.02149289960202506,0.0034098326536809794,0.000985512621162033,0.0008830437382671812,-0.002024417965447603,0.013469944650474438,-0.07979403617093986,-0.03786262817905948,-0.004684344121332846,0.0001981791926260052,0.0,-0.006150324351542884,-0.0004269299971069792,0.0,0.0035184426534697827
2025-08-11,0.0037949299413883785,0.0077164918970043335,-0.006995362313378396,-0.05640006903059026,0.16595530273657072,-0.016799613624627202,0.0012616493869080981,-0.15271274779849048,0.0,0.0270368718265037,0.021983221217553202,0.05809911548464021,0.015872552461504916,-0.00443755019694098,0.0012615275470221,0.01692039191947262,-0.08770705727693674,-0.022892690008562804,-0.007958851165195627,-0.00010150641573527092,0.0,-0.03575538909582859,0.01721965539990912,0.0,0.003530501706281838
2025-08-12,-0.00048435012016023667,-0.00014879592201442763,-0.0027873299020118375,-0.06409196296383811,0.08426796120836429,-0.015471953867763517,0.0012616493869080981,-0.2658119248353403,0.0,-0.11066269794678077,0.02149289960202506,0.0013047284744231282,0.0009333486744011654,0.005824269837690427,-0.002024417965447603,-0.031842135221185335,-0.10353778171334467,-0.002787182999842596,-0.004294528330132071,0.00036745725299405123,0.0,-0.0067086730242875165,0.017584776452908478,0.0,0.003696756108946233
2025-08-13,-0.00048435012016023667,-0.00014879592201442763,-0.0027045368360467917,-0.07828262968942769,0.09603065839101814,-0.015471953867763517,0.0012616493869080981,-0.2768347194303792,0.0,-0.11051003088683374,0.02149289960202506,0.01748884704304405,0.0009333486744011654,0.0008830437382671812,-0.002024417965447603,-0.031381667469059155,-0.10024140748319531,-0.002597130669422479,-0.0050430253730707215,0.00036745725299405123,0.0,-0.006218898803487946,0.01741593784843827,0.0,0.0033997773862794022
2025-08-14,-0.00048435012016023667,-0.00014879592201442763,-0.0027045368360467917,-0.03477216201978907,0.09603065839101814,-0.014887806355495505,0.0012616493869080981,-0.27851389334178994,0.0,-0.11051003088683374,0.02149289960202506,0.027668672679032,0.000985512621162033,-0.006081229390162046,-0.002024417965447603,-0.031381667469059155,-0.09627401438748402,-0.002597130669422479,-0.0045937067905162405,0.00036745725299405123,0.0,-0.005660550130743313,0.012740082144402753,0.0,0.0033997773862794022
2025-08-15,-0.00048435012016023667,-0.00014879592201442763,-0.0027045368360467917,0.025575180235549444,0.15004942018975317,-0.014887806355495505,0.0012616493869080981,-0.2682875284589582,0.0,-0.09274212333494398,0.02149289960202506,0.014267695047414881,0.000985512621162033,-0.004548872123266225,-0.002024417965447603,-0.03138807784943686,-0.09521636021652087,-0.0023862147553221844,0.005666629480584437,-0.00018820981250914818,0.0,-0.005660550130743313,0.0586999827386421,0.0,0.004152811958955079
2025-08-18,3.303479541445629e-05,-0.03889767036440347,-0.0027045368360467917,-0.0286275801849429,0.11385346828458903,-0.014887806355495505,0.0012616493869080981,-0.28076798057224134,0.0,-0.023727732532540353,0.021486211628921045,0.008283930728547852,0.000985512621162033,-0.004878006308507053,-0.002024417965447603,-0.0003585190609655458,-0.09987079897787025,-0.028203790678088047,-0.0019783789682813655,-0.00010926037804838186,0.0,-0.010100079222237282,0.03087321015933152,0.0,0.005633428338660571
2025-08-19,-0.0259788511469962,0.006036180088896502,-0.0029907961268763024,0.030630507092377336,0.1644486705246805,-0.01494132263090378,0.0012616493869080981,-0.2966102692542682,0.0,0.03799091389031141,0.02085901906798835,0.04610744689321251,0.013542276515571997,-0.0008518287893501077,-0.004036839346073184,0.00400707828105718,-0.0823584594398517,-0.0237642634127642,0.007179532514958621,-0.00018820981250914818,0.0,-0.035726264670018625,0.02715769068294658,0.0,0.009048258182147714
2025-08-20,-0.02449876437584194,-0.03844154747759517,-0.0031380232813749465,0.04183123951692444,0.16645575739468502,-0.016268982948551818,0.0012616493869080981,-0.27358213963587713,0.0,0.016266790717485782,0.020971526135410597,0.044735986791221566,0.015191264144633941,-0.004946898657121965,0.0013918835635869267,0.0014791071101176538,0.07341924046421301,-0.008074789516334805,-0.018409910749767087,-0.00018820981250914818,0.0,-0.03828776967870896,0.017506082040478925,0.0,0.009520549923522179
2025-08-21,0.009250517373031116,-0.03676440777497421,-0.004495669468293633,-0.052375868077805136,0.16009853246088737,-0.016279248692888444,0.0006199063168634703,-0.07208769056439132,0.0,0.03016035604574603,0.021015956316877922,0.03767171768202664,0.031208463620426178,-0.0014443069247550373,0.0013918835635869267,0.011900671415866485,0.07789020138127023,0.001742849974834041,0.007803957020766877,-0.0005273911389533369,0.0,-0.0312936129740176,-0.006534971275027375,0.0,0.0033160964760532725
2025-08-22,-0.004385137204469028,-0.0005312119901872961,-0.0027873299020118375,-0.06655934017468129,0.07171469157790229,-0.016846757512918063,0.0012616493869080981,-0.23771245122684004,0.0,-0.15396056053033935,0.021077307539936453,0.02025747502357932,0.0009333486744011654,0.013546008891757718,0.002693695364736483,0.001703279757669936,0.06313938208814468,-0.010080901062047523,-0.004510468202349485,0.00036745725299405123,0.0,-0.006697972566817881,-0.05037811613348805,0.0,0.005542414651750338
2025-08-25,-0.005005352107121389,-0.0001469967096934987,-0.0050613859451725425,-0.011983166836403922,0.1080779986975462,-0.011974580041909832,0.0012616493869080981,-0.26141405142609647,0.0,-0.10289380298174688,0.021122624929705066,0.03790324341918816,0.0009144016067685157,0.00417589395185882,-0.004551245664052579,0.0007678751395380407,0.07437632949126478,-0.02038646675463163,0.015325647345900377,-0.00010926037804838186,0.0,-0.006082295692124041,-0.017621719202805572,0.0,-0.007452878531016911
2025-08-26,-0.0011045650228125971,-0.0001469967096934987,-0.0027395372298526237,-0.06897259469496546,0.10661697359383598,-0.012558727554177843,0.0012616493869080981,-0.24135333077403945,0.0,-0.10536389502730968,0.021538216991793674,0.01943899882383528,0.0008622376600076481,-0.0017895627636518845,-0.00039350206998895956,0.013517542949226772,0.05798851875335611,-0.03140844428944475,0.01187285722709393,-0.00010926037804838186,0.0,-0.006640644364868674,-0.02010645331567134,0.0,-0.007452878531016911
2025-08-27,-0.0011045650228125971,-0.00015279474147903747,-0.0050613859451725425,-0.027919807311500636,0.08950285136497815,-0.012642173665014462,0.0012616493869080981,-0.2751487272628315,0.0,-0.10873353085526398,0.021538216991793674,0.03379191990358225,0.0009144016067685157,-0.0013237765200366204,-0.003720663803671266,0.013861685197576894,-0.06422330388998443,-0.036589253925798426,0.001794103651525332,0.0001365234438090258,0.0,-0.00559252147132447,-0.0058658890544520705,0.0,-0.008126866002012114
2025-08-28,-0.0011045650228125971,-0.0005294127778663671,-0.005329384651278605,-0.0658324175566996,0.07252211168035112,-0.013790888558878845,0.0012616493869080981,-0.2326427563899608,0.0,-0.1429940655862963,0.02127021828568761,-0.0006192115967827825,0.0024611952595946433,-0.00012055343838162792,-0.003720663803671266,0.01598803048438421,-0.05301069928334414,-0.03266741404963967,-0.0025596083006168414,0.00036745725299405123,0.0,-0.007194511288995412,-0.012494348810310012,0.0,-0.00942767719831667
2025-08-29,0.00038291211714587965,-0.0005352108096519058,-0.0032672531361101166,0.027459143380691487,0.1228256804072998,-0.012642173665014462,0.0012616493869080981,-0.2504184755022363,0.0,-0.14989902743949246,0.02261257862988376,0.035887502212602604,0.0009144016067685157,0.0017795174666047115,-0.0018696873505558496,0.013914026179504766,-0.0443071806836809,-0.031439233773882885,-0.002417975087383097,-0.00010150641573527092,0.0,-0.0056498496732736775,-0.003001561345538254,0.0,0.005265799491007722
2025-09-02,0.005844898611658671,0.00048731012796815514,-0.014925622265721037,-0.03962481777787879,0.20807981454306498,-0.012130346206228123,0.005710082774957787,0.06784238621888443,0.0,0.04111646943216549,0.021488511118955004,0.09103015969098971,-0.0013683455988194972,0.006674443874852656,-0.007736693386097908,-0.012320860115152486,0.04787010513713438,-0.013876879377580935,-0.012113146570874688,-0.0001977447159720303,0.0,-0.019607183859717808,-0.030458149402650687,0.0,0.02589736006683039
2025-09-03,0.0049117953747833155,0.0015394350945099335,-0.009773174571767141,-0.07627132484673745,0.1298071932644134,-0.012642173665014462,0.0012616493869080981,-0.14203896426622706,0.0,-0.11242894574717874,0.02132857844903517,0.048308949834096525,0.0009051319255845054,-0.00015337033353189755,-0.0018696873505558496,0.014749570084811068,-0.04998422407705585,-0.03292741224460691,-0.001593343667281129,-0.00018820981250914818,0.0,-0.005902831255252435,-0.03201285020346506,0.0,0.0006100501577929287
2025-09-04,0.00038291211714587965,-0.00014879592201442763,-0.007111401581997856,0.029767269145109135,0.13187540280174306,-0.012642173665014462,0.0012616493869080981,-0.277453781823026,0.0,-0.11689820106101483,0.022567261240115148,0.030835185936685213,0.000985512621162033,-0.00015337033353189755,0.00036967815970598484,-3.1477845985788195e-06,-0.06462060427039963,-0.017641622900895493,0.006571562440164433,0.00036745725299405123,0.0,-0.005873706829442469,-0.01638832648734336,0.0,0.0038775599266856094
2025-09-05,0.00038291211714587965,-0.0005312119901872961,-0.007111401581997856,-0.017355709680522958,0.06512292531463552,-0.00886530767928962,0.0012616493869080981,-0.24711179998357174,0.0,-0.14728084062645452,0.004161675423483949,0.03156200197553766,0.000985512621162033,0.0017795174666047115,-0.0018696873505558496,-0.0002483065644940027,-0.05071823837636066,-0.017422563504818207,-0.0020395167027584577,-0.00018820981250914818,0.0,-0.006352780592772404,-0.013523998778429542,0.0,0.0038817707475553255
2025-09-08,-0.00048435012016023667,-0.00014879592201442763,-0.006979888177370104,-0.018351458960434663,0.06698868632323093,-0.00886530767928962,0.0012616493869080981,-0.2520932811477425,0.0,-0.11705086812096185,-0.005683908351355222,0.030795418047402528,0.001278435693625221,-0.00015337033353189755,-0.00039350206998895956,0.015924865041706884,-0.06567819549108372,-0.032930575439000534,0.006467504937261213,-0.00018820981250914818,0.0,-0.0063634810502420395,-0.01638832648734336,0.0,0.004103914046134919
2025-09-09,-0.00048435012016023667,-0.015969199269546687,-0.006979888177370104,-0.024239159886088775,0.06746626558973386,-0.00886530767928962,0.0012616493869080981,-0.25616313480448966,0.0,-0.09568109242375274,-0.005639308112813541,0.01247769336416479,0.001278435693625221,0.0002085807468592031,-0.003720663803671266,-0.001729952269711039,-0.07032168426179038,-0.017760099726881688,0.006933513520555533,0.00036745725299405123,0.0,-0.007383011953964346,-0.015007323246940157,0.0,0.0038300273370888887
2025-09-10,0.0008951928572461476,-0.03889767036440347,-0.007194194647962902,0.04289552654428885,0.2516768427766863,-0.008197714056184989,0.0012616493869080981,-0.1937511635091272,0.0,-0.013132235251984386,-0.005690596324459238,0.03063741050310265,0.018703605973694973,-0.0006191565771471618,-0.003720663803671266,0.0006137634706749924,0.044615844019353444,-0.008434843882286854,-0.021799295086933117,0.00036745725299405123,0.0,-0.01441048473363733,-0.023160512081807666,0.0,0.007496602750992322
2025-09-11,-0.00048435012016023667,-0.00014879592201442763,-0.006897095111405058,-0.07856565928942189,0.0848999004951074,-0.009449455191557632,0.0012616493869080981,-0.24646867786914314,0.0,-0.1174622111463653,-0.007021453684702726,0.0033244481010543947,0.0009333486744011654,0.0002085807468592031,-0.003720663803671266,-0.0002158390278746559,-0.06527881817783718,-0.012720212081296908,0.001169247326722248,0.00036745725299405123,0.0,-0.006432055502187102,-0.015091888583237355,0.0,0.0038775599266856094
2025-09-12,-0.01986632119183576,-0.00014879592201442763,-0.00675443973325407,-0.07540894398023087,0.09012463030296564,-0.01280033832077889,0.0012616493869080981,-0.273767581469412,0.0,-0.11149722973318751,0.020878574515381883,0.018978321534947,0.0009333486744011654,-0.0022794769477024997,-0.003702374102488369,-0.0008846128201792856,-0.06201684354374217,-0.017355968287967646,-0.001593343667281129,-0.00018820981250914818,0.0,-0.006432055502187102,-0.015498887026110629,0.0,0.004103914046134919
2025-09-15,-0.01729737941186496,-0.03720943934787911,-0.007379860996053901,0.03112404555389677,0.18919357049745275,-0.012417146462446443,0.0012616493869080981,-0.1070239819885281,0.0,-0.01022828616254419,0.02160644773203218,0.06247629593750556,-0.0020078625375141435,-0.00015337033353189755,-0.003702374102488369,-0.030433634695076022,-0.058756248299177215,0.005737143554468358,0.005408735903096557,0.00036745725299405123,0.0,-0.014640564813382863,-0.013515234591218667,0.0,0.0017592247994911532
2025-09-16,0.005544969758488356,-0.03720943934787911,-0.013772931686858007,-0.07278139584426457,0.13727874408671278,-0.0163230301523454,0.0012616493869080981,-0.1842678581066047,0.0,0.015180574575070282,0.021911831063471318,-0.01668635752788168,-0.0011697839072811404,-0.0022466600525522266,-0.00376188002488387,0.0011312061644003593,-0.06046779696294161,-0.0061750603682859725,-0.008735272255190227,-0.00018820981250914818,0.0,-0.015041305510538895,-0.012253390079688248,0.0,0.001395485280591512
2025-09-17,0.0054240761148835834,-0.03720943934787911,-0.00868491808143771,-0.0071760569321832985,0.17232786612900264,-0.01713115927769025,0.0012616493869080981,-0.15871214964194957,0.0,-0.017883452514939113,0.021632703353025216,-0.025467164882044917,0.0011036936171228626,-0.001917525867311399,-0.003720663803671266,0.0008098553510568735,-0.04713531385494328,-0.01004543758293451,-0.0012313925868900288,-0.00018820981250914818,0.0,-0.010543316000681972,-0.011739865668065522,0.0,0.0017592247994911532
2025-09-18,0.00913540491384947,-0.015734387068422517,0.0008019170209104426,0.0032776154525293727,0.16504743191565754,-0.01508589088763884,0.0012616493869080981,-0.10619106668395038,0.0,-0.08956568934976462,-0.022754438833414818,0.05994952053997859,-0.0007264013239511197,0.000850226843116912,0.0009105742028486991,-0.00010341082162206604,-0.08018584581544524,-0.020724663941538213,0.0008072962463311479,0.00036745725299405123,0.0,-0.006922362158974741,-0.005728518318292187,0.0,-0.0005796407107427909
2025-09-19,0.0046907707775371964,-0.016513977056095905,-0.007111401581997856,0.02442719617778362,0.12561006472389144,-0.01508589088763884,0.0012616493869080981,-0.23491967834473987,0.0,-0.12062931231149544,0.017716933891953997,0.02771075250115481,0.000985512621162033,0.000850226843116912,-0.002024417965447603,-0.0320539654942409,-0.07590280049472183,0.0005569123163417741,0.00314253747322566,0.00036745725299405123,0.0,-0.006882537275695139,-0.006333515493373879,0.0,0.003607884038509295
2025-09-22,0.006543732482768886,-0.012951904183243039,-0.0043185706472223424,-0.004565529188925223,0.17090404509417823,-0.017841540168611187,0.0012616493869080981,-0.08875615901792744,0.0,-0.08633391110809727,-0.023602425657190968,0.05526556810264664,-0.005255101440786483,0.000850226843116912,6.289720777753043e-05,-0.03048978045746477,-0.10406770208790793,-0.000514700431903265,0.0037616787843802084,0.00036745725299405123,0.0,0.022697901654607985,0.01967571112148802,0.0,-0.0030673240894843524
2025-09-23,0.0019357013781125484,-0.012951904183243039,-0.013471343174541097,-0.0608287309060127,0.1343821318469351,-0.01764345563646785,0.0006199063168634703,-0.11337225133964655,0.0,-0.08759291140388509,0.02178877074966546,0.03222975726442836,-0.002715705444336309,-0.0010668384006202133,0.0037822285068458417,0.0006107257661047116,-0.09277890123237145,-0.017664145342534937,-0.0022076850602640898,-0.00018820981250914818,0.0,0.022697901654607985,0.018982460554418316,0.0,-0.00045363319918953065
2025-09-24,-0.0004972727886444358,-0.01454282992452512,-0.017713409709114433,-0.0763126097191946,0.10452371707127348,-0.015570047561989967,0.0006199063168634703,-0.1172411122557386,0.0,-0.16345885042895947,0.017968204801052712,-0.018193870372844784,-0.0035537840745693125,-0.0010668384006202133,0.0037822285068458417,0.000720470150119767,-0.08391628761750348,-0.023226387705024835,0.0023741805123567855,-0.00018820981250914818,0.0,0.02351692714280523,0.018411365788045732,0.0,-0.0042108081237069266
2025-09-25,-0.0004921686131700107,-0.01486405200731006,-0.018053559534344326,-0.07565764233166698,0.08633627040911708,-0.015371963029846631,0.0006199063168634703,-0.15128167752054889,0.0,-0.14399113252865237,0.02137317868757685,-0.07881704269450288,-0.0035537840745693125,-0.002710517593841286,-0.0013474093483566308,0.01169617440530133,-0.06868956778484112,-0.03797061963042771,-0.0024180426752009056,-0.00010150641573527092,0.0,0.02351692714280523,0.01900802669845895,0.0,-0.004710569984165538
2025-09-26,0.00019945272497548462,-0.015022551267940271,-0.006260421533504172,-0.022559149159981032,0.0782271426394751,-0.01764345563646785,0.0006199063168634703,-0.25073718898879876,0.0,-0.10746497028217357,0.021167225168246748,0.0042781010232633325,-0.003544514393385303,0.0023531465136510023,-0.0013474093483566308,-0.001634348159322147,-0.08936089865714197,-0.023226387705024835,-0.0024874314135974974,-0.00018820981250914818,0.0,0.025911586602275258,0.056224601650054856,0.0,0.0036430246414786245
2025-09-29,0.004728335982612921,-0.01454462913684605,-0.008573784693802933,-0.051676873677630616,0.12484739511799832,-0.01764345563646785,0.0006199063168634703,-0.10776988743539752,0.0,-0.14064029558012334,0.02137317868757685,0.037364041030541,-0.0035537840745693125,0.0026541466080141824,-0.0013474093483566308,0.012986504424985132,-0.07469408026130385,-0.03998785436271723,0.004091531142247105,0.00036745725299405123,0.0,0.023528200392114458,0.07865975623841077,0.0,0.0557828190227733
2025-09-30,0.004728335982612921,-0.01295370339556397,-0.008573784693802933,-0.05210504220323779,0.12454822566510983,-0.01764345563646785,0.0006199063168634703,-0.1316466870608214,0.0,-0.09134511548853194,0.02137317868757685,0.03946102636958076,-0.0035537840745693125,0.0026541466080141824,0.004545408736540786,-0.0004972596718037883,-0.10890531523372833,-0.018997834181493953,-0.0004903344303737686,0.00036745725299405123,0.0,0.0235017986839044,0.039869522209247596,0.0,-6.259772200110941e-05
2025-10-01,0.005102549197254255,-0.01454462913684605,-0.008490991627837887,-0.04109445822369115,0.10747884550887558,-0.01764345563646785,0.0012616493869080981,-0.15881618854304033,0.0,-0.15982732675897926,0.02178877074966546,0.06241065655106383,-0.0035537840745693125,-0.00015337033353189755,-0.0012411790650601285,0.00020875400459414802,-0.06449394196384126,-0.02234192949767833,0.004226335281884145,0.00036745725299405123,0.0,0.025898163427205717,0.016387373004873824,0.0,0.005329755717774849
2025-10-02,0.018349609387091306,-0.01523377491741605,-0.007342872825322514,-0.040998834238643624,0.07188196142266233,-0.016200979434640116,0.0012616493869080981,-0.05462941233031988,0.0,-0.17782437707900287,0.021069666478027733,-0.0306863999591844,-0.008758683635718082,-0.0019260797666915558,0.005084331405370251,0.0008934709146332006,-0.07376396995235404,-0.006771945811761242,-0.012927872685073054,0.00021331788095160285,0.0,0.06522904143808342,-0.009014164682292934,0.0,0.007327497529721841
2025-10-03,0.01912687369898956,-0.01454462913684605,-0.007342872825322514,-0.0699496954156652,0.08939780505547558,-0.01647249528354532,0.0012616493869080981,-0.1147687749479452,0.0,-0.1710573048506742,0.022559620178206424,0.02099777829579669,-0.008758683635718082,-0.001917525867311399,-0.0011511626326790566,0.0012406660332391908,-0.07460261737438105,-0.0075396983315460095,0.004588286362275246,0.00036745725299405123,0.0,0.018140481528354506,-0.008995672468601447,0.0,0.007224761368110829
2025-10-06,0.03471966961944466,-0.01454462913684605,-0.007342872825322514,-0.04669940273802295,0.09003478208727887,-0.01647249528354532,0.0012616493869080981,-0.11872555451587101,0.0,-0.1748963351763595,0.021253563699531866,0.06215635433121428,0.028917185116978515,-0.0013237765200366204,-0.0011511626326790566,-0.032201707022982855,-0.059742339187450394,0.01276747499110383,-0.002840492310539289,0.00021331788095160285,0.0,-0.01007224855095985,0.0008103113592631448,0.0,0.0039449530733148466
2025-10-07,-0.015422154754844987,-0.01295370339556397,-0.007342872825322514,-0.07447739424266982,0.13171626025982067,-0.014980004911077609,0.0006199063168634703,-0.06901037693659241,0.0,-0.1179407603954308,0.02105480110164543,-0.005267922362377084,0.01831641159202439,-7.9171337886453e-05,0.002663585826139159,0.0005879873159906524,-0.08487957118076864,-0.007784451471005759,0.00445456194839463,-0.00018820981250914818,0.0,0.0331618260429772,-0.009016855756936878,0.0,0.007623307579853813
2025-10-08,-0.0002205853316850882,-0.01486005318784545,-0.013644191037414832,-0.0742930456438177,0.08371393136663749,-0.015405987767581193,0.0006199063168634703,-0.15621552302928196,0.0,-0.16500685189939823,0.02170415720961563,-0.09219527691276518,0.017175659867449546,-0.0003206408109482348,0.0020859826686221786,-0.03116976567986642,-0.052156649694964446,0.015117288132535916,-0.004165255537198437,0.00036745725299405123,0.0,0.03318822775118726,-0.011301502950273814,0.0,0.000317442340038956
2025-10-09,-0.00021548115621066314,-0.007518735059323148,-0.013644191037414832,-0.09987334104328123,0.08613800608884252,-0.014151326801323631,0.0006199063168634703,-0.1716500964453212,0.0,-0.14192291527303977,0.02006442630814488,-0.09558221434236608,-0.014261624211948152,0.001223114784664435,0.0028491628983171226,-4.3202300055309264e-05,-0.06681341307940819,-0.007784451471005759,-0.00028761493413029444,-0.00018820981250914818,0.0,0.043031853715071074,-0.010024672566296359,0.0,-0.004623890336455688
2025-10-10,-0.007470478099577643,-0.008929547988059859,-0.020610105174900813,0.5115493699231105,0.16058649127307792,-0.01985958543379752,0.0008054289582181014,0.35578907389553843,0.0,0.04992272111206861,0.003093891206058865,-0.0730203749413642,0.004359279268535727,0.00017221691432345302,0.018432269335536263,0.005235594252337945,0.048344761935412685,0.0045921639591173374,-0.0028623489969869798,-0.0001977447159720303,0.0,-0.010442939830238508,-0.007277712730038202,0.0,0.015149552724495934
2025-10-13,0.020310625547339776,0.013513922877417279,-0.0009486684989708146,-0.17124037364315117,0.1574681136885333,-0.02888478716489537,0.0015000555957612296,0.23887877006441383,0.0,0.03148237336708108,-0.05189879600329977,-0.12968344104562074,-0.004184525104156427,0.004643070206327305,0.017924958266323898,0.0017880716986596137,0.021964467947293495,-0.0037560630260938042,0.013444934876258374,-0.0001977447159720303,0.0,-0.018012450823079836,-0.007091542522830319,0.0,0.016861276132820895
2025-10-14,-0.019129614880406435,0.017551148205618646,-0.010533598499174651,0.3615232335936784,0.19349477214838529,-0.02195467554630676,0.0018010706516200688,0.3438266593823094,0.0,0.05860656712501318,-0.017947904190353695,0.026785791690668432,-0.0034123448257374414,-0.002482384379173218,0.01833741312329344,0.005235594252337945,-0.010741689686932888,-0.0016044256608912107,0.004613333972664035,-0.0001977447159720303,0.0,-0.014048330382450944,-0.009553264360328585,0.0,0.017823765107295116
2025-10-15,-0.019823168610318832,0.017582947693701827,-0.007938923292920064,0.3646193763918849,0.20461020015178455,-0.014168052513879273,0.0018010706516200688,0.3158944955080909,0.0,-0.10733595371027072,0.026523553103910198,0.02362616579281477,0.0062313965968013325,-0.0006095507634813519,0.018492649857397157,0.0029905636578719686,-0.01095528231883312,-0.005118495963491532,-0.0010162020082968041,-0.00010150641573527092,0.0,-0.013122986312619277,-0.011081413708243872,0.0,0.011714758975633484
2025-10-16,-0.019129614880406435,0.01684112791933584,-0.010533598499174651,0.5163041185958674,0.19398986951762842,-0.02080820672764911,0.0008054289582181014,0.3796885857930932,0.0,0.05444296958599576,0.0016581107536958425,-0.011839376328836857,0.0060969424150222416,0.0006018734243287241,0.004083051393562543,0.0052059893896646454,0.028127873915777115,-0.0013240711506815623,0.003943605123249827,-0.0001977447159720303,0.0,-0.018245263331396314,-0.007715152962765291,0.0,0.017823765107295116
2025-10-17,0.007792907489779373,0.02080226597537397,-0.004152830796655327,0.2960275931376375,0.21044068213791603,-0.027565521602682767,0.0018010706516200688,0.3781986842681934,0.0,-0.021433042625680646,0.05289991505850003,0.01601557713386277,0.007372148321376176,-0.00010487160984415774,-0.029720478666199302,0.0014669610859307399,0.028964436756691202,-0.0005885216142990548,0.005118013126301229,-0.0001977447159720303,0.0,-0.019819145768030517,-0.009470288779665352,0.0,0.021024574954723336
2025-10-20,0.0010372562145825807,0.015466002249452791,-0.007288458637201988,-0.06705036758607781,0.12487506495517414,-0.012130346206228123,0.005710082774957787,-0.15230131804562808,0.0,0.02588304113592472,0.02223309377966916,0.022706034755258547,0.013538428609157023,0.010319133121816966,-0.0036862702183340632,0.003496721703187152,0.024568855673684064,-0.015209507937577978,-0.009094212890934606,0.0001365234438090258,0.0,-0.06750875037672549,-0.01818678001386053,0.0,-0.13151480549809735
2025-10-21,0.0010372562145825807,0.015466002249452791,-0.007288458637201988,-0.06264938992891206,0.14532707674313206,-0.012130346206228123,0.005710082774957787,-0.1614066756394656,0.0,0.02588304113592472,0.02223309377966916,0.05043251822350364,0.013538428609157023,-0.01244629743720105,-0.0036862702183340632,0.003496721703187152,0.019337972271651453,-0.015209507937577978,-0.007589903920669399,0.0001365234438090258,0.0,-0.06750875037672549,-0.031795426892921475,0.0,-0.13151480549809735
2025-10-22,0.005429757268312921,0.015445144626989092,-0.01062916712694679,-0.15143034935740102,0.16590054351245956,-0.04778557699649959,0.005710082774957787,0.24470343365434744,0.0,0.03900730435333315,-0.04809667616065013,0.05804866691672914,0.008529169612687154,0.006301917898762931,0.0014522965800025998,-0.002930803028476232,0.020726134324797415,-0.003073925274188848,-0.006000219059628422,-0.0001977447159720303,0.0,-0.043832305531010494,-0.02988687445696169,0.0,-0.18869022224990467
2025-10-23,0.0029698746322765123,0.015466002249452791,-0.0076264915277300584,-0.0728408938916531,0.1351389391200039,-0.015231860318545088,0.0006199063168634703,-0.07355360668019734,0.0,0.01322049527170894,0.022101212112211898,0.019560803971365965,-0.0021968878261348877,-0.003037532321566818,-0.00404281921520138,0.00995566631231083,-0.07149665061423054,-0.018135675125148,-0.004219793087717678,0.0001981791926260052,0.0,-0.04193634061718957,-0.027508826700692837,0.0,-0.12599701301924382
2025-10-24,-3.81517103025498e-06,0.002441916393693483,-0.007065940372014942,-0.0743569351450984,0.13249955963743917,-0.012642173665014462,0.0006199063168634703,-0.0968724410708979,0.0,-0.10080071951276018,0.021928067732627912,0.02334772133933999,0.009567494241166563,-1.964071658505739e-05,-0.003720663803671266,0.00024678941047257647,-0.06557398275500217,-0.016579703123237935,0.004375950948634083,0.00036745725299405123,0.0,-0.012408601693372039,-0.03357066754493404,0.0,-0.007562503385908875
2025-10-27,-0.0014686805966036504,0.007422626074673931,-0.0018701223606999795,0.022677720211833043,0.16203334503142378,-0.012843129318950026,0.0012616493869080981,-0.2523362903280787,0.0,-0.00892815177984998,0.021014849707121405,0.0372546614720396,0.009592506311277749,0.0036174495793866264,-0.003720663803671266,-0.026613627788287065,-0.06135127036037415,0.0064875429385988495,-0.002638164536310249,0.00036745725299405123,0.0,-0.012836833377639243,-0.013491889329767371,0.0,-0.00410493518102145
2025-10-28,-0.0013867010962917094,0.007422626074673931,-0.0015754391400762619,-0.06599592859779009,0.12431105439697372,-0.018375224154016625,0.0012616493869080981,-0.28527413714122596,0.0,0.03255334937514994,0.017473411468954755,0.021418030937502497,0.014065757599942982,-0.00012055343838162792,-0.00376188002488387,-0.025145641332336818,-0.06198506392862993,0.015016413534069465,-0.0049032840455771835,0.00036745725299405123,0.0,-0.03841126466129586,-0.03155453311546969,0.0,-0.006640599590742784
2025-10-29,0.0008150192792375764,0.009110857091198295,0.0022158629870479853,-0.07601312153932345,0.1640596716791771,-0.017329243809833587,0.0012616493869080981,-0.09195758203722784,0.0,-0.011303690889659924,-0.023453292883010606,0.045684505449402314,0.005902124697013281,-0.0022794769477024997,-0.0041128333690572715,-0.02623244189609422,-0.05617779850899422,0.01727651475821983,-0.0008397608723851999,0.00036745725299405123,0.0,-0.012865957803449212,-0.030279864704608108,0.0,0.0005324427100538847
2025-10-30,-3.81517103025498e-06,0.0014724622648871774,-0.006727907481486871,-0.048857509609427766,0.15599085720292574,-0.01622858526291549,0.0006199063168634703,-0.06552394128122896,0.0,-0.1047773755566828,0.021876052178581042,0.03228072021022467,0.007406653288512229,-0.0015326246442354775,-0.002024417965447603,0.0025998384371712212,0.038213226706659206,-0.022567970198892864,0.013840129955116135,-0.00018820981250914818,0.0,-0.012408601693372039,-0.022579773293031093,0.0,0.0008362483610960595
2025-10-31,-0.0017580241466663813,0.0009301679432484299,-0.009120237171368588,-0.0877629435345812,0.10573783464219874,-0.014624686279398898,0.0006199063168634703,-0.10704342475827493,0.0,-0.18506595814820778,0.019161959639020214,-0.03011920217565556,-0.024030630790885476,0.0009839564600637504,0.0013027437682347038,-2.2992199651134888e-05,-0.06251548233162475,-0.023087318345648214,-0.0006851750705938988,-0.00018820981250914818,0.0,-0.01261403149233936,0.002260964572359921,0.0,0.009516325880269925
2025-11-03,-0.0017593012370944968,0.0017915286922552693,-0.009120237171368588,-0.07947637303507439,0.1117057617998382,-0.014624686279398898,0.0006199063168634703,-0.11345157765614841,0.0,-0.11058356942509222,0.02146046011649243,-0.10209755193537166,0.007406653288512229,0.0006829563657005704,-0.003826894086967769,0.0003068792243461058,-0.07874518018198093,-0.028297058835474252,0.001244618025871207,-0.00010926037804838186,0.0,-0.012640433200549424,0.017014021442300045,0.0,0.06534172452359005
2025-11-04,-0.0045096568916719185,0.010102701311270165,0.015128924248148103,-0.11737482073513854,0.13093719486989439,-0.011812217510171962,0.0015000555957612296,-0.16651338367497953,0.0,-0.00213371594327494,0.02422533968068694,-0.09367353317491531,0.010026060991694556,-0.0024638677148500266,0.013851409978320803,0.012947421130406351,0.025726765049797574,-0.015348156778586227,0.007705262128773879,-0.0005273911389533369,0.0,-0.04124650041401596,0.019752716715067568,0.0,0.01519500540973487
2025-11-05,-0.005665192496877709,0.003380204754774732,-0.009120237171368588,-0.06256226057383207,0.16813565714310885,-0.013957092656294268,0.0006199063168634703,-0.005295179854834517,0.0,-0.10605652305760756,0.02146046011649243,-0.02811657082933041,0.007406653288512229,0.010932015194022024,-0.017049128215639458,0.014017267812686968,0.1288780410746285,-0.022437660976991153,0.015453423082103237,-0.00018820981250914818,0.0,-0.011018809573887412,0.046539484046980814,0.0,0.007252925879840893
2025-11-06,0.003141590355829868,0.011206627104385015,0.004533841656234486,-0.13929275783409534,0.207105822081559,-0.07093207679458975,0.005710082774957787,0.26966076502943714,0.0,-0.1273172425418683,0.06984333753475518,0.06675212066390962,0.0009102078004634697,0.0021151711237974618,0.015013655326171332,0.0034992618793677124,0.029336266457745088,-0.005571481073647554,-0.015253171235672955,-0.0001977447159720303,0.0,-0.010151190821118278,0.02112299159461214,0.0,0.013026817206143671
2025-11-07,0.0035018756445746,-0.0029526607778259323,-0.004575152872044491,-0.08687100225872964,0.1476566076564909,-0.016005964706155375,0.005710082774957787,-0.06902945471405193,0.0,-0.13434913428919407,0.01834225190250388,0.06419311434458386,0.005449084113957623,-0.0009682858719796977,0.017159707229260898,0.004292541582727679,-0.03302672035334559,-0.026264363629145096,0.007486179680026306,-0.0001977447159720303,0.0,-0.008963512206896153,0.05362604497223517,0.0,0.011198420650063183
2025-11-10,-0.024860447968682687,0.0015315158860934046,-0.012902733443178566,-0.055482090560566084,0.13727380389129265,-0.01574497097953642,0.0012616493869080981,-0.13753416000461763,0.0,-0.08817264195203553,0.021223799264040624,0.061989212978506916,0.0010879512281956856,0.00746164309049059,-0.003826894086967769,0.010913963927586506,-0.10001839785948272,-0.03831769800016879,0.006181746648963658,0.0001981791926260052,0.0,-0.00568967455655328,0.07866479655876196,0.0,-0.003061077793621524
2025-11-11,0.004906691199308891,0.0015315158860934046,-0.004575152872044491,-0.07270833841376871,0.12036501555503977,-0.01689617888602012,0.0012616493869080981,-0.15513275345079963,0.0,-0.10633128987467676,0.021639391326129232,-0.028446173349337425,0.0010879512281956856,0.002553233886217613,-0.002024417965447603,0.011018316690099545,-0.10837075287880091,-0.03838917823078965,-0.004029860324433887,0.0001981791926260052,0.0,-0.00568967455655328,0.027783931508397284,0.0,-0.0008614115127808654
2025-11-12,0.003169413914013994,0.0015315158860934046,-0.004575152872044491,-0.07730967162026764,0.1208501713248998,-0.01689617888602012,0.0012616493869080981,-0.16037732548315417,0.0,-0.10993824107481903,0.023313242247812057,-0.028446173349337425,0.008101325914715796,-0.00012055343838162792,-0.00039350206998895956,0.010514947420963847,-0.07222609581916682,-0.037783974918428886,-0.004029860324433887,0.0001981791926260052,0.0,-0.009847285025868147,0.004280599015688076,0.0,-0.0008614115127808654
2025-11-13,-0.02168913858889805,-0.010534781320684427,-0.012480411367789402,0.2269387699032599,0.19681544456335742,-0.05756447489236662,0.0018010706516200688,0.3558744155272396,0.0,-0.026601107138740015,0.07423941727739734,0.020310285575636692,0.0055612166437098536,0.0012110627108575373,0.011068657030863535,0.003461065267349482,-0.02729986862423829,0.005884655765087582,0.006477660682433425,-0.0001977447159720303,0.0,-0.009015281469658626,-0.005019020028451423,0.0,0.017835025268624963
2025-11-14,-0.02241340621549736,-0.010534781320684427,-0.009885736161534814,0.2718998017343711,0.20377228687071486,-0.04970702894295921,0.0018010706516200688,0.26364957910540393,0.0,-0.10405660369958421,0.07274092726457546,0.027651716166164002,0.0055612166437098536,-0.002482384379173218,0.011637485727039645,0.001369882957662661,0.009873118687738814,0.013795417574828776,-0.0020004521066915716,-0.0001977447159720303,0.0,-0.008089937399826963,-0.011340388289915604,0.0,0.012086290911563732
2025-11-17,0.008337546530629977,-0.014320721938914788,-0.004152830796655327,0.384839155775922,0.1823251192960771,-0.02343400272345821,0.0018010706516200688,0.3663018750267256,0.0,0.0357778706419072,0.015053525955565191,0.03546214885850391,0.0055612166437098536,0.0027853832319018716,0.018432269335536263,-0.06371298430410324,0.060841814486020024,0.004936450098678873,-0.0009448866502435421,-0.0001977447159720303,0.0,-0.006643094938208444,-0.00577078276207095,0.0,0.01990819494236828
2025-11-18,0.008539754290212859,-0.014320721938914788,-0.004152830796655327,0.4187036632808477,0.1849836609377553,-0.02343400272345821,0.0018010706516200688,0.3632867194346225,0.0,0.030949567976377212,0.015053525955565191,0.03546214885850391,0.0055612166437098536,0.0027853832319018716,0.007323610532330772,-0.06371298430410324,0.06748202463333887,0.004936450098678873,-0.0009448866502435421,-0.0001977447159720303,0.0,-0.006643094938208444,-0.00577078276207095,0.0,0.01990819494236828
2025-11-19,0.007539131964818958,-0.014320721938914788,-0.002206017928040576,0.4829800943992939,0.19209231973205135,-0.025685422170292932,0.0008054289582181014,0.3614870074305426,0.0,0.03006984190701084,0.030715113112220117,-0.02557712092479427,0.004420464919135008,-0.00044462883350994105,0.007323610532330772,-0.06341932962215481,0.05620079612156349,0.00502448495851404,-0.0018649677710545984,-0.0001977447159720303,0.0,-0.006643094938208444,-0.00810557746426877,0.0,0.01740627490971915
2025-11-20,0.003362175477999784,-0.015453275114625957,-0.010311493630596658,0.4822533018241865,0.15930688731854387,-0.025685422170292932,0.0008054289582181014,0.37040257923407616,0.0,0.028387652066990454,0.03820182261394448,-0.08946441561621071,0.004420464919135008,0.00017221691432345302,0.007323610532330772,-0.06341932962215481,0.0583351207320439,0.005122557476706592,-0.002283563286688097,-0.0001977447159720303,0.0,-0.006776658852300557,-0.007277712730038202,0.0,0.01456590486236719
2025-11-21,-0.022004344086703088,0.015495079297506868,-0.007938923292920064,0.4476352250695379,0.1774101317176332,-0.0014821625950781749,0.0008054289582181014,0.2982184223842925,0.0,-0.06643351099401652,0.0182666190937642,-0.019837098644270107,0.003255012720991744,-0.00044462883350994105,0.01858750606963998,0.0013783060505630884,0.06414935555368591,0.02155659604314044,-0.0038025781290687496,-0.0001977447159720303,0.0,-0.0035814767170593274,-0.010180186848820022,0.0,0.011235346473186579
2025-11-24,-0.015045171942878605,0.007580365205154929,-0.014852868619923491,0.41933138446701035,0.16297860848626744,-0.00878285051248907,0.0008054289582181014,0.23817818927192885,0.0,-0.13513293987852246,0.046218895163852414,-0.002619371148460406,0.003701091819363024,0.00509332016445256,0.011732341939282478,-0.018955087090663934,0.08751435027815964,0.018292954310777845,-0.0006939823450723328,0.0003860730168977736,0.0,-0.005146254926384937,-0.01337994648566687,0.0,-0.009791585925618658
2025-11-25,-0.01807908566810337,-0.003833880420910021,-0.01145483819853829,-0.06196231199699015,0.11161073472072865,-0.009933157955561387,0.005710082774957787,-0.12605435058591705,0.0,-0.15571432504727728,0.02014032246297015,0.045743824863228616,0.00906517732049179,-0.009580292049876066,-0.009578635197843657,0.000924441445155513,0.10309077267478098,-0.01186427687131691,-0.0034737411920695814,0.0003860730168977736,0.0,-0.018517590837971644,-0.03616511712202605,0.0,-0.013318085119670366
2025-11-26,-0.011530041405203854,0.015913274362312428,0.016818362346436144,-0.06346805256242893,0.10000131983610179,-0.015111402094166351,0.0012616493869080981,-0.13236923717721522,0.0,-0.18840461962014593,0.026102394618171043,-0.023456244818308273,0.0008771647093041154,0.0016508060332557735,-0.0003000770305214235,0.003816402415018325,0.1235765611429841,-0.005793369948730731,-0.0014807708110178754,0.0003860730168977736,0.0,0.0013478088313798964,-0.05725350530491497,0.0,-0.002230845691656062
2025-11-28,-0.00328066222021724,-0.0005294127778663671,-0.0001190398403095966,-0.06051654295662229,0.06294029290759243,-0.016262610000650053,0.0012616493869080981,-0.21238413446009488,0.0,-0.16966345807486463,0.02081099821183775,-0.0010752877602876944,0.0009144016067685157,0.0016508060332557735,0.02673285321220583,0.0016528465345151783,0.06900347347682026,-0.013204967353198477,0.0006567348765197879,0.00021331788095160285,0.0,-0.006139623894073248,-0.057242846636667157,0.0,0.005082487295933277
2025-12-01,0.005494038429619768,0.011153168740260901,0.008852305155382162,-0.05797486758468091,0.15490679495372323,-0.01746979729380654,0.0012616493869080981,-0.13495535488713,0.0,0.030172084809207363,0.00894894804637549,-0.019142644980279185,-0.002645811106912332,-0.001029887544281164,-0.001343006607610539,0.007165453643432278,0.07989919380400264,-0.003842731309858759,0.003928680616143124,-0.00021840869417056035,0.0,-0.013293027601798318,-0.04099574196494618,0.0,0.043589034311660356
2025-12-02,0.000883175671670391,0.006025088774993102,0.002261340972257471,-0.05495444951207864,0.10604730296404159,-0.016460694532793387,0.0012616493869080981,-0.22334158070004412,0.0,-0.00516257239317301,0.010832991960683816,-0.000564765579146522,0.0007307508134409306,0.0016508060332557735,-0.0013017903863979353,0.006972794739886095,0.10375896374651736,-0.004313013451933379,0.007294395357129117,-0.00021840869417056035,0.0,-0.006406724807684495,-0.05492574516309693,0.0,0.010273044841539444
2025-12-03,-0.0035280833181117626,-0.00015988723591782463,-0.0001190398403095966,-0.048664194153926796,0.0905250142866258,-0.011974580041909832,0.0012616493869080981,-0.22865186429592993,0.0,-0.10598622580838041,0.020950147526143534,-0.000564765579146522,0.0009144016067685157,0.0016508060332557735,-0.0013966465986407688,0.003084893388341526,0.08096235436556817,-0.01563525480525248,0.007897506393847545,0.000426416974332999,0.0,-0.006150324351542884,-0.05634769534223617,0.0,0.005543778046043781
2025-12-04,-0.003612332439436926,-0.00015988723591782463,0.0023737562026912313,-0.05392537259761744,0.08662142058429799,-0.012172664574053168,0.0012616493869080981,-0.21077740559368424,0.0,-0.10565162141630216,-0.021564941245192846,-0.0006551192832309192,-0.000486199621157967,0.0016508060332557735,0.0015383455696555339,0.003084893388341526,0.08096235436556817,-0.01563525480525248,0.007897506393847545,0.000426416974332999,0.0,-0.006150324351542884,-0.05348161853349237,0.0,0.0051174357638338296
2025-12-05,-0.017293921766922373,-0.00014879592201442763,0.0018556331322917101,-0.031272762917334336,0.06949426515278537,-0.012414275340654214,0.0012616493869080981,-0.25352392275346747,0.0,-0.11434844375732515,-0.017135202028780005,0.01247769336416479,-0.000486199621157967,0.0002085807468592031,0.001286289032562561,-0.00014613160716200324,-0.07812446549762372,-0.017641622900895493,0.006933513520555533,0.00036745725299405123,0.0,-0.006150324351542884,-0.015007323246940157,0.0,0.004225763295798676
2025-12-08,-0.025303298517463678,0.006025088774993102,0.0015083999057518601,-0.08207553945185847,0.11556473146743435,-0.015330566083570637,0.0012616493869080981,-0.2905312368248172,0.0,0.030927450630117884,0.020347485012643086,0.007476408022953105,-0.002110301144547796,0.0016375341651383088,-0.0003995805557335136,0.005157882165534495,-0.06080832762610345,-0.008061020214332037,-0.005246770553997892,-0.00021840869417056035,0.0,-0.010354810564418252,-0.012230044818236953,0.0,0.007980901130467791
2025-12-09,-0.019493091086558417,-0.037220530661782505,0.0010144920475797785,-0.06087282661387653,0.16909814589236657,-0.014662972460466007,0.0012616493869080981,-0.10671612298250535,0.0,0.017815262811494852,0.02099579067193321,0.048278381900170364,-0.0020078625375141435,-0.0061173048436266855,0.0024837501056310675,0.004246216865948266,0.08245616519610303,-0.0069810236693724674,0.004515125168934587,-0.00021840869417056035,0.0,-0.01456706362558058,-0.05582618183175966,0.0,0.0035783939097084067
2025-12-10,0.0006238436158678664,-0.03889767036440347,0.0001465769231958847,0.031533893064074156,0.1593374548543667,-0.012175535695845396,0.0012616493869080981,-0.24460435673966166,0.0,-0.015055906339381035,0.020898142163270905,0.03838588441934225,-0.002110301144547796,0.0016179891381055043,0.0019305151350415388,0.0023274388098975993,0.06602777046439202,-0.017125320829358776,-0.021799295086933117,0.00036745725299405123,0.0,-0.014398283688873737,-0.051966184616319584,0.0,0.0075455006638124825
2025-12-11,-0.004390241379943454,-0.016513977056095905,-0.00046548118669191855,-0.01871858142680414,0.10033667459049064,-0.014220212732390875,0.0012616493869080981,-0.2096639561699573,0.0,-0.1295549180908051,0.021537499840566743,0.00420859603531744,0.000985512621162033,0.011160236657466285,0.01809467790159578,0.0007854358082164325,0.08756005502409146,-0.025649647383669736,-0.004148517121958385,0.00036745725299405123,0.0,-0.006669380576995983,0.0034513194971493083,0.0,0.005268527942704306
2025-12-12,0.00038291211714587965,-0.01636453244592802,-0.004081245013872411,-0.005070132332828668,0.13204807476184333,-0.014220212732390875,0.0012616493869080981,-0.2514601006530808,0.0,-0.09123979493236128,0.02053383831282799,0.001847916665666731,0.000985512621162033,-0.0012399282691915013,-0.003826894086967769,0.009096762225154082,0.03250079541433196,-0.03192590604464804,-0.02236343230751936,-0.0001977447159720303,0.0,-0.006680081034465619,-0.028358063628745822,0.0,0.005297612815644997
2025-12-15,0.00038291211714587965,-0.01636453244592802,-0.004081245013872411,-0.06534526165224097,0.08745459970320471,-0.014220212732390875,0.0012616493869080981,-0.24983104399024536,0.0,-0.09123979493236128,0.02053383831282799,-0.0056846611304001305,0.000985512621162033,-0.013619525024605813,-0.023202202702384378,0.006286782299285399,0.04710264100855801,-0.02426176540641087,-0.02158126067546664,-0.0001977447159720303,0.0,-0.006680081034465619,-0.021427964207262735,0.0,0.005297612815644997
2025-12-16,0.001125843578211558,-0.016553695752595618,-0.004081245013872411,-0.07659340983754691,0.07330031198274223,-0.005874499900563341,0.0012616493869080981,-0.20746607901475211,0.0,-0.07280371336526893,0.0207073872038517,-0.006100829318826698,0.0020404307445181166,-0.0029051929300451555,-0.003826894086967769,0.011143071631442885,-0.04424226604004298,0.09454757861006008,-0.012208855819081035,-0.0001977447159720303,0.0,-0.005990337476005634,0.028119858489315336,0.0,0.004142785884038477
2025-12-17,0.005654726835848994,-0.0005604622663701267,-0.004575152872044491,-0.049955224986427516,0.1469708611074598,-0.005206906277458711,0.0012616493869080981,-0.05581561428238547,0.0,-0.03980762511660585,0.02085226390821076,0.059234367126419184,0.002142869351551769,0.0003260641602556866,0.0023261803997771517,-0.027761668109851048,0.03281364842905217,0.09847763278775871,-0.03799747131129369,-0.0001977447159720303,0.0,-0.0033890078289009204,0.009468034878908271,0.0,0.00932858325480867
2025-12-18,0.005654726835848994,-3.9873852220416614e-05,-0.004575152872044491,-0.05357056481383258,0.10877585691864483,-0.006056385377579505,0.0012616493869080981,-0.11162968960482479,0.0,-0.11855616628251747,0.02139734815506433,0.055929690202499376,0.0026683453818838977,0.000850226843116912,0.0023261803997771517,0.009566720910310174,-0.048236233937539896,0.09356266160052519,-0.012570806899472134,-0.0001977447159720303,0.0,-0.004034265818506594,0.029613253787553563,0.0,0.004941490248540335
2025-12-19,-0.0022452664694380103,-0.002890816967691724,-0.002626301010794918,-0.04208822422106701,-0.09775554440001973,-0.012335140985310746,0.0006225852086746049,-0.1928849916423806,0.0,-0.0803867214042827,0.01608846479464131,0.01963067649856582,-0.0016035333331533047,0.0003498253270813975,-0.00010313648359246513,-0.011603381497994452,-0.04394882104057123,-0.026890603825751796,0.004228853222352322,0.0014046113472467121,0.0,-0.0060093616389152345,-0.004266748758654203,0.0,0.004278799778717988
2025-12-22,-0.002814916440911154,-0.002507061219465051,-0.0036747272959352373,-0.07912106434229937,-0.1609403215872353,-0.01009921804229194,0.0006225852086746049,-0.1109946920091359,0.0,-0.06722864395706946,0.01132504748874476,0.010004841476751862,-0.0007954595421775005,-0.000820580859423328,-0.0008694146672288426,0.02942580875329703,-0.05491259408824119,-0.013842417273040284,0.006225584720122313,0.008342062924404616,0.0,-0.007064249033837398,0.014476980160684437,0.0,-0.018407097539725505
2025-12-23,-0.002278974008682161,-0.0011465196829290173,-0.006383041927276441,-0.07800070074926772,-0.09831030635249927,-0.020882243243195896,0.0006225852086746049,-0.20473243730854787,0.0,-0.07501362867020137,0.016397172096927037,0.01049484947312177,-0.003364392578649934,-0.000820580859423328,-0.0017139937083585784,0.0010049413884900766,-0.05691372409818125,-0.035065296502391985,-0.002474983404241029,0.0013116248946497156,0.0,0.021602023278343006,0.0144354037749359,0.0,-0.010470234790053412
2025-12-24,-0.02419372504790182,-0.0011465196829290173,-0.006027296412699237,-0.07103179099282876,-0.10279070017434581,-0.020456260386692314,0.0006225852086746049,-0.1807128848213929,0.0,-0.0710530805777986,0.01591314408074503,0.0019477557038093238,-0.003868866367490853,0.0003826422222316667,-0.0016957040071756805,-0.0005644098780731371,-0.05842082860002715,-0.031996627590196426,-0.002863071686994832,0.0005171503746331833,0.0,0.021602023278343006,0.014604242379406107,0.0,-0.010470234790053412
2025-12-26,-0.0002743297786454611,-0.0011465196829290173,-0.005727184528441667,-0.07141885559257778,-0.1264659510001712,-0.01657559176075561,0.0006225852086746049,-0.2047097079469184,0.0,-0.0724588996437475,0.01652746916738821,0.002331624466765787,-0.0062956131999649875,-0.005378407824542568,-0.0017139937083585784,0.014412020981847528,-0.05202116378263868,-0.04326415393480401,-0.00408194676658215,-0.0002648818992023621,0.0,0.021438090510617066,0.027670499732856162,0.0,0.00012755186918360242
2025-12-29,-0.00226914084141981,-0.0012043166445194714,-0.006046115062911374,-0.05225805255731037,0.05479840625503152,-0.01589720913401425,0.0012616493869080981,-0.16444882408853756,0.0,-0.09974946230848107,0.019786518851592865,-0.002317449724939007,-0.0037435663439244317,-0.025099842328232407,0.016616560957339873,0.006696876778995256,0.10869185623518055,-0.0004991732908395167,0.0009069770585812807,-0.004272763936890169,0.0,0.021438090510617066,0.09881385532746248,0.0,0.02343463377112745
2025-12-30,0.0037395811604495482,-0.0012043166445194714,-0.006046115062911374,-0.06592811728346978,0.04447459713441649,-0.01589720913401425,0.0012616493869080981,-0.1654028010890458,0.0,-0.10091239272051558,0.017918212268613655,0.019523194635244327,-0.0037435663439244317,-0.03018725962757794,0.02070690292071712,0.00022553724708220161,0.1255413480976766,-0.012052173750367877,-0.010185277252457083,-0.0008274607842253253,0.0,0.021438090510617066,0.08902037250758908,0.0,0.009462357875271343
2025-12-31,-0.0035573843325011744,0.000983292122010353,-0.006046115062911374,-0.011783278961487823,0.08845907117771286,-0.0059541830279064446,0.0012616493869080981,-0.2226421197104582,0.0,-0.12492397916634067,0.02129617382072877,0.03579593290825874,0.0001230107091532977,-0.0008879042428147468,0.002593890030668358,0.0038795159305916103,0.07374573613976354,0.11176958136299367,-0.0069439382189714505,-0.0005273911389533369,0.0,0.016343293283658602,0.04718018556929596,0.0,0.00666668629779797
2026-01-02,-0.004568596596639423,-0.014837111225521914,-0.005697705233440847,-0.06933578986760908,0.07184023652047156,-0.020503060776094914,0.0006199063168634703,-0.22776885256150678,0.0,-0.13043695991731047,0.021121907778478135,-0.004963936831809486,-0.003672455329530914,0.0017517187550523412,-0.004076244316721875,0.003557941273520988,0.059637149488965126,-0.0027526188536491827,-0.004799052407043747,-0.0005273911389533369,0.0,0.013752363100373416,-0.03561538604499842,0.0,0.0050604015707359775
2026-01-05,-0.004189279206523663,-0.015035441794164597,-0.005697705233440847,-0.008636095697914641,0.07718540450303117,-0.017009886751097787,0.0012616493869080981,-0.26102803421650456,0.0,-0.15815836064297284,0.021121907778478135,0.03451882679898243,-0.0034734033789917853,0.0016179891381055043,-0.0020717609254414407,0.0035314899725268447,0.05991180514599296,-0.0013804819680148712,0.009182352231582801,-0.0005273911389533369,0.0,0.019331128198460234,-0.03041653354051568,0.0,0.005667151850249082
2026-01-06,-0.0045737007721138485,-0.015024350480261201,-0.005697705233440847,-0.06376542618815466,0.11859630216941201,-0.020503060776094914,0.0006199063168634703,-0.21064489415132587,0.0,-0.1497696338186462,0.021537499840566743,-0.0026080562838383422,-0.003672455329530914,0.001450718660689163,0.004409999873652675,-0.009093725904929975,0.07792858385884367,-0.0089002753295112,0.0004581810883099092,0.00036745725299405123,0.0,0.020288297351736744,-0.050460411748604654,0.0,0.0040225798742722346
2026-01-07,-0.003327121144691972,-0.015035441794164597,-0.005994804769998691,-0.0012715387062771765,0.06921283645041316,-0.017009886751097787,0.0012616493869080981,-0.2602294992326118,0.0,-0.15793200652352352,0.021121907778478135,0.03579593290825874,-0.0034734033789917853,-0.0008879042428147468,0.00517318010334762,0.009369742994139053,0.05595994510811199,-0.004738318864590832,0.006400937969210959,-0.0005273911389533369,0.0,0.019331128198460234,-0.033388119809529444,0.0,0.00589350596969839
2026-01-08,-0.0038804991344447144,-0.015064069176760913,-0.005994804769998691,-0.02410481029776626,0.07119413673531272,-0.010450364185736341,0.0006199063168634703,-0.22290595263610746,0.0,-0.14862875544316842,0.021537499840566743,-0.036406529467184014,-0.0034734033789917853,-0.005114169134538309,0.0010828381399703693,0.006987113809796333,0.05585081012455213,-0.014612687148513421,-0.0003826617607620021,-0.0001977447159720303,0.0,0.018941912195018958,-0.03825885978603562,0.0,0.0042079624274868905
2026-01-09,-0.004969397240372818,-0.015024350480261201,-0.0057804982994058935,-0.06331805561122116,0.12830667930282755,-0.017939606402273427,0.0006199063168634703,-0.17000536399429902,0.0,-0.18189106857819184,0.019014759825663006,-0.004963936831809486,0.018014921034451608,0.0017517187550523412,0.0010828381399703693,0.029055059382710247,0.073393217193671,-0.010463260067142561,0.006803644187748925,0.00036745725299405123,0.0,0.029155700930822363,-0.050460411748604654,0.0,0.00459451473968683
2026-01-12,-0.004107239178541127,-0.015024350480261201,-0.005994804769998691,0.000486020018039056,0.07741604192950449,-0.012721856792357565,0.0006199063168634703,-0.22095444462680422,0.0,-0.1780529558357271,0.021721397062070876,0.011529792043016284,0.01821397298499074,0.001450718660689163,0.0010828381399703693,0.007286577024155989,0.05929932943800531,-0.017583738441755578,-0.00029031595462874126,0.00036745725299405123,0.0,0.028198531777545846,-0.044357911254558964,0.0,0.004178309390504023
2026-01-13,0.004332639514353951,-0.01454462913684605,-0.007568321269438547,-0.016046089582513447,0.15210412386858188,-0.013389450415462195,0.0006199063168634703,-0.11584781627393191,0.0,-0.17514189975745087,0.021452296724086436,0.02090960176877292,0.016667423962962447,-0.0021457473307556593,0.0028491628983171226,-0.0005297272084231349,-0.04685459777944704,-0.01512135946503317,-0.0005557331170915326,-0.00018820981250914818,0.0,0.028674882823275877,-0.03227769419297237,0.0,0.00409123736647742
2026-01-14,0.004718338170372251,-0.014555720450749446,-0.007568321269438547,-0.06166584649981999,0.11810171040505196,-0.012721856792357565,0.0012616493869080981,-0.13670359662417303,0.0,-0.18592422670548897,0.021452296724086436,0.0474372691892719,0.016667423962962447,0.0013137312229894473,0.0028491628983171226,0.013793533020525103,0.03788666825525664,-0.018659007117462986,-0.0062108050975923715,-0.0005273911389533369,0.0,0.028674882823275877,-0.04137547795613885,0.0,0.0065492663489652115
2026-01-15,-0.0001962437432834851,-0.015035441794164597,-0.00657568191081443,-0.015628356123723725,0.10900053912827969,-0.013389450415462195,0.0006199063168634703,-0.23315549143311295,0.0,-0.15160702351363764,0.020656065500409552,-0.0014999925987772003,0.015986135646091474,-1.964071658505739e-05,0.0028491628983171226,0.0013385375218905053,-0.049260757453403164,-0.008002534348057252,0.000629401752940648,-0.0005273911389533369,0.0,0.028688305998345418,-0.03356504919703744,0.0,0.0037882261943596564
2026-01-16,-0.019402764198204105,-0.015035441794164597,-0.0064330265326634425,-0.013795117986022119,0.109334002027615,-0.012963467558958611,0.0012616493869080981,-0.23809263433490338,0.0,-0.1532869497468226,0.020258569877968546,0.023657053188995733,0.015986135646091474,-0.0022794769477024997,0.00042422031587732495,0.0005992844069441998,-0.05485705567944511,-0.008002534348057252,0.0019270324296455643,-0.0005273911389533369,0.0,0.032409027146269614,-0.03070921818325557,0.0,0.004621330593322067
2026-01-20,0.005764997510512422,-0.01356786312317853,-0.030628636693404862,0.3109425982188116,0.17389182559692676,-0.05518611738535114,0.0018010706516200688,0.30434518417717993,0.0,0.03316771021968265,0.0743246738227247,0.02474918905319602,-0.00014143441950435046,0.0006018734243287241,0.01833741312329344,-0.0004214777079718841,0.02310557702398715,0.010360906880403831,-0.0028133233641338554,-0.0001977447159720303,0.0,-0.007099230091169298,-0.010887853696853807,0.0,-0.1514907242176236
2026-01-21,-0.01493279992434406,0.004426015893011391,-0.015937899960169612,-0.07022543321207711,0.12826583452190296,-0.014979086046344705,0.0012616493869080981,-0.07466081144314461,0.0,0.0003488944829462976,0.021382932299532614,0.029951836726589902,0.0008413989839675665,0.013907959972148817,0.0016018288226923418,-0.014011868493314131,0.06116553942923555,0.024377034316402823,-0.036507839409579745,-0.0001977447159720303,0.0,-0.00916583993638691,-0.0681453037527771,0.0,-0.11460375910650154
2026-01-22,-0.008151993620817304,0.0022816619896787347,-0.0041134649826948195,-0.003299625371345788,0.13585710316780233,-0.015309486626309687,0.0012616493869080981,-0.17726603713123618,0.0,-0.01823690498517225,-0.018927343398594122,-0.010492587906731255,-0.000521643271998794,0.001979940218496604,-0.002246684515441364,0.006971866733607901,0.05854387688764681,-0.009297607950272896,-0.02323499411651563,-0.0001977447159720303,0.0,-0.008056170930355884,-0.037214642650746886,0.0,-0.09196260924627431
2026-01-23,-0.008102970860490328,0.0038740027345152356,-0.007573454436529663,-0.011168503961137517,0.15684889467468383,-0.014987029121586344,0.00061990631686347,-0.17130500466022544,0.0,0.004990038439732629,0.020415360423528664,-0.007525665407158615,-0.001342440126843177,-0.004914081761971692,-0.004551245664052579,0.006998234404512337,0.07772016726545426,-0.007877621849610196,0.008388108455777792,-0.0001977447159720303,0.0,-0.009821797767586968,-0.028201068536126823,0.0,-0.02341303786218743
2026-01-26,-0.01567573138540974,0.007699554663492553,-0.015937899960169612,-0.06998222620539366,0.14301962972852927,-0.010811912545285709,0.00061990631686347,-0.0834774514251986,0.0,0.011904953644487983,0.02120938340850891,-0.014082378739560468,-0.0021797749309303656,0.0016508060332557735,0.002693695364736483,0.010281721963386514,0.08013930774466357,-0.015052425911280901,0.00838116323764558,0.0003860730168977736,0.0,-0.009963835575836522,-0.05359759092378536,0.0,0.012305773849726092
2026-01-27,-0.0017867304895002743,0.0015354362750453236,-0.01222793661618086,-0.06566240632980638,0.12399090067875063,-0.012030525936205958,0.00061990631686347,-0.08064692308824302,0.0,-0.09697484990713585,0.021067352963291,-0.012453196579250746,0.0031735416220472594,0.0016508060332557735,-0.0013966465986407688,0.00772715404926257,0.07614768298587037,-0.022908582534232055,0.011628333890517794,0.0001365234438090258,0.0,-0.005677591791430562,-0.055990594576924096,0.0,0.0003513927974975676
2026-01-28,0.004042051115606791,0.0015354362750453236,-0.01132567062423205,-0.06253584207822604,0.22279464053945436,-0.015825167554006047,0.00061990631686347,-0.04076027268828443,0.0,-0.07325218817760466,0.0211298454244806,-0.0123857910948142,0.021468507658413398,-0.004914081761971692,-0.0013783568974578709,0.007463789180670577,0.0896699100679862,-0.0013592385996755044,0.008124256977460935,-0.00010150641573527092,0.0,-0.005610186306994012,-0.04495339764745801,0.0,0.0003513927974975676
2026-01-29,0.004042051115606791,7.971978915220985e-05,-0.012002488172064826,-0.0571689025694698,0.12407691069813737,-0.015781039819184616,0.00061990631686347,-0.06718381001458848,0.0,-0.07693311769175587,0.021942981576826514,-0.018023777466819452,0.0032343379165497687,-0.013619525024605813,0.01811296760277868,0.010774438642512452,0.08988171397373139,-0.02114957381043471,-0.022381931754259444,-0.0005273911389533369,0.0,-0.005600083309907145,0.0003713151064115653,0.0,-0.004026879054036627
2026-01-30,0.004918176640685857,6.115983718143866e-05,-0.009773174571767141,-0.05049904066302503,0.15648821268957253,-0.01622858526291549,0.0012616493869080981,-0.10373915455990115,0.0,-0.10857659947628535,0.02132857844903517,0.059234367126419184,0.00174321055581751,0.0003260641602556866,0.0020659239979296485,0.008938343312960275,0.018972012634470497,-0.031004169048838882,-0.02478871339894629,-0.0001977447159720303,0.0,-0.005902831255252435,-0.02335885613142348,0.0,0.025802002777382087
2026-02-02,0.004532477984667557,7.49249652063497e-05,-0.005580616296408876,-0.06289535584583807,0.12788675542208625,-0.014887806355495505,0.0006199063168634703,-0.0819177935786956,0.0,-0.10523854432172215,0.02132857844903517,0.03270669970592021,0.0009051319255845054,0.0009839564600637504,0.0020659239979296485,0.016839146435171842,-0.06343884109357008,-0.03419489076126514,0.006355009130588475,-0.0005273911389533369,0.0,-0.00568967455655328,0.0018797156667884796,0.0,0.0691788620995445
2026-02-03,-0.0011660151705261894,0.0006749706245699598,-0.015959074285800217,-0.0788791271321536,0.14254690354854252,-0.012817196233645013,0.0015000555957612296,0.014293345365285438,0.0,0.07780646961165423,0.02166206000997871,-0.16239232322932343,0.0008413989839675665,-0.0024638677148500266,0.017750902798878004,0.01917177350792649,0.0692738723868252,0.09791560280866794,-0.019541858079751617,-0.0005273911389533369,0.0,-0.01366510567152515,0.034599035449202835,0.0,0.01410476046710806
2026-02-04,-0.0008741502373333736,-0.044287507211326314,-0.01610630144029886,-0.07131496234193899,0.11268618473209602,-0.013971777142058255,0.0015000555957612296,-0.1367391328550399,0.0,-0.04515498769428269,0.01984172843062178,-0.15747767724453138,0.0008413989839675665,-0.0024638677148500266,0.013905049969351033,0.0033584474026108688,0.05741403607699452,0.019410583788457978,-0.001896041241269027,-0.0001977447159720303,0.0,-0.010630639111949468,0.007496336669588049,0.0,0.01292824859598937
2026-02-05,0.003836488942710702,-0.012439035711571829,-0.020421511966345125,0.4461728458451498,0.16686431858883408,-0.024405490246289078,0.0008054289582181014,0.38547990999339476,0.0,0.020185305565970268,0.040650977936411745,-0.07581861961680876,4.1384883106829494e-05,-0.00045771075734844297,0.017267266763559917,0.005549534317078131,0.0565546213182124,0.011368522137037016,-0.0028623489969869798,-0.0001977447159720303,0.0,-0.004673680053034218,-0.0008931704380941144,0.0,0.016142329781847757
2026-02-06,-0.027012157586872358,-0.018715470468634296,-0.009885736161534814,0.3541140569901185,0.14165136199950612,-0.01936719551613984,0.0008054289582181014,0.29392118010849105,0.0,-0.24061887684652356,0.04754411714504375,-0.0030300964988581574,0.0006992283920932576,0.020125094646419834,0.00857759341976697,0.003951317412092543,0.02284406666220577,0.028745226302883602,-0.000945117113081538,-0.0001977447159720303,0.0,-0.0046571518044133285,0.006467173450114247,0.0,0.006908526249672587
2026-02-09,-0.028766339228465904,0.001499716398010221,-0.009434522119908093,-0.06816990507542411,0.14248385707284114,-0.015259262833447954,0.0012616493869080981,-0.0986347919596236,0.0,-0.10241702762478863,0.022036935416386537,-0.02686785190195223,0.002680081604452683,0.010831102472225457,-0.023202202702384378,0.0057722548127592775,0.12206855162515502,-0.022027782901745376,0.006539796436211246,0.0003860730168977736,0.0,-0.005871560033569444,0.06442075148553471,0.0,-0.0024471081213616477
2026-02-10,-0.02850700717266338,-9.120934327185974e-05,-0.009434522119908093,-0.06843230556684772,0.11548858266634385,-0.011482396847723111,0.0012616493869080981,-0.030147049636593266,0.0,-0.1886376922516713,-0.0010843639092763305,0.021357545015483256,0.003811083307148876,-0.01394865920984664,0.018952714343533548,0.004041394356088854,0.138440230160223,-0.024302987200418093,0.0007560678292870747,-0.00011358596839983575,0.0,-0.005845158325359383,0.07807059442289786,0.0,0.003935687391163795
2026-02-11,-0.027769179887072126,-9.120934327185974e-05,-0.009434522119908093,-0.0632012403730323,0.09989157763030365,-0.014589843400132994,0.0012616493869080981,-0.06185447248831249,0.0,-0.14272541401945757,0.02668999352426533,-0.028964837240991984,0.003963889155980575,-0.01394865920984664,0.018189534113838605,0.0032906719249715215,0.1385048292767674,0.10204717782039884,-0.014991180921410267,-0.0001977447159720303,0.0,-0.005166115224369033,0.13001813338787843,0.0,0.004009954651208853
2026-02-12,-0.02155558959691249,0.010345703478828605,-0.013157228915622179,0.3241922857211411,0.17094452496748053,-0.027349181615281094,0.0018010706516200688,0.2655872879026411,0.0,-0.013879206043290262,0.05546799951115179,0.011773170849253892,0.0017624234816452308,-0.0010763822175960539,0.010682243612445932,-0.04460456137758162,0.08011912860926844,0.02696012241692192,0.002699403310770886,-0.0001977447159720303,0.0,-0.006844225893782501,0.027960692962183738,0.0,0.016998250605394446
2026-02-13,0.003966379331448868,0.009310103286595936,-0.0022349731382335196,0.3778124715389869,0.16221045447268165,-0.0158228103654058,0.0018010706516200688,0.202434297509188,0.0,-0.1761361897417331,-0.015241196386925802,0.012549370524802997,0.002451363880226476,0.0016004526714665497,0.017422503497663635,-0.002681526755949337,0.08085543198143921,0.026009988107597352,-0.0014682025437011191,-0.0001977447159720303,0.0,-0.0026542222304953155,0.0676904931392281,0.0,0.011853147522978539
2026-02-17,0.008811859995340895,-0.009853063720460475,-0.004829648344488104,0.354539902739039,0.18364276244118863,-0.023590617242728082,0.0018010706516200688,0.28632543388929355,0.0,0.04298213890001069,-0.01643226975663546,0.033696270257850706,0.0016646121489586455,0.0010957735178293555,0.017267266763559917,0.0052558796351296865,0.07053327102480166,0.009753658987303477,0.012858917727686141,-0.0001977447159720303,0.0,-0.004722001615958269,0.02493345495360097,0.0,0.02119375435139447
2026-02-18,0.007754113373727353,-0.009853063720460475,-0.004152830796655327,0.34893782253585587,0.20591833747657484,-0.05590330299698839,0.0008054289582181014,0.2901452489973255,0.0,0.044353474512774854,0.07570984833790884,-0.016270355293481923,4.1384883106829494e-05,-0.0008643222150127276,0.020232317392310316,0.005728337070106859,0.015870050847738994,0.012703484930467569,-0.004952810522249194,-0.0001977447159720303,0.0,-0.00621705101212933,0.00656945674546317,0.0,0.017721330625441973
2026-02-19,0.0036342811831278207,-0.009853063720460475,-0.020421511966345125,0.46818382622874194,0.1699846579094444,-0.020443629418901002,0.0008054289582181014,0.29830396894394035,0.0,0.049346195322868366,-0.015755452208802683,-0.043548745043304984,7.24817727016474e-05,-0.0027371558307045935,0.018432269335536263,0.008855005817133641,0.04614202240512464,0.009061028169635174,-0.00015274560913971385,-0.00011358596839983575,0.0,-0.005042062019160769,-0.007277712730038202,0.0,0.015181082698572138
2026-02-20,0.003208044900401442,0.0005159375105644706,-0.006848135158879751,-0.103066430713146,0.16256903874079665,-0.014642985323130448,0.0015000555957612296,-0.14755755548191424,0.0,0.04939675784727266,0.018907428304031904,-0.09562804566216529,-0.0016280235141794253,-0.0017125973314171111,-0.009714707631299094,0.007659297904822565,0.023519413381501895,0.04662145563694942,0.002031449027950893,0.001029668414146992,0.0,-0.017439901566359876,-0.037113136178502856,0.0,0.015956065599415387
2026-02-23,0.00522591500050393,-0.010519919066113024,-0.022465431226271145,0.44702278727645917,0.1965819435527052,-0.025685422170292932,0.0008054289582181014,0.33671851584553564,0.0,0.04278784063017361,0.045605398955376,-0.02009951126134425,-0.00014143441950435046,0.00017221691432345302,0.011577105205178758,0.004285861373284757,0.04911322047248019,0.007543183812704437,-0.004971026425265586,-0.0001977447159720303,0.0,-0.005849828869905186,-0.008204983812707699,0.0,-0.033923602753357714
2026-02-24,0.003337559588375693,0.0005021723825395594,-0.010967200017474863,-0.13054443510222136,0.1828514196737415,-0.07870755429745471,0.0015000555957612296,0.19815341116589363,0.0,0.037259823573801705,0.06688550388428498,-0.009242796518004321,0.0048316754589979236,-0.002322314028431381,-0.006385815109165254,-0.00062060325239849,0.06536975510830435,0.014007896208878412,-0.006335643210631611,-0.0001977447159720303,0.0,-0.016776269466568256,-0.0033683063788579413,0.0,-0.03260048259505067
2026-02-25,-0.0026340088827699498,-0.005682803628371371,-0.00706805730671676,-0.0379832759939097,0.14225633997815165,-0.015372395820785307,0.0012616493869080981,-0.005239352405003102,0.0,-0.1077666406808086,0.02742992303352621,0.06456425616653057,0.007406653288512229,-0.009580292049876066,-0.007611166989680475,0.015710527545383393,0.11522128901294575,-0.006611298482303624,0.007996360941718404,0.0002217630811615843,0.0,-0.018729219004916142,-0.019679833327445925,0.0,-0.020067641739178303
2026-02-26,-0.0013432040225658981,-0.005682803628371371,-0.00706805730671676,-0.036488436850439385,0.11746933815078739,0.036526212208565445,0.005710082774957787,-0.06453822728553532,0.0,-0.05094518901840911,0.009064213445726828,0.09420254619122488,0.0065296455107025884,0.04048758076738031,-0.0062514734641613496,0.0029033290513710646,0.12156758449473455,0.05786065924803449,0.018273083064523105,-0.0001977447159720303,0.0,-0.015390137130161711,-0.018681467840233612,0.0,-0.01810841537590307
2026-02-27,0.007952726890875915,-0.010501359114142251,-0.0022255861242370567,0.24611958393328992,0.1658472652193052,-0.01074278552362114,0.0018010706516200688,0.15036315707566572,0.0,-0.09592049542430844,-0.040433651131536553,0.03230252296065026,0.0048053583669070065,0.0027853832319018716,0.00983745220398615,0.006326967702909835,0.058609065476197195,0.01989112950542546,0.003991860041273581,-0.0005273911389533369,0.0,-0.007839975146201012,-0.007845392146622204,0.0,0.015425597118386881
2026-03-02,0.007827852857986022,-0.010506153938088111,-0.00482026133049164,0.46281931761483386,0.1881424755937595,-0.02195259229635218,0.0008054289582181014,0.34829714405452533,0.0,0.04078813212860771,0.0361286205357508,-0.025156303113271175,0.004866544017506288,-0.00044462883350994105,0.009672574716733101,0.013068895962345143,0.05276358565995925,0.01034325931845323,-0.0007120046301193102,-0.0005273911389533369,0.0,-0.008898883130124791,-0.008361688335802466,0.0,0.030415533303336417
2026-03-03,0.0036709095681581186,-0.01098561689617164,-0.01292573703304772,0.4453767961118349,0.18139486255132345,-0.02195259229635218,0.0008054289582181014,0.37393376076802276,0.0,0.03521424481095346,0.03323655470530225,-0.08817627108482809,0.004866544017506288,0.00017221691432345302,0.018432269335536263,0.008185246824688675,0.05199779124347863,0.0071843233134522054,-0.0028623489969869798,-0.0001977447159720303,0.0,-0.006776658852300557,-0.00918284158166765,0.0,0.01733848486360947
2026-03-04,0.003468701808575237,-0.01098561689617164,-0.01292573703304772,0.4248538095853282,0.1840178482561783,-0.02195259229635218,0.0008054289582181014,0.3414673566870717,0.0,0.047876623187279026,0.045572906040996335,-0.08690647216108949,0.004866544017506288,-0.00044462883350994105,0.018432269335536263,0.008185246824688675,0.04803923092205004,0.007177437982029662,0.007696848691564753,-0.0001977447159720303,0.0,-0.007145040818427108,-0.010010706315898218,0.0,0.01733848486360947
2026-03-05,0.003468701808575237,-0.01098561689617164,-0.010311493630596658,0.48185923118123575,0.1799694525389328,-0.02195259229635218,0.0008054289582181014,0.37754428129181833,0.0,0.043442752316699806,0.03302005949779516,-0.08790385338702182,0.004420464919135008,0.00017221691432345302,0.007323610532330772,0.005549534317078131,0.043092982983956384,0.0071843233134522054,-0.0028623489969869798,-0.0001977447159720303,0.0,-0.007145040818427108,-0.00918284158166765,0.0,0.015851464271393372
2026-03-06,0.0031599677184169024,-0.015453275114625957,-0.010311493630596658,0.485388192453805,0.17033558387678133,-0.02195259229635218,0.0008054289582181014,0.36175228964297207,0.0,0.02619696567384059,0.030715113112220117,-0.08817627108482809,0.004420464919135008,0.00017221691432345302,0.007323610532330772,-0.06341932962215481,0.05742574288111706,0.007282395831644758,-0.002283563286688097,-0.0001977447159720303,0.0,-0.006776658852300557,-0.00918284158166765,0.0,0.01456590486236719
2026-03-09,-0.01917381097090742,-0.009853063720460475,-0.018696803966308368,0.4122630404935372,0.18977068606915087,-0.024942965600909386,0.0018010706516200688,0.3820557774903491,0.0,0.037237140457029166,0.03302005949779516,0.028923539013854364,0.004420464919135008,-0.0006095507634813519,0.007323610532330772,0.005549534317078131,0.05382766628167949,0.007282395831644758,0.0038758869753656743,-0.0001977447159720303,0.0,-0.006643094938208444,-0.011715718431084375,0.0,0.01799294450396625
2026-03-10,0.008848488380371193,-0.010534781320684427,-0.010369223395174293,0.4422370478869734,0.20225199151250375,-0.024942965600909386,0.0018010706516200688,0.37600474216864754,0.0,0.027006181124724426,0.03249987944569348,0.03175764428511559,-0.005088822321624675,-0.002482384379173218,-0.0014264433333230633,0.005456820473495256,0.054699401061591664,0.007343272388353624,0.012858917727686141,-0.0001977447159720303,0.0,-0.008765319216032677,-0.010887853696853807,0.0,0.020902888840940086
2026-03-11,0.008539754290212859,-0.014320721938914788,-0.010369223395174293,0.46842554983752577,0.1988501519375583,-0.024942965600909386,0.0018010706516200688,0.3609641143919546,0.0,0.01475417822810229,0.030194933060118445,0.02880101967096437,-0.005088822321624675,-0.00426739316636615,0.007323610532330772,-0.0630311629378601,0.05463480194504727,0.007327935441422016,-0.011406011437567332,-0.0001977447159720303,0.0,-0.006643094938208444,-0.010887853696853807,0.0,0.01713781680080114
2026-03-12,-0.019666755170979548,-0.009296839954406892,-0.010533598499174651,0.4868652246289756,0.1878967742724887,-0.028675795474850142,0.0008054289582181014,0.3788872742676615,0.0,0.03797152039303231,0.03249987944569348,-0.017309907500433184,-0.005088822321624675,0.00017221691432345302,0.007323610532330772,0.022769021557310164,0.05321690569467972,0.005122557476706592,-0.002283563286688097,-0.0001977447159720303,0.0,-0.006643094938208444,-0.011559013907989609,0.0,0.014660119804143905
2026-03-13,0.0037664628934358253,-0.010429393130118057,-0.018474699097730373,0.5074756207540849,0.17922663982028675,-0.025685422170292932,0.0008054289582181014,0.365868542681852,0.0,0.0375383341484651,0.03249987944569348,-0.08817627108482809,-0.005088822321624675,0.00017221691432345302,0.007323610532330772,0.022769021557310164,0.05653510840814501,0.005281506551608011,0.007278253175931256,-0.0001977447159720303,0.0,-0.006776658852300557,-0.009854001792803452,0.0,0.01472969409376578
